OrderID,OrderDate,Store,Category,SubCategory,Sales,Quantity,Discount,Profit,Month,Quarter,Year,MarginPct
105293,2024-01-01,Limerick,Clothing,Kidswear,17.46,2,0.0,7.55,2024-01,2024Q1,2024,0.4324
102695,2024-01-01,Dublin,Clothing,Accessories,186.65,3,0.15,23.95,2024-01,2024Q1,2024,0.1283
103525,2024-01-01,Cork,Clothing,Womenswear,54.72,2,0.15,9.54,2024-01,2024Q1,2024,0.1743
103545,2024-01-01,Limerick,Grocery,Snacks,39.4,1,0.05,10.61,2024-01,2024Q1,2024,0.2693
101502,2024-01-01,Galway,Homeware,Bedding,1080.6,4,0.05,409.0,2024-01,2024Q1,2024,0.3785
101915,2024-01-02,Dublin,Clothing,Footwear,97.27,2,0.15,14.35,2024-01,2024Q1,2024,0.1475
101575,2024-01-02,Dublin,Homeware,Storage,115.61,3,0.0,40.91,2024-01,2024Q1,2024,0.3539
105067,2024-01-02,Cork,Grocery,Beverages,10.4,1,0.0,3.64,2024-01,2024Q1,2024,0.35
104753,2024-01-02,Dublin,Homeware,Furniture,195.55,1,0.0,85.38,2024-01,2024Q1,2024,0.4366
101416,2024-01-02,Limerick,Electronics,TVs,1094.24,2,0.1,174.61,2024-01,2024Q1,2024,0.1596
100620,2024-01-02,Limerick,Electronics,Smart Home,583.4,1,0.1,200.37,2024-01,2024Q1,2024,0.3435
102257,2024-01-03,Cork,Clothing,Footwear,38.52,2,0.05,11.0,2024-01,2024Q1,2024,0.2856
100023,2024-01-03,Limerick,Grocery,Snacks,46.22,3,0.15,4.66,2024-01,2024Q1,2024,0.1008
103355,2024-01-03,Dublin,Grocery,Beverages,15.7,3,0.0,4.19,2024-01,2024Q1,2024,0.2669
101974,2024-01-03,Dublin,Grocery,Bakery,69.97,2,0.0,28.78,2024-01,2024Q1,2024,0.4113
102268,2024-01-03,Dublin,Electronics,TVs,821.74,4,0.2,203.36,2024-01,2024Q1,2024,0.2475
102999,2024-01-03,Cork,Homeware,Lighting,179.32,1,0.0,73.62,2024-01,2024Q1,2024,0.4106
104388,2024-01-03,Galway,Electronics,Laptops,133.41,1,0.0,51.42,2024-01,2024Q1,2024,0.3854
104044,2024-01-03,Dublin,Homeware,Bedding,192.74,4,0.0,67.46,2024-01,2024Q1,2024,0.35
100074,2024-01-03,Dublin,Clothing,Kidswear,13.41,1,0.15,3.26,2024-01,2024Q1,2024,0.2431
106195,2024-01-03,Cork,Homeware,Lighting,103.64,2,0.0,43.52,2024-01,2024Q1,2024,0.4199
104215,2024-01-04,Cork,Electronics,Mobile Accessories,266.4,1,0.0,102.23,2024-01,2024Q1,2024,0.3837
101832,2024-01-04,Dublin,Homeware,Kitchenware,608.81,2,0.0,212.29,2024-01,2024Q1,2024,0.3487
101936,2024-01-04,Cork,Clothing,Footwear,107.6,1,0.05,37.37,2024-01,2024Q1,2024,0.3473
105933,2024-01-04,Dublin,Electronics,Laptops,151.56,1,0.15,36.35,2024-01,2024Q1,2024,0.2398
104770,2024-01-04,Limerick,Clothing,Menswear,113.94,1,0.0,43.64,2024-01,2024Q1,2024,0.383
105211,2024-01-04,Limerick,Clothing,Kidswear,54.48,1,0.05,17.53,2024-01,2024Q1,2024,0.3218
104867,2024-01-04,Cork,Homeware,Storage,133.26,3,0.0,45.65,2024-01,2024Q1,2024,0.3426
104060,2024-01-04,Cork,Clothing,Menswear,31.11,1,0.0,13.36,2024-01,2024Q1,2024,0.4294
101399,2024-01-04,Galway,Clothing,Womenswear,83.64,4,0.0,33.83,2024-01,2024Q1,2024,0.4045
100196,2024-01-04,Cork,Homeware,Storage,896.88,4,0.0,239.78,2024-01,2024Q1,2024,0.2673
100888,2024-01-04,Galway,Clothing,Kidswear,157.64,2,0.0,70.57,2024-01,2024Q1,2024,0.4477
101390,2024-01-04,Dublin,Clothing,Accessories,28.03,1,0.0,9.9,2024-01,2024Q1,2024,0.3532
102720,2024-01-04,Dublin,Homeware,Bedding,696.87,3,0.15,80.49,2024-01,2024Q1,2024,0.1155
101168,2024-01-04,Dublin,Grocery,Fresh Produce,34.45,2,0.2,3.82,2024-01,2024Q1,2024,0.1109
105955,2024-01-04,Limerick,Grocery,Fresh Produce,56.35,4,0.0,23.5,2024-01,2024Q1,2024,0.417
106116,2024-01-04,Dublin,Homeware,Storage,126.21,1,0.05,33.73,2024-01,2024Q1,2024,0.2673
103002,2024-01-05,Dublin,Clothing,Womenswear,129.03,3,0.0,53.2,2024-01,2024Q1,2024,0.4123
105435,2024-01-05,Cork,Clothing,Kidswear,119.44,2,0.2,19.42,2024-01,2024Q1,2024,0.1626
102525,2024-01-05,Galway,Clothing,Womenswear,113.43,1,0.1,18.92,2024-01,2024Q1,2024,0.1668
104296,2024-01-06,Cork,Electronics,Mobile Accessories,490.81,2,0.0,186.55,2024-01,2024Q1,2024,0.3801
103531,2024-01-06,Cork,Electronics,Mobile Accessories,129.0,1,0.1,23.77,2024-01,2024Q1,2024,0.1843
104205,2024-01-06,Dublin,Electronics,Laptops,533.0,1,0.0,63.95,2024-01,2024Q1,2024,0.12
104207,2024-01-06,Dublin,Clothing,Accessories,405.31,3,0.2,24.54,2024-01,2024Q1,2024,0.0605
104644,2024-01-06,Cork,Clothing,Menswear,140.9,2,0.2,26.67,2024-01,2024Q1,2024,0.1893
100532,2024-01-06,Cork,Clothing,Womenswear,96.87,3,0.05,29.96,2024-01,2024Q1,2024,0.3093
101021,2024-01-06,Limerick,Electronics,Mobile Accessories,577.07,1,0.0,254.14,2024-01,2024Q1,2024,0.4404
100706,2024-01-06,Dublin,Clothing,Kidswear,405.31,3,0.0,171.67,2024-01,2024Q1,2024,0.4236
105411,2024-01-06,Dublin,Grocery,Dairy,48.46,2,0.0,14.68,2024-01,2024Q1,2024,0.3029
102408,2024-01-06,Dublin,Clothing,Footwear,34.1,1,0.15,9.86,2024-01,2024Q1,2024,0.2891
103366,2024-01-07,Cork,Clothing,Kidswear,21.83,1,0.05,8.4,2024-01,2024Q1,2024,0.3848
106040,2024-01-07,Dublin,Homeware,Lighting,156.03,2,0.05,37.55,2024-01,2024Q1,2024,0.2407
105783,2024-01-07,Cork,Clothing,Kidswear,184.28,2,0.0,58.98,2024-01,2024Q1,2024,0.3201
104171,2024-01-07,Dublin,Electronics,Smart Home,181.92,1,0.0,51.53,2024-01,2024Q1,2024,0.2833
103219,2024-01-07,Cork,Clothing,Kidswear,284.73,3,0.1,55.88,2024-01,2024Q1,2024,0.1963
106378,2024-01-07,Cork,Clothing,Menswear,43.89,1,0.2,10.71,2024-01,2024Q1,2024,0.244
100863,2024-01-08,Galway,Electronics,Headphones,627.68,4,0.0,235.3,2024-01,2024Q1,2024,0.3749
103279,2024-01-08,Dublin,Grocery,Beverages,31.92,1,0.2,1.82,2024-01,2024Q1,2024,0.057
102372,2024-01-08,Limerick,Grocery,Dairy,38.67,1,0.05,10.0,2024-01,2024Q1,2024,0.2586
104668,2024-01-08,Cork,Grocery,Fresh Produce,22.74,1,0.0,6.53,2024-01,2024Q1,2024,0.2872
104468,2024-01-08,Dublin,Homeware,Storage,325.2,1,0.0,125.91,2024-01,2024Q1,2024,0.3872
103169,2024-01-08,Cork,Grocery,Bakery,26.89,1,0.0,11.0,2024-01,2024Q1,2024,0.4091
102570,2024-01-08,Dublin,Grocery,Beverages,36.86,1,0.0,14.15,2024-01,2024Q1,2024,0.3839
104048,2024-01-08,Dublin,Electronics,Smart Home,463.08,4,0.1,134.75,2024-01,2024Q1,2024,0.291
104408,2024-01-08,Dublin,Grocery,Bakery,80.27,2,0.15,20.22,2024-01,2024Q1,2024,0.2519
105724,2024-01-09,Cork,Grocery,Dairy,20.0,2,0.0,6.1,2024-01,2024Q1,2024,0.305
102156,2024-01-09,Dublin,Homeware,Bedding,21.37,1,0.15,4.27,2024-01,2024Q1,2024,0.1998
100511,2024-01-09,Dublin,Grocery,Beverages,40.07,1,0.0,11.08,2024-01,2024Q1,2024,0.2765
104999,2024-01-09,Galway,Electronics,Smart Home,99.27,1,0.0,26.59,2024-01,2024Q1,2024,0.2679
103403,2024-01-09,Galway,Homeware,Kitchenware,162.28,2,0.05,46.84,2024-01,2024Q1,2024,0.2886
102526,2024-01-09,Cork,Homeware,Storage,1043.44,4,0.0,271.27,2024-01,2024Q1,2024,0.26
102189,2024-01-09,Galway,Homeware,Furniture,664.53,3,0.15,145.43,2024-01,2024Q1,2024,0.2188
103476,2024-01-09,Dublin,Electronics,Smart Home,721.29,1,0.2,129.09,2024-01,2024Q1,2024,0.179
104976,2024-01-09,Cork,Clothing,Womenswear,12.88,1,0.0,3.67,2024-01,2024Q1,2024,0.2849
104854,2024-01-09,Dublin,Electronics,Laptops,1224.13,2,0.0,547.55,2024-01,2024Q1,2024,0.4473
100814,2024-01-09,Galway,Grocery,Beverages,63.52,2,0.0,14.97,2024-01,2024Q1,2024,0.2357
102577,2024-01-09,Dublin,Homeware,Furniture,275.72,4,0.1,54.68,2024-01,2024Q1,2024,0.1983
105987,2024-01-10,Dublin,Electronics,Headphones,284.92,2,0.1,80.21,2024-01,2024Q1,2024,0.2815
106371,2024-01-10,Limerick,Electronics,TVs,1834.12,4,0.15,421.71,2024-01,2024Q1,2024,0.2299
105337,2024-01-10,Limerick,Grocery,Dairy,33.16,1,0.2,4.04,2024-01,2024Q1,2024,0.1218
106096,2024-01-10,Dublin,Homeware,Bedding,207.0,2,0.0,78.63,2024-01,2024Q1,2024,0.3799
102970,2024-01-10,Dublin,Electronics,Mobile Accessories,297.44,1,0.0,77.76,2024-01,2024Q1,2024,0.2614
104846,2024-01-10,Dublin,Grocery,Fresh Produce,12.03,2,0.0,3.22,2024-01,2024Q1,2024,0.2677
102522,2024-01-10,Limerick,Clothing,Accessories,249.24,4,0.0,111.94,2024-01,2024Q1,2024,0.4491
101905,2024-01-10,Dublin,Grocery,Beverages,21.01,1,0.1,3.43,2024-01,2024Q1,2024,0.1633
100470,2024-01-10,Galway,Grocery,Dairy,10.79,1,0.1,2.97,2024-01,2024Q1,2024,0.2753
101459,2024-01-10,Dublin,Electronics,Smart Home,528.06,3,0.1,178.5,2024-01,2024Q1,2024,0.338
101148,2024-01-10,Dublin,Clothing,Kidswear,305.77,3,0.0,105.64,2024-01,2024Q1,2024,0.3455
102061,2024-01-11,Galway,Homeware,Furniture,78.74,4,0.15,13.45,2024-01,2024Q1,2024,0.1708
104187,2024-01-11,Dublin,Electronics,Mobile Accessories,186.85,1,0.1,47.74,2024-01,2024Q1,2024,0.2555
104462,2024-01-11,Dublin,Homeware,Lighting,817.01,2,0.05,233.43,2024-01,2024Q1,2024,0.2857
103616,2024-01-11,Cork,Clothing,Menswear,193.9,2,0.2,28.57,2024-01,2024Q1,2024,0.1473
103734,2024-01-11,Limerick,Electronics,Laptops,783.26,1,0.05,281.47,2024-01,2024Q1,2024,0.3594
102817,2024-01-11,Cork,Grocery,Snacks,22.08,1,0.15,4.78,2024-01,2024Q1,2024,0.2165
103825,2024-01-11,Dublin,Grocery,Beverages,58.62,3,0.1,12.45,2024-01,2024Q1,2024,0.2124
105315,2024-01-11,Galway,Grocery,Bakery,37.04,1,0.1,12.08,2024-01,2024Q1,2024,0.3261
101020,2024-01-11,Dublin,Grocery,Snacks,12.19,1,0.0,3.72,2024-01,2024Q1,2024,0.3052
102371,2024-01-11,Galway,Electronics,Smart Home,225.69,1,0.1,64.58,2024-01,2024Q1,2024,0.2861
101013,2024-01-12,Galway,Homeware,Lighting,174.57,1,0.0,58.95,2024-01,2024Q1,2024,0.3377
106311,2024-01-12,Limerick,Electronics,TVs,1299.78,2,0.15,254.48,2024-01,2024Q1,2024,0.1958
104884,2024-01-12,Dublin,Homeware,Bedding,162.47,1,0.05,40.54,2024-01,2024Q1,2024,0.2495
100574,2024-01-12,Cork,Clothing,Accessories,180.38,2,0.0,46.52,2024-01,2024Q1,2024,0.2579
102237,2024-01-12,Galway,Grocery,Bakery,39.99,3,0.0,16.28,2024-01,2024Q1,2024,0.4071
102799,2024-01-12,Cork,Homeware,Kitchenware,288.61,1,0.0,95.34,2024-01,2024Q1,2024,0.3303
104961,2024-01-12,Dublin,Homeware,Furniture,849.15,3,0.0,377.51,2024-01,2024Q1,2024,0.4446
100409,2024-01-12,Cork,Homeware,Kitchenware,44.22,2,0.1,11.99,2024-01,2024Q1,2024,0.2711
101190,2024-01-12,Cork,Clothing,Footwear,94.39,1,0.05,32.87,2024-01,2024Q1,2024,0.3482
104112,2024-01-12,Limerick,Electronics,TVs,1611.24,4,0.2,91.12,2024-01,2024Q1,2024,0.0566
104551,2024-01-12,Dublin,Clothing,Menswear,564.85,4,0.0,253.38,2024-01,2024Q1,2024,0.4486
103965,2024-01-13,Dublin,Grocery,Fresh Produce,42.89,2,0.0,14.58,2024-01,2024Q1,2024,0.3399
104071,2024-01-13,Limerick,Electronics,Smart Home,719.42,2,0.2,81.37,2024-01,2024Q1,2024,0.1131
100838,2024-01-13,Dublin,Clothing,Womenswear,70.79,4,0.0,22.65,2024-01,2024Q1,2024,0.32
106468,2024-01-13,Dublin,Homeware,Kitchenware,513.87,4,0.05,105.92,2024-01,2024Q1,2024,0.2061
102249,2024-01-13,Dublin,Homeware,Furniture,186.66,1,0.1,29.96,2024-01,2024Q1,2024,0.1605
102063,2024-01-13,Dublin,Clothing,Footwear,98.65,1,0.0,25.96,2024-01,2024Q1,2024,0.2632
100489,2024-01-14,Limerick,Homeware,Lighting,1116.96,4,0.0,398.07,2024-01,2024Q1,2024,0.3564
105417,2024-01-15,Dublin,Grocery,Dairy,63.96,2,0.15,13.1,2024-01,2024Q1,2024,0.2048
103023,2024-01-15,Cork,Grocery,Snacks,28.18,2,0.05,6.9,2024-01,2024Q1,2024,0.2449
103768,2024-01-15,Cork,Homeware,Storage,367.92,4,0.0,142.49,2024-01,2024Q1,2024,0.3873
106092,2024-01-15,Dublin,Grocery,Dairy,176.69,4,0.0,73.72,2024-01,2024Q1,2024,0.4172
100360,2024-01-15,Limerick,Homeware,Kitchenware,618.78,3,0.15,154.84,2024-01,2024Q1,2024,0.2502
103581,2024-01-15,Galway,Homeware,Bedding,566.16,2,0.0,157.96,2024-01,2024Q1,2024,0.279
101638,2024-01-15,Galway,Electronics,Smart Home,1167.84,2,0.1,215.51,2024-01,2024Q1,2024,0.1845
105049,2024-01-15,Dublin,Clothing,Footwear,191.92,3,0.2,16.63,2024-01,2024Q1,2024,0.0867
103256,2024-01-15,Dublin,Homeware,Kitchenware,1015.54,3,0.15,126.36,2024-01,2024Q1,2024,0.1244
103626,2024-01-15,Dublin,Electronics,Headphones,1501.1,3,0.2,150.51,2024-01,2024Q1,2024,0.1003
103154,2024-01-15,Dublin,Clothing,Menswear,349.07,3,0.1,63.34,2024-01,2024Q1,2024,0.1815
102934,2024-01-16,Dublin,Grocery,Beverages,18.05,1,0.2,1.36,2024-01,2024Q1,2024,0.0753
105425,2024-01-16,Limerick,Grocery,Snacks,41.77,1,0.0,12.04,2024-01,2024Q1,2024,0.2882
104555,2024-01-16,Galway,Grocery,Bakery,27.5,2,0.05,7.15,2024-01,2024Q1,2024,0.26
104443,2024-01-16,Cork,Electronics,TVs,595.05,2,0.0,164.64,2024-01,2024Q1,2024,0.2767
101138,2024-01-16,Galway,Homeware,Kitchenware,893.6,4,0.05,322.72,2024-01,2024Q1,2024,0.3611
100522,2024-01-16,Limerick,Clothing,Womenswear,91.15,1,0.2,19.06,2024-01,2024Q1,2024,0.2091
101481,2024-01-17,Dublin,Homeware,Lighting,1200.19,4,0.2,120.2,2024-01,2024Q1,2024,0.1002
102436,2024-01-17,Limerick,Grocery,Snacks,32.9,1,0.0,8.42,2024-01,2024Q1,2024,0.2559
101661,2024-01-17,Cork,Clothing,Kidswear,100.38,1,0.0,41.27,2024-01,2024Q1,2024,0.4111
106013,2024-01-17,Limerick,Homeware,Bedding,66.0,1,0.05,13.3,2024-01,2024Q1,2024,0.2015
103459,2024-01-17,Limerick,Clothing,Womenswear,117.09,1,0.2,19.16,2024-01,2024Q1,2024,0.1636
100604,2024-01-17,Limerick,Electronics,Headphones,29.51,1,0.15,5.01,2024-01,2024Q1,2024,0.1698
103612,2024-01-17,Cork,Grocery,Dairy,35.48,4,0.15,7.61,2024-01,2024Q1,2024,0.2145
104855,2024-01-17,Dublin,Electronics,TVs,140.44,1,0.0,38.07,2024-01,2024Q1,2024,0.2711
104540,2024-01-18,Cork,Electronics,Mobile Accessories,783.37,3,0.05,251.05,2024-01,2024Q1,2024,0.3205
102342,2024-01-18,Cork,Grocery,Bakery,3.55,1,0.1,0.71,2024-01,2024Q1,2024,0.2
104921,2024-01-18,Galway,Homeware,Storage,427.38,2,0.0,187.4,2024-01,2024Q1,2024,0.4385
102698,2024-01-18,Dublin,Clothing,Womenswear,178.92,2,0.0,47.79,2024-01,2024Q1,2024,0.2671
105805,2024-01-18,Cork,Homeware,Furniture,78.8,2,0.0,31.35,2024-01,2024Q1,2024,0.3978
102717,2024-01-18,Dublin,Homeware,Bedding,232.99,1,0.2,23.76,2024-01,2024Q1,2024,0.102
103625,2024-01-19,Limerick,Homeware,Kitchenware,404.6,2,0.05,110.41,2024-01,2024Q1,2024,0.2729
105201,2024-01-19,Cork,Electronics,Laptops,681.41,4,0.0,238.89,2024-01,2024Q1,2024,0.3506
100832,2024-01-19,Cork,Homeware,Furniture,138.0,3,0.05,50.55,2024-01,2024Q1,2024,0.3663
105544,2024-01-19,Galway,Grocery,Dairy,32.64,4,0.0,11.16,2024-01,2024Q1,2024,0.3419
102834,2024-01-20,Dublin,Electronics,Laptops,407.58,1,0.0,127.59,2024-01,2024Q1,2024,0.313
106427,2024-01-20,Dublin,Electronics,Mobile Accessories,1462.27,2,0.0,564.09,2024-01,2024Q1,2024,0.3858
103152,2024-01-20,Dublin,Clothing,Kidswear,505.91,4,0.0,172.08,2024-01,2024Q1,2024,0.3401
100416,2024-01-20,Galway,Electronics,TVs,1547.24,4,0.1,475.7,2024-01,2024Q1,2024,0.3075
100128,2024-01-20,Cork,Electronics,Mobile Accessories,423.34,2,0.05,109.26,2024-01,2024Q1,2024,0.2581
102158,2024-01-20,Limerick,Electronics,Smart Home,1204.82,2,0.2,291.73,2024-01,2024Q1,2024,0.2421
103133,2024-01-20,Dublin,Grocery,Dairy,56.76,4,0.15,6.12,2024-01,2024Q1,2024,0.1078
105436,2024-01-20,Limerick,Electronics,Headphones,712.08,2,0.0,228.7,2024-01,2024Q1,2024,0.3212
104166,2024-01-21,Dublin,Electronics,Smart Home,1215.66,2,0.0,514.31,2024-01,2024Q1,2024,0.4231
104287,2024-01-21,Galway,Homeware,Lighting,163.22,1,0.15,29.03,2024-01,2024Q1,2024,0.1779
102591,2024-01-21,Galway,Homeware,Storage,183.34,1,0.05,46.03,2024-01,2024Q1,2024,0.2511
106317,2024-01-21,Cork,Clothing,Footwear,46.1,2,0.05,11.32,2024-01,2024Q1,2024,0.2456
100850,2024-01-21,Galway,Clothing,Menswear,92.99,1,0.1,22.56,2024-01,2024Q1,2024,0.2426
100891,2024-01-21,Dublin,Clothing,Menswear,152.08,2,0.1,31.52,2024-01,2024Q1,2024,0.2073
100057,2024-01-21,Cork,Homeware,Bedding,147.33,1,0.1,23.64,2024-01,2024Q1,2024,0.1605
104202,2024-01-21,Dublin,Grocery,Fresh Produce,58.14,2,0.2,3.7,2024-01,2024Q1,2024,0.0636
102754,2024-01-21,Galway,Clothing,Kidswear,211.94,2,0.0,91.59,2024-01,2024Q1,2024,0.4322
102866,2024-01-21,Limerick,Homeware,Furniture,326.13,3,0.2,37.23,2024-01,2024Q1,2024,0.1142
106474,2024-01-21,Cork,Electronics,Mobile Accessories,608.48,2,0.0,152.67,2024-01,2024Q1,2024,0.2509
102202,2024-01-21,Limerick,Clothing,Accessories,76.94,1,0.0,30.01,2024-01,2024Q1,2024,0.39
104077,2024-01-22,Dublin,Grocery,Fresh Produce,56.95,2,0.1,18.19,2024-01,2024Q1,2024,0.3194
105004,2024-01-22,Galway,Clothing,Footwear,51.66,1,0.15,6.56,2024-01,2024Q1,2024,0.127
102919,2024-01-22,Dublin,Clothing,Kidswear,263.28,2,0.05,73.75,2024-01,2024Q1,2024,0.2801
100803,2024-01-22,Galway,Homeware,Lighting,199.91,1,0.0,52.53,2024-01,2024Q1,2024,0.2628
105038,2024-01-22,Dublin,Homeware,Bedding,55.66,1,0.0,17.23,2024-01,2024Q1,2024,0.3096
100078,2024-01-22,Limerick,Grocery,Dairy,16.94,4,0.0,6.03,2024-01,2024Q1,2024,0.356
103464,2024-01-22,Dublin,Grocery,Snacks,40.43,3,0.0,15.71,2024-01,2024Q1,2024,0.3886
101133,2024-01-22,Galway,Electronics,Mobile Accessories,2380.56,4,0.2,331.9,2024-01,2024Q1,2024,0.1394
101036,2024-01-22,Dublin,Grocery,Fresh Produce,39.05,4,0.2,9.69,2024-01,2024Q1,2024,0.2481
104302,2024-01-22,Galway,Homeware,Bedding,161.32,2,0.2,30.75,2024-01,2024Q1,2024,0.1906
101305,2024-01-22,Limerick,Clothing,Footwear,108.86,2,0.1,33.92,2024-01,2024Q1,2024,0.3116
105891,2024-01-22,Dublin,Electronics,Headphones,1681.76,4,0.15,236.71,2024-01,2024Q1,2024,0.1408
105446,2024-01-23,Dublin,Clothing,Accessories,114.91,1,0.1,17.93,2024-01,2024Q1,2024,0.156
102756,2024-01-23,Galway,Grocery,Fresh Produce,54.64,2,0.15,10.17,2024-01,2024Q1,2024,0.1861
101799,2024-01-23,Limerick,Homeware,Lighting,1062.16,4,0.0,381.41,2024-01,2024Q1,2024,0.3591
100208,2024-01-23,Dublin,Electronics,Laptops,444.41,1,0.05,147.14,2024-01,2024Q1,2024,0.3311
102048,2024-01-23,Cork,Electronics,Smart Home,184.01,1,0.15,27.37,2024-01,2024Q1,2024,0.1487
101003,2024-01-23,Dublin,Clothing,Menswear,72.56,2,0.05,16.11,2024-01,2024Q1,2024,0.222
105864,2024-01-23,Limerick,Clothing,Accessories,137.64,2,0.0,36.37,2024-01,2024Q1,2024,0.2642
101465,2024-01-24,Cork,Grocery,Bakery,71.02,2,0.05,17.19,2024-01,2024Q1,2024,0.242
101461,2024-01-24,Cork,Grocery,Bakery,34.12,4,0.0,12.26,2024-01,2024Q1,2024,0.3593
104233,2024-01-24,Cork,Electronics,Smart Home,218.89,1,0.15,53.17,2024-01,2024Q1,2024,0.2429
101641,2024-01-24,Cork,Clothing,Footwear,84.24,1,0.05,25.64,2024-01,2024Q1,2024,0.3044
101213,2024-01-24,Galway,Clothing,Accessories,65.27,1,0.2,4.4,2024-01,2024Q1,2024,0.0674
102565,2024-01-24,Dublin,Grocery,Bakery,45.8,1,0.0,12.82,2024-01,2024Q1,2024,0.2799
106031,2024-01-24,Galway,Grocery,Fresh Produce,33.36,1,0.05,7.4,2024-01,2024Q1,2024,0.2218
106352,2024-01-24,Limerick,Grocery,Beverages,56.59,3,0.0,16.15,2024-01,2024Q1,2024,0.2854
105882,2024-01-24,Limerick,Electronics,Headphones,218.4,2,0.0,76.7,2024-01,2024Q1,2024,0.3512
103107,2024-01-24,Galway,Homeware,Furniture,286.28,1,0.1,79.13,2024-01,2024Q1,2024,0.2764
105372,2024-01-24,Dublin,Electronics,Mobile Accessories,242.81,1,0.0,88.56,2024-01,2024Q1,2024,0.3647
103286,2024-01-25,Galway,Homeware,Lighting,307.18,2,0.15,91.81,2024-01,2024Q1,2024,0.2989
103513,2024-01-25,Dublin,Homeware,Lighting,299.14,1,0.05,96.47,2024-01,2024Q1,2024,0.3225
101679,2024-01-25,Cork,Clothing,Footwear,66.09,1,0.15,13.8,2024-01,2024Q1,2024,0.2088
100619,2024-01-25,Limerick,Clothing,Womenswear,211.82,2,0.0,61.86,2024-01,2024Q1,2024,0.292
103013,2024-01-25,Limerick,Electronics,Mobile Accessories,448.88,1,0.0,196.98,2024-01,2024Q1,2024,0.4388
105867,2024-01-25,Cork,Clothing,Kidswear,248.85,3,0.2,20.78,2024-01,2024Q1,2024,0.0835
104211,2024-01-25,Dublin,Homeware,Storage,120.06,1,0.05,36.02,2024-01,2024Q1,2024,0.3
101243,2024-01-25,Dublin,Clothing,Kidswear,243.22,3,0.0,70.66,2024-01,2024Q1,2024,0.2905
104717,2024-01-25,Cork,Grocery,Bakery,22.0,1,0.0,6.29,2024-01,2024Q1,2024,0.2859
101468,2024-01-25,Galway,Homeware,Kitchenware,564.6,4,0.0,210.16,2024-01,2024Q1,2024,0.3722
103610,2024-01-25,Dublin,Clothing,Accessories,29.27,1,0.05,9.19,2024-01,2024Q1,2024,0.314
102933,2024-01-26,Dublin,Homeware,Furniture,523.32,2,0.0,193.56,2024-01,2024Q1,2024,0.3699
105942,2024-01-26,Cork,Homeware,Lighting,99.31,1,0.0,34.53,2024-01,2024Q1,2024,0.3477
105862,2024-01-26,Galway,Grocery,Snacks,23.43,1,0.2,5.66,2024-01,2024Q1,2024,0.2416
100253,2024-01-26,Cork,Grocery,Snacks,36.98,1,0.0,10.49,2024-01,2024Q1,2024,0.2837
102921,2024-01-26,Limerick,Clothing,Footwear,8.44,1,0.05,2.56,2024-01,2024Q1,2024,0.3033
102102,2024-01-26,Dublin,Electronics,Mobile Accessories,198.8,1,0.05,50.93,2024-01,2024Q1,2024,0.2562
105491,2024-01-26,Cork,Grocery,Bakery,115.83,3,0.2,27.2,2024-01,2024Q1,2024,0.2348
106094,2024-01-26,Galway,Clothing,Kidswear,59.14,2,0.15,11.07,2024-01,2024Q1,2024,0.1872
102431,2024-01-26,Dublin,Grocery,Bakery,41.35,1,0.0,14.23,2024-01,2024Q1,2024,0.3441
101734,2024-01-27,Dublin,Electronics,Smart Home,739.31,2,0.15,207.94,2024-01,2024Q1,2024,0.2813
104564,2024-01-27,Galway,Electronics,TVs,1010.5,2,0.0,453.33,2024-01,2024Q1,2024,0.4486
103821,2024-01-27,Cork,Grocery,Fresh Produce,25.84,2,0.15,6.48,2024-01,2024Q1,2024,0.2508
102149,2024-01-27,Galway,Homeware,Lighting,136.0,2,0.15,38.52,2024-01,2024Q1,2024,0.2832
104318,2024-01-27,Dublin,Clothing,Accessories,30.8,2,0.15,7.36,2024-01,2024Q1,2024,0.239
100121,2024-01-27,Cork,Grocery,Fresh Produce,26.58,3,0.2,5.0,2024-01,2024Q1,2024,0.1881
101304,2024-01-27,Cork,Homeware,Bedding,527.58,2,0.0,72.65,2024-01,2024Q1,2024,0.1377
106125,2024-01-27,Limerick,Electronics,Headphones,496.64,2,0.05,182.27,2024-01,2024Q1,2024,0.367
103204,2024-01-27,Dublin,Grocery,Snacks,21.46,2,0.0,9.2,2024-01,2024Q1,2024,0.4287
104671,2024-01-27,Galway,Electronics,Laptops,2186.6,4,0.1,567.79,2024-01,2024Q1,2024,0.2597
104951,2024-01-27,Cork,Electronics,Headphones,121.86,1,0.0,38.45,2024-01,2024Q1,2024,0.3155
104541,2024-01-28,Limerick,Electronics,Mobile Accessories,1840.59,3,0.1,564.89,2024-01,2024Q1,2024,0.3069
100728,2024-01-28,Dublin,Homeware,Bedding,470.51,3,0.2,43.29,2024-01,2024Q1,2024,0.092
100672,2024-01-28,Galway,Grocery,Snacks,5.7,1,0.0,2.1,2024-01,2024Q1,2024,0.3684
105422,2024-01-28,Dublin,Electronics,Headphones,1326.34,2,0.05,529.11,2024-01,2024Q1,2024,0.3989
104831,2024-01-28,Galway,Homeware,Kitchenware,331.9,2,0.05,105.95,2024-01,2024Q1,2024,0.3192
105498,2024-01-28,Cork,Homeware,Storage,42.68,1,0.15,7.49,2024-01,2024Q1,2024,0.1755
105076,2024-01-28,Galway,Grocery,Bakery,6.64,1,0.0,2.59,2024-01,2024Q1,2024,0.3901
100149,2024-01-29,Dublin,Electronics,Mobile Accessories,597.55,1,0.0,234.61,2024-01,2024Q1,2024,0.3926
103548,2024-01-29,Galway,Electronics,Smart Home,104.98,2,0.0,27.53,2024-01,2024Q1,2024,0.2622
105693,2024-01-29,Galway,Electronics,Laptops,740.31,3,0.0,324.5,2024-01,2024Q1,2024,0.4383
102686,2024-01-29,Limerick,Homeware,Lighting,245.8,2,0.1,62.66,2024-01,2024Q1,2024,0.2549
103823,2024-01-29,Galway,Electronics,TVs,103.29,1,0.05,31.23,2024-01,2024Q1,2024,0.3024
105058,2024-01-29,Dublin,Electronics,Mobile Accessories,393.42,2,0.0,117.49,2024-01,2024Q1,2024,0.2986
102896,2024-01-29,Dublin,Electronics,Mobile Accessories,189.32,1,0.1,54.63,2024-01,2024Q1,2024,0.2886
101329,2024-01-29,Dublin,Grocery,Snacks,21.04,2,0.0,6.0,2024-01,2024Q1,2024,0.2852
106140,2024-01-30,Dublin,Grocery,Dairy,75.0,3,0.15,9.99,2024-01,2024Q1,2024,0.1332
101130,2024-01-30,Dublin,Homeware,Lighting,127.1,4,0.0,50.54,2024-01,2024Q1,2024,0.3976
103491,2024-01-30,Limerick,Grocery,Bakery,19.73,1,0.0,5.42,2024-01,2024Q1,2024,0.2747
102944,2024-01-30,Dublin,Clothing,Kidswear,323.02,3,0.15,68.72,2024-01,2024Q1,2024,0.2127
106365,2024-01-30,Limerick,Electronics,Smart Home,592.02,1,0.0,172.15,2024-01,2024Q1,2024,0.2908
102553,2024-01-30,Galway,Electronics,Smart Home,1065.36,2,0.05,279.11,2024-01,2024Q1,2024,0.262
105941,2024-01-30,Limerick,Clothing,Accessories,121.5,2,0.05,25.72,2024-01,2024Q1,2024,0.2117
104382,2024-01-31,Galway,Clothing,Kidswear,66.96,2,0.05,16.71,2024-01,2024Q1,2024,0.2496
100002,2024-01-31,Dublin,Homeware,Storage,424.56,2,0.0,130.25,2024-01,2024Q1,2024,0.3068
101654,2024-01-31,Galway,Grocery,Snacks,32.96,2,0.0,10.31,2024-01,2024Q1,2024,0.3128
106138,2024-01-31,Dublin,Grocery,Beverages,27.48,2,0.15,7.95,2024-01,2024Q1,2024,0.2893
104957,2024-01-31,Limerick,Clothing,Menswear,219.44,2,0.1,64.71,2024-01,2024Q1,2024,0.2949
104168,2024-01-31,Dublin,Homeware,Furniture,81.21,1,0.15,23.07,2024-01,2024Q1,2024,0.2841
102224,2024-01-31,Dublin,Homeware,Kitchenware,236.47,1,0.0,82.76,2024-01,2024Q1,2024,0.35
101624,2024-01-31,Galway,Homeware,Lighting,228.18,1,0.0,72.21,2024-01,2024Q1,2024,0.3165
102310,2024-01-31,Dublin,Clothing,Kidswear,136.02,1,0.15,36.6,2024-01,2024Q1,2024,0.2691
106160,2024-02-01,Limerick,Homeware,Furniture,245.28,4,0.0,70.95,2024-02,2024Q1,2024,0.2893
102346,2024-02-01,Galway,Grocery,Dairy,32.64,2,0.2,6.33,2024-02,2024Q1,2024,0.1939
102651,2024-02-01,Dublin,Grocery,Bakery,150.51,4,0.0,67.51,2024-02,2024Q1,2024,0.4485
102046,2024-02-01,Dublin,Homeware,Kitchenware,199.13,2,0.05,71.35,2024-02,2024Q1,2024,0.3583
103115,2024-02-01,Galway,Clothing,Kidswear,430.52,4,0.05,146.97,2024-02,2024Q1,2024,0.3414
100113,2024-02-01,Dublin,Clothing,Footwear,64.1,1,0.05,16.51,2024-02,2024Q1,2024,0.2576
100545,2024-02-01,Dublin,Clothing,Accessories,235.4,2,0.1,64.05,2024-02,2024Q1,2024,0.2721
101048,2024-02-02,Cork,Grocery,Bakery,98.52,3,0.05,31.08,2024-02,2024Q1,2024,0.3155
105650,2024-02-02,Dublin,Grocery,Dairy,39.87,1,0.15,11.54,2024-02,2024Q1,2024,0.2894
102384,2024-02-02,Dublin,Homeware,Bedding,238.29,1,0.0,77.98,2024-02,2024Q1,2024,0.3272
102691,2024-02-02,Cork,Electronics,Headphones,103.2,1,0.2,5.17,2024-02,2024Q1,2024,0.0501
100488,2024-02-02,Cork,Clothing,Footwear,200.67,3,0.1,59.96,2024-02,2024Q1,2024,0.2988
105475,2024-02-02,Cork,Electronics,TVs,283.15,1,0.05,106.05,2024-02,2024Q1,2024,0.3745
101700,2024-02-02,Cork,Grocery,Dairy,30.88,1,0.0,8.18,2024-02,2024Q1,2024,0.2649
101721,2024-02-02,Dublin,Grocery,Snacks,20.42,1,0.0,5.25,2024-02,2024Q1,2024,0.2571
106397,2024-02-02,Limerick,Clothing,Accessories,66.13,1,0.15,8.59,2024-02,2024Q1,2024,0.1299
106319,2024-02-02,Dublin,Grocery,Beverages,77.11,3,0.15,12.59,2024-02,2024Q1,2024,0.1633
100232,2024-02-02,Dublin,Clothing,Footwear,80.39,1,0.15,23.97,2024-02,2024Q1,2024,0.2982
103867,2024-02-02,Limerick,Clothing,Womenswear,28.92,1,0.05,7.08,2024-02,2024Q1,2024,0.2448
104222,2024-02-02,Galway,Grocery,Fresh Produce,73.62,2,0.15,18.66,2024-02,2024Q1,2024,0.2535
104477,2024-02-02,Galway,Homeware,Storage,188.57,1,0.1,59.83,2024-02,2024Q1,2024,0.3173
102854,2024-02-03,Dublin,Homeware,Kitchenware,210.08,1,0.15,22.8,2024-02,2024Q1,2024,0.1085
104844,2024-02-03,Dublin,Clothing,Footwear,128.29,1,0.0,57.46,2024-02,2024Q1,2024,0.4479
102208,2024-02-03,Cork,Homeware,Lighting,164.75,1,0.15,35.34,2024-02,2024Q1,2024,0.2145
103120,2024-02-03,Dublin,Homeware,Lighting,96.66,1,0.1,27.81,2024-02,2024Q1,2024,0.2877
103163,2024-02-03,Limerick,Clothing,Kidswear,94.86,1,0.15,21.23,2024-02,2024Q1,2024,0.2238
104523,2024-02-03,Dublin,Homeware,Lighting,658.63,2,0.0,251.92,2024-02,2024Q1,2024,0.3825
101548,2024-02-03,Galway,Grocery,Bakery,17.71,1,0.0,6.2,2024-02,2024Q1,2024,0.3501
102890,2024-02-03,Dublin,Grocery,Snacks,67.11,4,0.0,26.98,2024-02,2024Q1,2024,0.402
102826,2024-02-03,Galway,Grocery,Beverages,88.72,4,0.1,25.08,2024-02,2024Q1,2024,0.2827
102223,2024-02-04,Cork,Electronics,TVs,636.48,4,0.0,208.67,2024-02,2024Q1,2024,0.3279
100528,2024-02-04,Dublin,Homeware,Kitchenware,125.75,3,0.05,34.35,2024-02,2024Q1,2024,0.2732
102171,2024-02-04,Dublin,Clothing,Accessories,148.3,2,0.2,20.46,2024-02,2024Q1,2024,0.138
101169,2024-02-04,Dublin,Electronics,Laptops,770.87,3,0.0,228.68,2024-02,2024Q1,2024,0.2967
104196,2024-02-04,Dublin,Homeware,Furniture,1053.63,4,0.0,461.32,2024-02,2024Q1,2024,0.4378
102689,2024-02-04,Galway,Grocery,Snacks,31.14,2,0.0,12.5,2024-02,2024Q1,2024,0.4014
103776,2024-02-04,Limerick,Electronics,Laptops,713.34,2,0.0,206.32,2024-02,2024Q1,2024,0.2892
101933,2024-02-04,Limerick,Homeware,Furniture,142.68,1,0.0,52.6,2024-02,2024Q1,2024,0.3687
103751,2024-02-04,Galway,Electronics,Mobile Accessories,1189.38,3,0.05,298.58,2024-02,2024Q1,2024,0.251
105180,2024-02-04,Dublin,Clothing,Menswear,106.77,4,0.0,32.2,2024-02,2024Q1,2024,0.3016
102700,2024-02-04,Dublin,Grocery,Bakery,13.71,1,0.0,2.6,2024-02,2024Q1,2024,0.1896
105713,2024-02-04,Cork,Grocery,Beverages,51.27,3,0.0,15.32,2024-02,2024Q1,2024,0.2988
101809,2024-02-04,Dublin,Clothing,Menswear,118.73,2,0.2,11.34,2024-02,2024Q1,2024,0.0955
103033,2024-02-05,Limerick,Electronics,Headphones,447.68,1,0.2,102.42,2024-02,2024Q1,2024,0.2288
106486,2024-02-05,Galway,Electronics,Smart Home,547.88,2,0.0,158.27,2024-02,2024Q1,2024,0.2889
105174,2024-02-05,Dublin,Homeware,Storage,963.72,3,0.0,271.1,2024-02,2024Q1,2024,0.2813
101889,2024-02-05,Dublin,Homeware,Lighting,219.09,1,0.15,58.97,2024-02,2024Q1,2024,0.2692
101791,2024-02-05,Dublin,Electronics,Smart Home,1258.24,2,0.0,565.33,2024-02,2024Q1,2024,0.4493
104111,2024-02-05,Cork,Clothing,Accessories,198.04,2,0.0,55.57,2024-02,2024Q1,2024,0.2806
100303,2024-02-05,Dublin,Grocery,Dairy,16.24,4,0.2,3.0,2024-02,2024Q1,2024,0.1847
101396,2024-02-05,Cork,Grocery,Dairy,30.75,1,0.1,10.42,2024-02,2024Q1,2024,0.3389
100356,2024-02-05,Limerick,Clothing,Accessories,41.42,1,0.2,3.28,2024-02,2024Q1,2024,0.0792
103888,2024-02-05,Galway,Clothing,Kidswear,251.96,4,0.0,56.35,2024-02,2024Q1,2024,0.2236
103233,2024-02-06,Dublin,Grocery,Bakery,66.98,4,0.0,27.62,2024-02,2024Q1,2024,0.4124
106152,2024-02-06,Dublin,Electronics,TVs,378.84,3,0.1,59.87,2024-02,2024Q1,2024,0.158
104312,2024-02-06,Cork,Clothing,Menswear,108.73,1,0.05,32.62,2024-02,2024Q1,2024,0.3
100293,2024-02-06,Dublin,Electronics,TVs,1817.98,3,0.15,306.98,2024-02,2024Q1,2024,0.1689
103478,2024-02-06,Cork,Clothing,Footwear,120.82,2,0.2,17.5,2024-02,2024Q1,2024,0.1448
104150,2024-02-06,Dublin,Electronics,Mobile Accessories,671.44,2,0.1,226.68,2024-02,2024Q1,2024,0.3376
105124,2024-02-06,Cork,Homeware,Furniture,447.5,2,0.0,158.65,2024-02,2024Q1,2024,0.3545
101649,2024-02-06,Galway,Clothing,Menswear,47.98,1,0.0,13.0,2024-02,2024Q1,2024,0.2709
101195,2024-02-06,Cork,Grocery,Fresh Produce,44.38,2,0.0,18.42,2024-02,2024Q1,2024,0.4151
102512,2024-02-06,Dublin,Electronics,Headphones,231.32,1,0.0,101.14,2024-02,2024Q1,2024,0.4372
103783,2024-02-07,Cork,Electronics,Smart Home,1087.5,4,0.1,378.61,2024-02,2024Q1,2024,0.3481
103672,2024-02-07,Dublin,Electronics,Smart Home,337.87,4,0.0,122.46,2024-02,2024Q1,2024,0.3624
100881,2024-02-07,Limerick,Clothing,Kidswear,354.75,3,0.2,77.39,2024-02,2024Q1,2024,0.2182
101414,2024-02-08,Cork,Clothing,Footwear,27.6,1,0.1,4.71,2024-02,2024Q1,2024,0.1707
103516,2024-02-08,Cork,Grocery,Beverages,24.33,1,0.2,1.48,2024-02,2024Q1,2024,0.0608
106008,2024-02-08,Dublin,Electronics,Laptops,637.46,1,0.0,132.11,2024-02,2024Q1,2024,0.2072
100105,2024-02-08,Dublin,Clothing,Menswear,43.45,2,0.0,16.18,2024-02,2024Q1,2024,0.3724
104119,2024-02-08,Dublin,Clothing,Kidswear,118.59,1,0.1,30.55,2024-02,2024Q1,2024,0.2576
104624,2024-02-08,Galway,Clothing,Menswear,90.77,1,0.05,22.53,2024-02,2024Q1,2024,0.2482
102314,2024-02-08,Cork,Grocery,Fresh Produce,14.06,2,0.0,6.27,2024-02,2024Q1,2024,0.4459
101592,2024-02-08,Dublin,Electronics,Mobile Accessories,200.4,1,0.0,51.31,2024-02,2024Q1,2024,0.256
104497,2024-02-08,Dublin,Grocery,Bakery,130.86,3,0.1,41.64,2024-02,2024Q1,2024,0.3182
100364,2024-02-08,Dublin,Grocery,Dairy,59.06,2,0.0,18.76,2024-02,2024Q1,2024,0.3176
104514,2024-02-08,Cork,Electronics,Mobile Accessories,259.01,4,0.15,65.52,2024-02,2024Q1,2024,0.253
104762,2024-02-09,Dublin,Electronics,Headphones,650.06,1,0.15,67.22,2024-02,2024Q1,2024,0.1034
106342,2024-02-09,Dublin,Electronics,TVs,775.72,2,0.0,206.62,2024-02,2024Q1,2024,0.2664
106496,2024-02-09,Limerick,Clothing,Footwear,81.1,2,0.2,4.53,2024-02,2024Q1,2024,0.0559
103363,2024-02-09,Dublin,Homeware,Storage,38.69,1,0.0,13.86,2024-02,2024Q1,2024,0.3582
101430,2024-02-09,Limerick,Electronics,Smart Home,182.6,1,0.0,73.21,2024-02,2024Q1,2024,0.4009
105699,2024-02-10,Dublin,Clothing,Accessories,139.66,3,0.0,45.14,2024-02,2024Q1,2024,0.3232
100525,2024-02-10,Cork,Electronics,Laptops,227.69,2,0.0,67.23,2024-02,2024Q1,2024,0.2953
104255,2024-02-10,Limerick,Homeware,Lighting,883.52,4,0.2,132.53,2024-02,2024Q1,2024,0.15
100401,2024-02-10,Galway,Grocery,Snacks,36.81,1,0.05,12.83,2024-02,2024Q1,2024,0.3485
104275,2024-02-10,Limerick,Electronics,Smart Home,467.37,3,0.15,62.37,2024-02,2024Q1,2024,0.1334
100034,2024-02-10,Limerick,Homeware,Bedding,203.41,1,0.2,28.08,2024-02,2024Q1,2024,0.138
105370,2024-02-10,Dublin,Grocery,Snacks,34.17,1,0.0,12.08,2024-02,2024Q1,2024,0.3535
101542,2024-02-10,Dublin,Electronics,Smart Home,424.05,2,0.05,169.5,2024-02,2024Q1,2024,0.3997
103877,2024-02-10,Galway,Electronics,Headphones,184.02,2,0.15,51.23,2024-02,2024Q1,2024,0.2784
102316,2024-02-10,Dublin,Clothing,Womenswear,338.58,3,0.0,109.41,2024-02,2024Q1,2024,0.3231
102773,2024-02-10,Galway,Clothing,Menswear,226.58,2,0.1,43.48,2024-02,2024Q1,2024,0.1919
105539,2024-02-11,Limerick,Homeware,Furniture,349.44,3,0.0,119.94,2024-02,2024Q1,2024,0.3432
104690,2024-02-11,Dublin,Clothing,Kidswear,91.85,1,0.15,11.49,2024-02,2024Q1,2024,0.1251
106050,2024-02-11,Dublin,Grocery,Dairy,24.36,2,0.2,4.31,2024-02,2024Q1,2024,0.1769
106345,2024-02-11,Dublin,Electronics,TVs,224.85,2,0.1,62.37,2024-02,2024Q1,2024,0.2774
103092,2024-02-11,Galway,Grocery,Snacks,18.52,1,0.0,7.78,2024-02,2024Q1,2024,0.4201
103619,2024-02-11,Dublin,Homeware,Bedding,843.51,2,0.0,287.73,2024-02,2024Q1,2024,0.3411
101565,2024-02-11,Galway,Clothing,Womenswear,476.28,4,0.0,169.2,2024-02,2024Q1,2024,0.3553
100896,2024-02-11,Limerick,Homeware,Bedding,258.47,1,0.1,71.9,2024-02,2024Q1,2024,0.2782
103261,2024-02-11,Galway,Grocery,Dairy,111.83,2,0.1,35.43,2024-02,2024Q1,2024,0.3168
106448,2024-02-11,Dublin,Clothing,Kidswear,32.5,3,0.15,7.38,2024-02,2024Q1,2024,0.2271
101776,2024-02-12,Dublin,Homeware,Kitchenware,561.75,4,0.0,216.27,2024-02,2024Q1,2024,0.385
100773,2024-02-12,Dublin,Clothing,Accessories,46.46,1,0.0,20.35,2024-02,2024Q1,2024,0.438
102877,2024-02-12,Dublin,Electronics,Mobile Accessories,1395.35,3,0.05,418.33,2024-02,2024Q1,2024,0.2998
105463,2024-02-12,Cork,Clothing,Kidswear,87.63,1,0.15,9.42,2024-02,2024Q1,2024,0.1075
101328,2024-02-12,Dublin,Electronics,Mobile Accessories,2009.83,3,0.1,485.26,2024-02,2024Q1,2024,0.2414
105607,2024-02-12,Limerick,Grocery,Beverages,14.46,3,0.0,5.73,2024-02,2024Q1,2024,0.3963
103602,2024-02-12,Galway,Homeware,Bedding,139.83,1,0.0,57.82,2024-02,2024Q1,2024,0.4135
105187,2024-02-12,Cork,Grocery,Snacks,74.13,3,0.0,33.17,2024-02,2024Q1,2024,0.4475
104710,2024-02-12,Cork,Grocery,Beverages,25.79,1,0.15,6.54,2024-02,2024Q1,2024,0.2536
104505,2024-02-12,Dublin,Electronics,Laptops,75.03,1,0.15,8.91,2024-02,2024Q1,2024,0.1188
105290,2024-02-12,Dublin,Grocery,Beverages,27.08,2,0.2,3.31,2024-02,2024Q1,2024,0.1222
102037,2024-02-13,Dublin,Electronics,Laptops,731.71,3,0.05,262.45,2024-02,2024Q1,2024,0.3587
106044,2024-02-13,Dublin,Clothing,Kidswear,253.71,2,0.0,68.26,2024-02,2024Q1,2024,0.269
104445,2024-02-13,Dublin,Clothing,Kidswear,66.94,1,0.0,23.77,2024-02,2024Q1,2024,0.3551
100420,2024-02-13,Galway,Grocery,Snacks,39.7,2,0.0,17.55,2024-02,2024Q1,2024,0.4421
103919,2024-02-13,Cork,Clothing,Footwear,56.97,3,0.2,8.55,2024-02,2024Q1,2024,0.1501
103431,2024-02-13,Dublin,Grocery,Beverages,42.69,2,0.1,6.74,2024-02,2024Q1,2024,0.1579
102042,2024-02-13,Galway,Homeware,Lighting,301.98,2,0.0,84.24,2024-02,2024Q1,2024,0.279
101136,2024-02-13,Dublin,Grocery,Fresh Produce,49.4,4,0.15,12.38,2024-02,2024Q1,2024,0.2506
100598,2024-02-13,Dublin,Homeware,Storage,493.11,3,0.2,37.06,2024-02,2024Q1,2024,0.0752
103719,2024-02-13,Galway,Electronics,Smart Home,258.27,3,0.0,115.57,2024-02,2024Q1,2024,0.4475
104577,2024-02-13,Galway,Homeware,Lighting,253.28,4,0.1,39.5,2024-02,2024Q1,2024,0.156
100685,2024-02-13,Limerick,Clothing,Menswear,14.2,1,0.0,4.68,2024-02,2024Q1,2024,0.3296
101589,2024-02-13,Dublin,Homeware,Furniture,374.6,3,0.0,146.56,2024-02,2024Q1,2024,0.3912
105457,2024-02-14,Dublin,Clothing,Womenswear,130.92,2,0.0,50.55,2024-02,2024Q1,2024,0.3861
104491,2024-02-14,Cork,Grocery,Dairy,21.4,4,0.15,5.06,2024-02,2024Q1,2024,0.2364
101162,2024-02-14,Limerick,Grocery,Beverages,61.82,2,0.2,15.08,2024-02,2024Q1,2024,0.2439
105572,2024-02-14,Dublin,Grocery,Snacks,32.53,1,0.15,3.39,2024-02,2024Q1,2024,0.1042
104712,2024-02-14,Dublin,Clothing,Kidswear,136.48,1,0.15,25.77,2024-02,2024Q1,2024,0.1888
103506,2024-02-14,Dublin,Clothing,Menswear,166.13,2,0.2,8.76,2024-02,2024Q1,2024,0.0527
106020,2024-02-14,Dublin,Homeware,Storage,304.53,1,0.0,99.61,2024-02,2024Q1,2024,0.3271
102993,2024-02-14,Cork,Homeware,Lighting,147.84,3,0.2,9.57,2024-02,2024Q1,2024,0.0647
100944,2024-02-14,Dublin,Electronics,Mobile Accessories,393.82,3,0.1,136.77,2024-02,2024Q1,2024,0.3473
102562,2024-02-14,Dublin,Homeware,Furniture,304.39,3,0.15,80.3,2024-02,2024Q1,2024,0.2638
102536,2024-02-14,Dublin,Homeware,Lighting,28.93,2,0.0,12.24,2024-02,2024Q1,2024,0.4231
101579,2024-02-15,Cork,Electronics,Mobile Accessories,636.48,2,0.0,205.37,2024-02,2024Q1,2024,0.3227
102768,2024-02-15,Dublin,Grocery,Fresh Produce,72.47,2,0.0,29.16,2024-02,2024Q1,2024,0.4024
102341,2024-02-15,Galway,Electronics,Mobile Accessories,1189.18,2,0.2,264.02,2024-02,2024Q1,2024,0.222
105100,2024-02-15,Limerick,Grocery,Fresh Produce,25.91,1,0.15,7.01,2024-02,2024Q1,2024,0.2706
105965,2024-02-15,Cork,Homeware,Kitchenware,231.77,1,0.05,91.29,2024-02,2024Q1,2024,0.3939
100550,2024-02-15,Galway,Electronics,Mobile Accessories,316.8,1,0.0,109.58,2024-02,2024Q1,2024,0.3459
100795,2024-02-15,Dublin,Grocery,Dairy,64.03,3,0.2,11.43,2024-02,2024Q1,2024,0.1785
101102,2024-02-15,Dublin,Homeware,Storage,40.04,2,0.0,11.55,2024-02,2024Q1,2024,0.2885
103624,2024-02-16,Dublin,Electronics,TVs,912.52,2,0.05,330.83,2024-02,2024Q1,2024,0.3625
105615,2024-02-16,Limerick,Grocery,Fresh Produce,21.5,2,0.0,6.22,2024-02,2024Q1,2024,0.2893
105309,2024-02-16,Galway,Homeware,Furniture,223.43,1,0.0,90.52,2024-02,2024Q1,2024,0.4051
103043,2024-02-16,Galway,Clothing,Kidswear,37.74,1,0.1,8.55,2024-02,2024Q1,2024,0.2266
101805,2024-02-16,Dublin,Homeware,Kitchenware,293.28,1,0.0,102.65,2024-02,2024Q1,2024,0.35
101788,2024-02-16,Limerick,Clothing,Footwear,43.26,2,0.0,12.39,2024-02,2024Q1,2024,0.2864
101556,2024-02-16,Limerick,Grocery,Snacks,74.02,2,0.0,25.91,2024-02,2024Q1,2024,0.35
100234,2024-02-17,Limerick,Grocery,Dairy,28.09,1,0.0,7.42,2024-02,2024Q1,2024,0.2642
101544,2024-02-17,Galway,Clothing,Womenswear,116.1,1,0.0,38.9,2024-02,2024Q1,2024,0.3351
104183,2024-02-17,Dublin,Grocery,Fresh Produce,41.73,1,0.15,11.37,2024-02,2024Q1,2024,0.2725
105839,2024-02-17,Limerick,Electronics,Laptops,169.84,1,0.2,27.26,2024-02,2024Q1,2024,0.1605
101610,2024-02-17,Dublin,Grocery,Dairy,33.94,1,0.0,11.88,2024-02,2024Q1,2024,0.35
100295,2024-02-17,Limerick,Electronics,Smart Home,2265.08,4,0.2,339.76,2024-02,2024Q1,2024,0.15
105796,2024-02-18,Dublin,Clothing,Womenswear,80.43,1,0.2,6.54,2024-02,2024Q1,2024,0.0813
100217,2024-02-18,Limerick,Clothing,Accessories,87.4,2,0.05,32.35,2024-02,2024Q1,2024,0.3701
105530,2024-02-18,Dublin,Homeware,Bedding,145.44,1,0.0,47.3,2024-02,2024Q1,2024,0.3252
102682,2024-02-18,Cork,Homeware,Kitchenware,266.91,1,0.0,73.86,2024-02,2024Q1,2024,0.2767
105811,2024-02-18,Cork,Homeware,Kitchenware,230.56,1,0.15,51.15,2024-02,2024Q1,2024,0.2219
105196,2024-02-18,Galway,Clothing,Menswear,73.45,1,0.0,23.85,2024-02,2024Q1,2024,0.3247
102733,2024-02-18,Limerick,Homeware,Furniture,275.48,2,0.0,91.54,2024-02,2024Q1,2024,0.3323
101417,2024-02-18,Dublin,Electronics,TVs,1170.98,4,0.05,340.85,2024-02,2024Q1,2024,0.2911
101611,2024-02-18,Cork,Electronics,Mobile Accessories,111.98,1,0.0,34.39,2024-02,2024Q1,2024,0.3071
106408,2024-02-18,Dublin,Electronics,Laptops,686.06,1,0.0,240.67,2024-02,2024Q1,2024,0.3508
104198,2024-02-18,Galway,Clothing,Womenswear,59.26,1,0.0,15.68,2024-02,2024Q1,2024,0.2646
100722,2024-02-18,Cork,Electronics,TVs,101.5,2,0.05,38.68,2024-02,2024Q1,2024,0.3811
102912,2024-02-18,Galway,Clothing,Footwear,57.63,3,0.2,8.61,2024-02,2024Q1,2024,0.1494
101518,2024-02-18,Limerick,Grocery,Dairy,79.08,2,0.05,31.37,2024-02,2024Q1,2024,0.3967
100737,2024-02-18,Limerick,Grocery,Beverages,18.68,1,0.0,5.31,2024-02,2024Q1,2024,0.2843
106000,2024-02-18,Dublin,Clothing,Womenswear,39.88,2,0.0,14.15,2024-02,2024Q1,2024,0.3548
104045,2024-02-19,Dublin,Clothing,Menswear,41.74,2,0.15,8.35,2024-02,2024Q1,2024,0.2
103218,2024-02-19,Limerick,Grocery,Fresh Produce,18.07,1,0.0,7.62,2024-02,2024Q1,2024,0.4217
104698,2024-02-19,Dublin,Grocery,Snacks,67.32,2,0.15,18.29,2024-02,2024Q1,2024,0.2717
102751,2024-02-19,Cork,Homeware,Lighting,1113.2,4,0.2,211.75,2024-02,2024Q1,2024,0.1902
103340,2024-02-19,Dublin,Homeware,Bedding,494.98,2,0.05,173.94,2024-02,2024Q1,2024,0.3514
105236,2024-02-19,Dublin,Homeware,Furniture,327.24,4,0.0,136.5,2024-02,2024Q1,2024,0.4171
102464,2024-02-19,Dublin,Clothing,Footwear,80.39,2,0.2,15.7,2024-02,2024Q1,2024,0.1953
100124,2024-02-20,Galway,Grocery,Snacks,54.3,2,0.1,14.2,2024-02,2024Q1,2024,0.2615
102506,2024-02-20,Limerick,Grocery,Dairy,44.27,1,0.05,10.47,2024-02,2024Q1,2024,0.2365
105912,2024-02-20,Dublin,Grocery,Beverages,86.99,2,0.0,30.85,2024-02,2024Q1,2024,0.3546
104731,2024-02-20,Limerick,Grocery,Snacks,3.94,1,0.0,1.38,2024-02,2024Q1,2024,0.3503
102251,2024-02-20,Cork,Clothing,Footwear,48.88,2,0.15,7.36,2024-02,2024Q1,2024,0.1506
106224,2024-02-20,Galway,Grocery,Dairy,109.26,3,0.1,30.37,2024-02,2024Q1,2024,0.278
103360,2024-02-20,Cork,Grocery,Bakery,146.68,4,0.0,45.19,2024-02,2024Q1,2024,0.3081
101259,2024-02-20,Cork,Clothing,Womenswear,62.06,2,0.1,11.61,2024-02,2024Q1,2024,0.1871
105132,2024-02-20,Limerick,Homeware,Furniture,37.2,1,0.2,8.05,2024-02,2024Q1,2024,0.2164
101855,2024-02-21,Dublin,Homeware,Bedding,295.77,1,0.15,62.77,2024-02,2024Q1,2024,0.2122
102245,2024-02-21,Limerick,Homeware,Storage,162.09,1,0.0,56.73,2024-02,2024Q1,2024,0.35
102079,2024-02-21,Dublin,Homeware,Lighting,642.74,3,0.15,176.39,2024-02,2024Q1,2024,0.2744
103929,2024-02-21,Dublin,Grocery,Bakery,76.82,4,0.1,21.18,2024-02,2024Q1,2024,0.2757
102535,2024-02-21,Galway,Grocery,Snacks,63.94,2,0.0,27.72,2024-02,2024Q1,2024,0.4335
104091,2024-02-21,Dublin,Clothing,Kidswear,133.54,4,0.15,38.88,2024-02,2024Q1,2024,0.2911
105036,2024-02-22,Dublin,Clothing,Menswear,17.31,1,0.0,6.51,2024-02,2024Q1,2024,0.3761
103283,2024-02-22,Dublin,Homeware,Bedding,699.66,4,0.05,187.81,2024-02,2024Q1,2024,0.2684
105515,2024-02-22,Limerick,Electronics,TVs,404.25,3,0.05,109.85,2024-02,2024Q1,2024,0.2717
103785,2024-02-22,Dublin,Grocery,Beverages,56.3,3,0.0,15.72,2024-02,2024Q1,2024,0.2792
103903,2024-02-22,Galway,Electronics,Headphones,438.67,1,0.0,197.27,2024-02,2024Q1,2024,0.4497
101232,2024-02-22,Dublin,Electronics,Laptops,745.06,2,0.0,264.34,2024-02,2024Q1,2024,0.3548
106200,2024-02-22,Dublin,Clothing,Footwear,28.38,1,0.0,10.24,2024-02,2024Q1,2024,0.3608
100082,2024-02-22,Dublin,Homeware,Furniture,472.82,3,0.05,177.65,2024-02,2024Q1,2024,0.3757
100622,2024-02-22,Dublin,Grocery,Snacks,29.36,1,0.0,12.18,2024-02,2024Q1,2024,0.4149
105721,2024-02-22,Limerick,Grocery,Snacks,19.56,2,0.2,2.45,2024-02,2024Q1,2024,0.1253
100479,2024-02-23,Limerick,Homeware,Kitchenware,156.86,2,0.0,70.11,2024-02,2024Q1,2024,0.447
100705,2024-02-23,Dublin,Homeware,Lighting,628.8,2,0.15,67.0,2024-02,2024Q1,2024,0.1066
102729,2024-02-23,Dublin,Homeware,Bedding,292.76,1,0.0,73.64,2024-02,2024Q1,2024,0.2515
105935,2024-02-23,Dublin,Homeware,Storage,282.45,1,0.0,84.5,2024-02,2024Q1,2024,0.2992
106046,2024-02-23,Dublin,Clothing,Kidswear,204.15,2,0.05,55.25,2024-02,2024Q1,2024,0.2706
104164,2024-02-23,Dublin,Clothing,Footwear,400.02,4,0.2,86.77,2024-02,2024Q1,2024,0.2169
104939,2024-02-23,Dublin,Clothing,Kidswear,120.52,1,0.0,45.22,2024-02,2024Q1,2024,0.3752
101400,2024-02-23,Cork,Homeware,Lighting,22.29,1,0.2,4.54,2024-02,2024Q1,2024,0.2037
100056,2024-02-23,Limerick,Grocery,Bakery,128.21,4,0.15,37.43,2024-02,2024Q1,2024,0.2919
104289,2024-02-24,Limerick,Clothing,Womenswear,56.1,3,0.0,21.53,2024-02,2024Q1,2024,0.3838
104399,2024-02-24,Dublin,Grocery,Fresh Produce,13.73,2,0.15,2.82,2024-02,2024Q1,2024,0.2054
100806,2024-02-24,Cork,Grocery,Bakery,68.72,2,0.05,24.61,2024-02,2024Q1,2024,0.3581
105822,2024-02-24,Dublin,Homeware,Storage,393.71,3,0.05,110.34,2024-02,2024Q1,2024,0.2803
101769,2024-02-24,Dublin,Grocery,Bakery,68.88,2,0.0,27.86,2024-02,2024Q1,2024,0.4045
105389,2024-02-24,Galway,Electronics,Smart Home,135.2,4,0.15,31.1,2024-02,2024Q1,2024,0.23
102274,2024-02-24,Galway,Clothing,Footwear,38.31,3,0.1,9.13,2024-02,2024Q1,2024,0.2383
104159,2024-02-24,Galway,Electronics,Laptops,1142.76,2,0.2,254.46,2024-02,2024Q1,2024,0.2227
102399,2024-02-24,Dublin,Electronics,Laptops,2598.22,4,0.1,568.21,2024-02,2024Q1,2024,0.2187
103380,2024-02-24,Dublin,Grocery,Fresh Produce,20.02,1,0.0,7.2,2024-02,2024Q1,2024,0.3596
103295,2024-02-24,Limerick,Electronics,Laptops,835.36,2,0.0,295.23,2024-02,2024Q1,2024,0.3534
105757,2024-02-24,Galway,Homeware,Furniture,43.8,2,0.2,7.37,2024-02,2024Q1,2024,0.1683
101046,2024-02-24,Cork,Electronics,Smart Home,539.35,4,0.0,237.32,2024-02,2024Q1,2024,0.44
101691,2024-02-25,Cork,Homeware,Kitchenware,266.18,1,0.2,37.04,2024-02,2024Q1,2024,0.1392
103700,2024-02-25,Galway,Electronics,TVs,598.77,1,0.0,213.02,2024-02,2024Q1,2024,0.3558
100411,2024-02-25,Limerick,Clothing,Accessories,48.57,3,0.0,19.42,2024-02,2024Q1,2024,0.3998
105406,2024-02-25,Galway,Homeware,Bedding,167.82,3,0.05,66.24,2024-02,2024Q1,2024,0.3947
104868,2024-02-25,Galway,Homeware,Lighting,534.87,3,0.2,79.31,2024-02,2024Q1,2024,0.1483
100580,2024-02-25,Cork,Electronics,Headphones,142.73,2,0.05,48.49,2024-02,2024Q1,2024,0.3397
105700,2024-02-25,Limerick,Electronics,Headphones,547.29,1,0.2,117.71,2024-02,2024Q1,2024,0.2151
102762,2024-02-25,Cork,Homeware,Furniture,260.89,1,0.0,98.62,2024-02,2024Q1,2024,0.378
105183,2024-02-25,Dublin,Electronics,Mobile Accessories,291.78,1,0.1,89.34,2024-02,2024Q1,2024,0.3062
105400,2024-02-25,Galway,Homeware,Lighting,283.17,3,0.0,98.99,2024-02,2024Q1,2024,0.3496
100789,2024-02-25,Galway,Homeware,Kitchenware,469.94,2,0.05,116.16,2024-02,2024Q1,2024,0.2472
105029,2024-02-26,Dublin,Homeware,Kitchenware,199.17,1,0.05,76.63,2024-02,2024Q1,2024,0.3847
101605,2024-02-26,Cork,Homeware,Furniture,246.54,2,0.0,70.6,2024-02,2024Q1,2024,0.2864
103017,2024-02-26,Limerick,Homeware,Bedding,474.48,3,0.05,147.61,2024-02,2024Q1,2024,0.3111
103477,2024-02-26,Galway,Grocery,Beverages,27.93,1,0.15,6.5,2024-02,2024Q1,2024,0.2327
103131,2024-02-26,Limerick,Grocery,Snacks,13.54,4,0.1,4.21,2024-02,2024Q1,2024,0.3109
102821,2024-02-26,Limerick,Homeware,Furniture,91.46,2,0.1,24.34,2024-02,2024Q1,2024,0.2661
105222,2024-02-26,Dublin,Homeware,Furniture,99.06,1,0.0,42.87,2024-02,2024Q1,2024,0.4328
105306,2024-02-26,Galway,Homeware,Furniture,446.84,2,0.15,59.26,2024-02,2024Q1,2024,0.1326
106002,2024-02-26,Dublin,Grocery,Bakery,10.38,3,0.0,3.76,2024-02,2024Q1,2024,0.3622
104981,2024-02-26,Dublin,Grocery,Beverages,136.9,3,0.0,49.35,2024-02,2024Q1,2024,0.3605
101054,2024-02-26,Dublin,Electronics,Mobile Accessories,1823.72,4,0.0,614.43,2024-02,2024Q1,2024,0.3369
105906,2024-02-27,Galway,Grocery,Dairy,28.52,4,0.15,4.87,2024-02,2024Q1,2024,0.1708
103038,2024-02-27,Dublin,Clothing,Kidswear,95.04,4,0.15,24.5,2024-02,2024Q1,2024,0.2578
106456,2024-02-27,Dublin,Clothing,Accessories,261.35,2,0.05,64.16,2024-02,2024Q1,2024,0.2455
104257,2024-02-27,Cork,Homeware,Bedding,83.22,2,0.0,23.78,2024-02,2024Q1,2024,0.2857
100008,2024-02-27,Dublin,Electronics,Mobile Accessories,317.09,1,0.0,84.78,2024-02,2024Q1,2024,0.2674
105871,2024-02-27,Dublin,Electronics,Laptops,675.92,1,0.15,112.87,2024-02,2024Q1,2024,0.167
102008,2024-02-27,Dublin,Homeware,Lighting,54.1,1,0.0,14.28,2024-02,2024Q1,2024,0.264
103910,2024-02-27,Limerick,Homeware,Storage,61.52,1,0.0,26.07,2024-02,2024Q1,2024,0.4238
105099,2024-02-27,Cork,Electronics,Laptops,1192.53,4,0.0,531.1,2024-02,2024Q1,2024,0.4454
106462,2024-02-27,Dublin,Electronics,Smart Home,1355.85,2,0.15,272.58,2024-02,2024Q1,2024,0.201
103316,2024-02-27,Limerick,Grocery,Beverages,79.81,3,0.05,28.45,2024-02,2024Q1,2024,0.3565
100957,2024-02-27,Galway,Electronics,Laptops,260.91,1,0.15,27.92,2024-02,2024Q1,2024,0.107
101343,2024-02-28,Dublin,Electronics,Smart Home,401.1,1,0.1,82.59,2024-02,2024Q1,2024,0.2059
104360,2024-02-28,Dublin,Homeware,Kitchenware,111.66,2,0.1,36.55,2024-02,2024Q1,2024,0.3273
103094,2024-02-28,Dublin,Grocery,Bakery,9.83,1,0.2,2.13,2024-02,2024Q1,2024,0.2167
104574,2024-02-28,Limerick,Grocery,Fresh Produce,43.9,2,0.0,14.25,2024-02,2024Q1,2024,0.3246
100162,2024-02-28,Dublin,Clothing,Kidswear,225.87,3,0.15,60.53,2024-02,2024Q1,2024,0.268
100938,2024-02-28,Cork,Electronics,Mobile Accessories,89.13,1,0.0,35.55,2024-02,2024Q1,2024,0.3989
100977,2024-02-28,Galway,Homeware,Storage,49.2,4,0.0,19.28,2024-02,2024Q1,2024,0.3919
102545,2024-02-29,Dublin,Electronics,TVs,265.7,4,0.1,61.71,2024-02,2024Q1,2024,0.2323
103629,2024-02-29,Limerick,Clothing,Menswear,22.94,1,0.1,3.59,2024-02,2024Q1,2024,0.1565
103190,2024-02-29,Galway,Electronics,TVs,148.64,1,0.05,50.76,2024-02,2024Q1,2024,0.3415
101600,2024-02-29,Dublin,Electronics,Headphones,1964.02,3,0.2,265.13,2024-02,2024Q1,2024,0.135
103575,2024-02-29,Galway,Grocery,Bakery,33.79,1,0.1,5.37,2024-02,2024Q1,2024,0.1589
102355,2024-02-29,Cork,Grocery,Beverages,42.76,2,0.2,4.6,2024-02,2024Q1,2024,0.1076
101967,2024-02-29,Dublin,Grocery,Bakery,116.64,3,0.0,51.49,2024-02,2024Q1,2024,0.4414
101937,2024-02-29,Dublin,Grocery,Fresh Produce,37.77,4,0.1,8.62,2024-02,2024Q1,2024,0.2282
101944,2024-02-29,Cork,Clothing,Kidswear,163.96,2,0.05,41.66,2024-02,2024Q1,2024,0.2541
106324,2024-03-01,Cork,Grocery,Bakery,17.09,1,0.15,3.42,2024-03,2024Q1,2024,0.2001
102059,2024-03-01,Cork,Grocery,Fresh Produce,38.28,1,0.0,11.48,2024-03,2024Q1,2024,0.2999
105106,2024-03-01,Dublin,Electronics,Smart Home,1116.97,2,0.05,280.48,2024-03,2024Q1,2024,0.2511
103659,2024-03-01,Dublin,Homeware,Kitchenware,409.1,3,0.0,163.2,2024-03,2024Q1,2024,0.3989
104263,2024-03-01,Dublin,Electronics,Mobile Accessories,662.4,1,0.2,37.83,2024-03,2024Q1,2024,0.0571
102077,2024-03-01,Limerick,Grocery,Beverages,23.21,1,0.1,4.65,2024-03,2024Q1,2024,0.2003
104973,2024-03-01,Galway,Clothing,Accessories,81.3,3,0.2,9.93,2024-03,2024Q1,2024,0.1221
104004,2024-03-02,Cork,Clothing,Menswear,60.22,1,0.15,15.41,2024-03,2024Q1,2024,0.2559
102212,2024-03-02,Dublin,Clothing,Womenswear,83.5,1,0.0,24.6,2024-03,2024Q1,2024,0.2946
103853,2024-03-02,Galway,Grocery,Bakery,117.03,3,0.15,31.76,2024-03,2024Q1,2024,0.2714
101218,2024-03-02,Dublin,Clothing,Menswear,168.02,3,0.1,37.66,2024-03,2024Q1,2024,0.2241
100285,2024-03-02,Limerick,Clothing,Accessories,120.27,3,0.1,23.64,2024-03,2024Q1,2024,0.1966
104815,2024-03-02,Dublin,Clothing,Kidswear,217.74,2,0.0,90.58,2024-03,2024Q1,2024,0.416
103313,2024-03-02,Galway,Clothing,Womenswear,111.53,1,0.0,46.93,2024-03,2024Q1,2024,0.4208
102142,2024-03-03,Dublin,Clothing,Kidswear,48.73,1,0.1,16.9,2024-03,2024Q1,2024,0.3468
101564,2024-03-03,Galway,Homeware,Storage,49.01,1,0.15,5.76,2024-03,2024Q1,2024,0.1175
100790,2024-03-03,Limerick,Clothing,Kidswear,323.07,3,0.0,94.81,2024-03,2024Q1,2024,0.2935
105160,2024-03-03,Dublin,Grocery,Beverages,101.06,4,0.15,19.64,2024-03,2024Q1,2024,0.1943
105980,2024-03-03,Dublin,Clothing,Accessories,26.81,1,0.1,7.73,2024-03,2024Q1,2024,0.2883
102863,2024-03-03,Galway,Clothing,Kidswear,98.88,1,0.1,30.17,2024-03,2024Q1,2024,0.3051
104104,2024-03-03,Cork,Clothing,Womenswear,93.74,1,0.0,40.31,2024-03,2024Q1,2024,0.43
100563,2024-03-03,Dublin,Homeware,Storage,938.19,3,0.2,234.51,2024-03,2024Q1,2024,0.25
100136,2024-03-04,Cork,Grocery,Fresh Produce,21.17,1,0.0,8.48,2024-03,2024Q1,2024,0.4006
106060,2024-03-04,Cork,Grocery,Beverages,25.81,1,0.05,6.89,2024-03,2024Q1,2024,0.267
104353,2024-03-04,Limerick,Electronics,Smart Home,174.32,2,0.15,46.22,2024-03,2024Q1,2024,0.2651
104625,2024-03-04,Galway,Homeware,Kitchenware,293.01,1,0.1,79.24,2024-03,2024Q1,2024,0.2704
106252,2024-03-04,Cork,Homeware,Storage,247.62,3,0.15,48.1,2024-03,2024Q1,2024,0.1942
105024,2024-03-04,Galway,Clothing,Accessories,418.12,4,0.05,91.37,2024-03,2024Q1,2024,0.2185
106449,2024-03-04,Dublin,Clothing,Footwear,137.68,1,0.1,21.89,2024-03,2024Q1,2024,0.159
101756,2024-03-04,Dublin,Clothing,Womenswear,63.46,1,0.05,13.0,2024-03,2024Q1,2024,0.2049
105846,2024-03-04,Dublin,Clothing,Menswear,87.23,1,0.05,33.37,2024-03,2024Q1,2024,0.3826
100051,2024-03-04,Dublin,Clothing,Footwear,251.48,2,0.15,50.3,2024-03,2024Q1,2024,0.2
105408,2024-03-04,Galway,Homeware,Bedding,73.3,1,0.1,12.0,2024-03,2024Q1,2024,0.1637
100331,2024-03-04,Dublin,Electronics,Headphones,2035.91,4,0.1,544.0,2024-03,2024Q1,2024,0.2672
106294,2024-03-04,Dublin,Electronics,Smart Home,66.84,1,0.15,8.34,2024-03,2024Q1,2024,0.1248
100876,2024-03-04,Cork,Homeware,Lighting,294.16,1,0.2,52.06,2024-03,2024Q1,2024,0.177
106137,2024-03-04,Cork,Grocery,Snacks,22.84,1,0.0,8.65,2024-03,2024Q1,2024,0.3787
100067,2024-03-05,Galway,Grocery,Fresh Produce,120.92,4,0.15,31.8,2024-03,2024Q1,2024,0.263
105813,2024-03-05,Cork,Electronics,Smart Home,225.89,1,0.2,51.29,2024-03,2024Q1,2024,0.2271
102180,2024-03-05,Dublin,Homeware,Furniture,129.77,1,0.0,51.37,2024-03,2024Q1,2024,0.3959
105663,2024-03-05,Limerick,Clothing,Menswear,285.87,3,0.0,83.47,2024-03,2024Q1,2024,0.292
104186,2024-03-05,Dublin,Electronics,Mobile Accessories,136.47,1,0.05,27.95,2024-03,2024Q1,2024,0.2048
100836,2024-03-05,Dublin,Electronics,Laptops,549.14,1,0.05,163.37,2024-03,2024Q1,2024,0.2975
101231,2024-03-06,Limerick,Homeware,Storage,97.8,1,0.0,39.24,2024-03,2024Q1,2024,0.4012
101947,2024-03-06,Dublin,Grocery,Dairy,8.1,2,0.2,0.91,2024-03,2024Q1,2024,0.1123
105566,2024-03-06,Dublin,Homeware,Storage,149.89,1,0.1,38.47,2024-03,2024Q1,2024,0.2567
103469,2024-03-06,Dublin,Clothing,Footwear,93.72,1,0.2,19.44,2024-03,2024Q1,2024,0.2074
102334,2024-03-06,Cork,Homeware,Lighting,132.52,2,0.0,38.17,2024-03,2024Q1,2024,0.288
102480,2024-03-06,Cork,Grocery,Beverages,38.85,1,0.0,11.83,2024-03,2024Q1,2024,0.3045
102357,2024-03-06,Dublin,Clothing,Menswear,97.32,3,0.2,11.33,2024-03,2024Q1,2024,0.1164
102957,2024-03-06,Cork,Homeware,Lighting,578.64,2,0.0,235.11,2024-03,2024Q1,2024,0.4063
102547,2024-03-07,Dublin,Homeware,Storage,478.51,2,0.15,121.53,2024-03,2024Q1,2024,0.254
101368,2024-03-07,Dublin,Homeware,Kitchenware,299.54,1,0.15,89.06,2024-03,2024Q1,2024,0.2973
104700,2024-03-07,Cork,Grocery,Snacks,15.52,1,0.1,4.99,2024-03,2024Q1,2024,0.3215
104400,2024-03-07,Cork,Electronics,Headphones,506.53,4,0.05,113.35,2024-03,2024Q1,2024,0.2238
106490,2024-03-07,Dublin,Homeware,Lighting,354.5,2,0.1,104.0,2024-03,2024Q1,2024,0.2934
100712,2024-03-07,Galway,Grocery,Dairy,71.7,2,0.0,23.9,2024-03,2024Q1,2024,0.3333
101355,2024-03-07,Dublin,Electronics,Headphones,267.02,1,0.0,70.41,2024-03,2024Q1,2024,0.2637
105041,2024-03-07,Dublin,Electronics,Mobile Accessories,469.97,1,0.0,137.09,2024-03,2024Q1,2024,0.2917
101688,2024-03-07,Limerick,Clothing,Menswear,28.92,1,0.05,11.16,2024-03,2024Q1,2024,0.3859
100606,2024-03-07,Galway,Electronics,Mobile Accessories,242.41,1,0.1,73.42,2024-03,2024Q1,2024,0.3029
104030,2024-03-07,Dublin,Grocery,Fresh Produce,22.72,4,0.05,5.25,2024-03,2024Q1,2024,0.2311
101512,2024-03-07,Dublin,Electronics,Mobile Accessories,2160.16,4,0.1,594.9,2024-03,2024Q1,2024,0.2754
105102,2024-03-07,Galway,Electronics,Mobile Accessories,294.36,2,0.1,86.33,2024-03,2024Q1,2024,0.2933
104404,2024-03-07,Galway,Homeware,Bedding,217.64,1,0.0,56.01,2024-03,2024Q1,2024,0.2574
101097,2024-03-07,Dublin,Grocery,Beverages,40.27,1,0.0,13.04,2024-03,2024Q1,2024,0.3238
101377,2024-03-08,Cork,Grocery,Snacks,62.44,4,0.05,20.35,2024-03,2024Q1,2024,0.3259
102231,2024-03-08,Cork,Clothing,Womenswear,134.42,2,0.05,38.97,2024-03,2024Q1,2024,0.2899
104417,2024-03-08,Cork,Grocery,Snacks,13.16,4,0.1,3.4,2024-03,2024Q1,2024,0.2584
103580,2024-03-08,Galway,Homeware,Kitchenware,50.93,1,0.1,14.79,2024-03,2024Q1,2024,0.2904
100138,2024-03-08,Dublin,Clothing,Kidswear,166.61,4,0.15,17.85,2024-03,2024Q1,2024,0.1071
105270,2024-03-08,Galway,Homeware,Kitchenware,1198.0,4,0.0,428.66,2024-03,2024Q1,2024,0.3578
102356,2024-03-08,Cork,Clothing,Footwear,26.35,1,0.2,5.77,2024-03,2024Q1,2024,0.219
106375,2024-03-08,Cork,Clothing,Kidswear,132.57,3,0.0,47.96,2024-03,2024Q1,2024,0.3618
102856,2024-03-08,Dublin,Grocery,Snacks,109.11,4,0.0,29.92,2024-03,2024Q1,2024,0.2742
103465,2024-03-08,Limerick,Electronics,Mobile Accessories,552.16,1,0.0,247.15,2024-03,2024Q1,2024,0.4476
106067,2024-03-08,Cork,Homeware,Furniture,243.06,1,0.15,44.33,2024-03,2024Q1,2024,0.1824
104948,2024-03-09,Cork,Grocery,Bakery,151.48,4,0.15,25.82,2024-03,2024Q1,2024,0.1705
102475,2024-03-09,Cork,Clothing,Footwear,151.32,2,0.2,7.85,2024-03,2024Q1,2024,0.0519
103966,2024-03-09,Cork,Grocery,Beverages,37.17,1,0.05,13.93,2024-03,2024Q1,2024,0.3748
106284,2024-03-09,Cork,Clothing,Kidswear,69.17,1,0.0,24.11,2024-03,2024Q1,2024,0.3486
104766,2024-03-09,Dublin,Grocery,Fresh Produce,47.43,2,0.0,12.29,2024-03,2024Q1,2024,0.2591
100094,2024-03-09,Cork,Homeware,Bedding,143.73,1,0.05,50.15,2024-03,2024Q1,2024,0.3489
105224,2024-03-09,Limerick,Electronics,Smart Home,219.88,4,0.15,36.61,2024-03,2024Q1,2024,0.1665
103137,2024-03-09,Cork,Clothing,Womenswear,76.68,2,0.1,16.68,2024-03,2024Q1,2024,0.2175
101336,2024-03-09,Dublin,Grocery,Bakery,43.53,1,0.15,6.83,2024-03,2024Q1,2024,0.1569
101940,2024-03-10,Galway,Electronics,Smart Home,514.57,1,0.2,127.54,2024-03,2024Q1,2024,0.2479
103496,2024-03-10,Galway,Clothing,Menswear,271.2,4,0.2,49.93,2024-03,2024Q1,2024,0.1841
104011,2024-03-10,Dublin,Homeware,Lighting,242.88,1,0.0,100.0,2024-03,2024Q1,2024,0.4117
104825,2024-03-10,Dublin,Grocery,Bakery,24.38,1,0.2,5.34,2024-03,2024Q1,2024,0.219
100536,2024-03-10,Galway,Electronics,Mobile Accessories,319.26,1,0.15,40.9,2024-03,2024Q1,2024,0.1281
101397,2024-03-10,Dublin,Electronics,TVs,438.53,3,0.0,189.28,2024-03,2024Q1,2024,0.4316
101339,2024-03-10,Dublin,Grocery,Snacks,69.14,2,0.1,13.56,2024-03,2024Q1,2024,0.1961
100456,2024-03-10,Galway,Clothing,Footwear,119.84,4,0.15,32.37,2024-03,2024Q1,2024,0.2701
105589,2024-03-10,Dublin,Homeware,Lighting,145.97,1,0.15,32.21,2024-03,2024Q1,2024,0.2207
105137,2024-03-10,Limerick,Homeware,Kitchenware,109.89,1,0.15,12.83,2024-03,2024Q1,2024,0.1168
103338,2024-03-11,Galway,Clothing,Menswear,133.26,2,0.1,32.08,2024-03,2024Q1,2024,0.2407
101257,2024-03-11,Dublin,Grocery,Bakery,31.06,1,0.0,12.96,2024-03,2024Q1,2024,0.4173
100429,2024-03-11,Dublin,Clothing,Womenswear,23.18,1,0.1,4.13,2024-03,2024Q1,2024,0.1782
100209,2024-03-11,Limerick,Clothing,Menswear,40.15,1,0.2,8.95,2024-03,2024Q1,2024,0.2229
100340,2024-03-11,Limerick,Clothing,Kidswear,106.9,2,0.1,23.61,2024-03,2024Q1,2024,0.2209
101931,2024-03-11,Dublin,Grocery,Dairy,15.34,1,0.15,3.6,2024-03,2024Q1,2024,0.2347
105774,2024-03-11,Galway,Clothing,Accessories,188.08,2,0.05,52.28,2024-03,2024Q1,2024,0.278
102592,2024-03-12,Galway,Homeware,Bedding,1155.71,3,0.15,249.92,2024-03,2024Q1,2024,0.2162
105386,2024-03-12,Dublin,Grocery,Snacks,33.49,2,0.15,7.34,2024-03,2024Q1,2024,0.2192
100593,2024-03-12,Cork,Electronics,Smart Home,1366.97,4,0.2,209.95,2024-03,2024Q1,2024,0.1536
103706,2024-03-12,Dublin,Grocery,Beverages,34.94,1,0.05,13.82,2024-03,2024Q1,2024,0.3955
100202,2024-03-12,Dublin,Electronics,Mobile Accessories,2094.05,3,0.0,916.3,2024-03,2024Q1,2024,0.4376
105694,2024-03-12,Cork,Electronics,Laptops,228.0,2,0.05,61.17,2024-03,2024Q1,2024,0.2683
105960,2024-03-12,Cork,Homeware,Kitchenware,61.48,1,0.0,26.24,2024-03,2024Q1,2024,0.4268
104746,2024-03-12,Dublin,Clothing,Womenswear,41.55,1,0.0,10.42,2024-03,2024Q1,2024,0.2508
102634,2024-03-13,Dublin,Homeware,Storage,887.86,3,0.1,195.64,2024-03,2024Q1,2024,0.2204
104901,2024-03-13,Dublin,Grocery,Fresh Produce,55.27,2,0.2,9.51,2024-03,2024Q1,2024,0.1721
106281,2024-03-13,Limerick,Clothing,Footwear,76.46,2,0.15,17.18,2024-03,2024Q1,2024,0.2247
104425,2024-03-13,Dublin,Electronics,Laptops,902.27,2,0.05,264.0,2024-03,2024Q1,2024,0.2926
102353,2024-03-13,Cork,Clothing,Footwear,63.6,1,0.0,21.07,2024-03,2024Q1,2024,0.3313
101073,2024-03-13,Cork,Homeware,Storage,96.49,1,0.05,34.15,2024-03,2024Q1,2024,0.3539
100018,2024-03-13,Galway,Electronics,Laptops,67.13,1,0.2,12.35,2024-03,2024Q1,2024,0.184
104124,2024-03-13,Galway,Grocery,Fresh Produce,78.03,3,0.0,27.61,2024-03,2024Q1,2024,0.3538
101217,2024-03-13,Galway,Grocery,Dairy,26.4,4,0.1,5.82,2024-03,2024Q1,2024,0.2205
105027,2024-03-13,Cork,Homeware,Lighting,107.5,1,0.05,23.66,2024-03,2024Q1,2024,0.2201
102871,2024-03-13,Dublin,Homeware,Furniture,1130.54,4,0.0,478.99,2024-03,2024Q1,2024,0.4237
103932,2024-03-14,Dublin,Clothing,Menswear,128.17,3,0.15,18.23,2024-03,2024Q1,2024,0.1422
104090,2024-03-14,Dublin,Homeware,Kitchenware,91.32,1,0.0,29.05,2024-03,2024Q1,2024,0.3181
100599,2024-03-14,Dublin,Homeware,Lighting,459.1,2,0.1,114.78,2024-03,2024Q1,2024,0.25
101833,2024-03-14,Cork,Electronics,Laptops,354.23,1,0.1,80.3,2024-03,2024Q1,2024,0.2267
102608,2024-03-14,Dublin,Grocery,Fresh Produce,12.95,1,0.05,5.02,2024-03,2024Q1,2024,0.3876
105997,2024-03-14,Cork,Grocery,Snacks,5.52,2,0.1,1.03,2024-03,2024Q1,2024,0.1866
103815,2024-03-14,Dublin,Homeware,Kitchenware,725.01,4,0.15,166.14,2024-03,2024Q1,2024,0.2292
105304,2024-03-14,Dublin,Electronics,Headphones,870.57,2,0.05,336.05,2024-03,2024Q1,2024,0.386
101503,2024-03-14,Galway,Grocery,Bakery,8.94,2,0.2,1.77,2024-03,2024Q1,2024,0.198
105772,2024-03-14,Galway,Clothing,Womenswear,74.38,1,0.2,17.42,2024-03,2024Q1,2024,0.2342
105037,2024-03-14,Cork,Clothing,Menswear,8.36,1,0.2,1.68,2024-03,2024Q1,2024,0.201
102322,2024-03-15,Dublin,Clothing,Footwear,104.68,1,0.0,28.06,2024-03,2024Q1,2024,0.2681
102259,2024-03-15,Cork,Clothing,Accessories,86.72,2,0.0,38.8,2024-03,2024Q1,2024,0.4474
103901,2024-03-15,Dublin,Homeware,Bedding,984.77,3,0.15,271.07,2024-03,2024Q1,2024,0.2753
101801,2024-03-15,Galway,Grocery,Beverages,21.4,1,0.05,6.48,2024-03,2024Q1,2024,0.3028
102143,2024-03-15,Galway,Grocery,Snacks,55.06,2,0.0,22.99,2024-03,2024Q1,2024,0.4175
101606,2024-03-15,Dublin,Homeware,Kitchenware,1317.03,4,0.0,525.75,2024-03,2024Q1,2024,0.3992
101775,2024-03-15,Limerick,Grocery,Fresh Produce,32.27,1,0.2,2.6,2024-03,2024Q1,2024,0.0806
103963,2024-03-15,Galway,Electronics,TVs,1989.88,4,0.1,509.78,2024-03,2024Q1,2024,0.2562
103569,2024-03-15,Limerick,Homeware,Storage,142.32,1,0.15,35.82,2024-03,2024Q1,2024,0.2517
103270,2024-03-15,Cork,Homeware,Storage,33.62,2,0.15,6.43,2024-03,2024Q1,2024,0.1913
103644,2024-03-15,Limerick,Electronics,Mobile Accessories,43.42,1,0.0,16.05,2024-03,2024Q1,2024,0.3696
100134,2024-03-16,Dublin,Clothing,Menswear,66.1,4,0.0,28.73,2024-03,2024Q1,2024,0.4346
103740,2024-03-16,Cork,Homeware,Lighting,285.98,1,0.0,70.61,2024-03,2024Q1,2024,0.2469
100249,2024-03-16,Cork,Clothing,Accessories,105.78,2,0.2,11.81,2024-03,2024Q1,2024,0.1116
101480,2024-03-16,Cork,Grocery,Beverages,12.78,2,0.0,4.15,2024-03,2024Q1,2024,0.3247
100325,2024-03-16,Dublin,Clothing,Womenswear,206.95,2,0.0,79.14,2024-03,2024Q1,2024,0.3824
106110,2024-03-16,Dublin,Clothing,Menswear,87.83,1,0.15,17.2,2024-03,2024Q1,2024,0.1958
101793,2024-03-16,Dublin,Clothing,Kidswear,47.72,1,0.15,9.54,2024-03,2024Q1,2024,0.1999
105866,2024-03-16,Dublin,Clothing,Footwear,11.14,1,0.0,3.17,2024-03,2024Q1,2024,0.2846
104422,2024-03-17,Dublin,Homeware,Storage,220.01,3,0.1,53.47,2024-03,2024Q1,2024,0.243
104366,2024-03-17,Limerick,Grocery,Snacks,30.49,1,0.2,3.33,2024-03,2024Q1,2024,0.1092
102133,2024-03-17,Galway,Grocery,Bakery,3.78,1,0.0,1.01,2024-03,2024Q1,2024,0.2672
104768,2024-03-17,Cork,Electronics,Headphones,273.74,1,0.2,32.21,2024-03,2024Q1,2024,0.1177
104160,2024-03-17,Dublin,Grocery,Fresh Produce,43.76,1,0.0,17.96,2024-03,2024Q1,2024,0.4104
103236,2024-03-17,Dublin,Electronics,TVs,1388.97,2,0.1,424.35,2024-03,2024Q1,2024,0.3055
103003,2024-03-17,Dublin,Grocery,Fresh Produce,83.63,3,0.0,32.38,2024-03,2024Q1,2024,0.3872
105850,2024-03-17,Limerick,Clothing,Womenswear,101.16,3,0.2,22.42,2024-03,2024Q1,2024,0.2216
104269,2024-03-17,Dublin,Clothing,Accessories,46.76,1,0.1,11.62,2024-03,2024Q1,2024,0.2485
101635,2024-03-17,Limerick,Grocery,Beverages,14.46,1,0.15,1.56,2024-03,2024Q1,2024,0.1079
102778,2024-03-17,Dublin,Electronics,TVs,1460.78,4,0.0,609.15,2024-03,2024Q1,2024,0.417
103726,2024-03-17,Cork,Grocery,Snacks,25.07,1,0.1,8.13,2024-03,2024Q1,2024,0.3243
102513,2024-03-18,Galway,Grocery,Bakery,65.55,3,0.0,25.9,2024-03,2024Q1,2024,0.3951
102534,2024-03-18,Galway,Homeware,Storage,427.98,2,0.0,161.62,2024-03,2024Q1,2024,0.3776
100102,2024-03-18,Dublin,Homeware,Lighting,1336.35,4,0.0,369.96,2024-03,2024Q1,2024,0.2768
104922,2024-03-18,Dublin,Electronics,TVs,181.95,3,0.0,58.05,2024-03,2024Q1,2024,0.319
101965,2024-03-19,Dublin,Grocery,Dairy,31.26,1,0.15,7.05,2024-03,2024Q1,2024,0.2255
103468,2024-03-19,Galway,Clothing,Accessories,438.0,4,0.05,132.18,2024-03,2024Q1,2024,0.3018
100291,2024-03-19,Cork,Grocery,Fresh Produce,41.98,2,0.0,15.8,2024-03,2024Q1,2024,0.3764
100951,2024-03-19,Galway,Homeware,Bedding,205.74,2,0.05,52.61,2024-03,2024Q1,2024,0.2557
101557,2024-03-19,Dublin,Homeware,Bedding,148.48,1,0.0,52.95,2024-03,2024Q1,2024,0.3566
104654,2024-03-20,Galway,Homeware,Bedding,297.51,1,0.15,38.09,2024-03,2024Q1,2024,0.128
102457,2024-03-20,Cork,Homeware,Storage,230.68,1,0.15,57.09,2024-03,2024Q1,2024,0.2475
105230,2024-03-20,Galway,Electronics,TVs,371.56,2,0.1,64.29,2024-03,2024Q1,2024,0.173
100654,2024-03-20,Dublin,Clothing,Footwear,14.67,1,0.0,4.27,2024-03,2024Q1,2024,0.2911
100422,2024-03-20,Cork,Clothing,Womenswear,65.83,1,0.2,5.03,2024-03,2024Q1,2024,0.0764
101104,2024-03-20,Limerick,Homeware,Storage,312.02,2,0.15,59.39,2024-03,2024Q1,2024,0.1903
105008,2024-03-20,Cork,Homeware,Lighting,264.68,4,0.05,54.41,2024-03,2024Q1,2024,0.2056
106422,2024-03-21,Galway,Electronics,Headphones,611.9,1,0.15,63.87,2024-03,2024Q1,2024,0.1044
103409,2024-03-21,Cork,Homeware,Kitchenware,825.72,3,0.0,336.62,2024-03,2024Q1,2024,0.4077
105307,2024-03-21,Dublin,Homeware,Lighting,329.59,4,0.2,39.55,2024-03,2024Q1,2024,0.12
104885,2024-03-21,Dublin,Grocery,Snacks,4.94,2,0.2,0.33,2024-03,2024Q1,2024,0.0668
100015,2024-03-21,Dublin,Clothing,Menswear,270.32,2,0.2,60.78,2024-03,2024Q1,2024,0.2248
105483,2024-03-21,Dublin,Clothing,Menswear,49.54,1,0.0,18.48,2024-03,2024Q1,2024,0.373
105770,2024-03-21,Dublin,Grocery,Beverages,18.19,1,0.0,6.39,2024-03,2024Q1,2024,0.3513
101198,2024-03-21,Dublin,Grocery,Snacks,19.81,1,0.15,4.93,2024-03,2024Q1,2024,0.2489
105779,2024-03-21,Galway,Grocery,Snacks,39.84,4,0.0,11.63,2024-03,2024Q1,2024,0.2919
101535,2024-03-21,Dublin,Grocery,Beverages,78.15,2,0.2,11.08,2024-03,2024Q1,2024,0.1418
101205,2024-03-21,Cork,Grocery,Fresh Produce,19.78,2,0.0,7.7,2024-03,2024Q1,2024,0.3893
103913,2024-03-21,Limerick,Grocery,Dairy,140.69,4,0.15,32.98,2024-03,2024Q1,2024,0.2344
101910,2024-03-22,Galway,Homeware,Bedding,273.96,2,0.15,40.29,2024-03,2024Q1,2024,0.1471
104763,2024-03-22,Galway,Homeware,Kitchenware,247.83,1,0.0,66.04,2024-03,2024Q1,2024,0.2665
104557,2024-03-22,Cork,Homeware,Furniture,160.74,1,0.0,24.65,2024-03,2024Q1,2024,0.1534
101229,2024-03-22,Limerick,Electronics,Smart Home,379.19,1,0.0,151.22,2024-03,2024Q1,2024,0.3988
103675,2024-03-22,Dublin,Grocery,Bakery,74.2,4,0.05,20.5,2024-03,2024Q1,2024,0.2763
105357,2024-03-22,Dublin,Homeware,Lighting,988.56,3,0.05,220.36,2024-03,2024Q1,2024,0.2229
106386,2024-03-22,Cork,Electronics,Laptops,543.18,2,0.0,187.32,2024-03,2024Q1,2024,0.3449
105070,2024-03-22,Galway,Clothing,Kidswear,67.22,2,0.1,11.9,2024-03,2024Q1,2024,0.177
104665,2024-03-22,Limerick,Clothing,Womenswear,209.76,2,0.2,48.4,2024-03,2024Q1,2024,0.2307
101376,2024-03-22,Galway,Clothing,Menswear,352.32,3,0.0,136.11,2024-03,2024Q1,2024,0.3863
101633,2024-03-22,Cork,Homeware,Bedding,206.63,1,0.1,65.57,2024-03,2024Q1,2024,0.3173
106173,2024-03-22,Cork,Electronics,Headphones,1180.56,4,0.0,296.6,2024-03,2024Q1,2024,0.2512
102469,2024-03-22,Cork,Homeware,Furniture,42.08,1,0.0,16.86,2024-03,2024Q1,2024,0.4007
100077,2024-03-23,Cork,Clothing,Kidswear,75.62,1,0.0,30.57,2024-03,2024Q1,2024,0.4043
104240,2024-03-23,Dublin,Grocery,Snacks,77.76,3,0.0,31.34,2024-03,2024Q1,2024,0.403
104420,2024-03-23,Dublin,Clothing,Footwear,42.06,1,0.15,8.6,2024-03,2024Q1,2024,0.2045
101212,2024-03-23,Cork,Clothing,Menswear,44.4,1,0.0,14.92,2024-03,2024Q1,2024,0.336
102107,2024-03-23,Galway,Electronics,Laptops,251.0,1,0.05,51.46,2024-03,2024Q1,2024,0.205
102615,2024-03-23,Cork,Grocery,Beverages,11.86,1,0.05,3.31,2024-03,2024Q1,2024,0.2791
100050,2024-03-23,Dublin,Homeware,Lighting,728.81,3,0.0,318.6,2024-03,2024Q1,2024,0.4372
105917,2024-03-24,Limerick,Homeware,Lighting,223.04,1,0.0,91.07,2024-03,2024Q1,2024,0.4083
106400,2024-03-24,Cork,Homeware,Lighting,171.24,2,0.05,58.7,2024-03,2024Q1,2024,0.3428
101170,2024-03-24,Limerick,Homeware,Furniture,758.46,3,0.2,160.63,2024-03,2024Q1,2024,0.2118
103375,2024-03-24,Limerick,Clothing,Kidswear,60.98,1,0.05,17.3,2024-03,2024Q1,2024,0.2837
105854,2024-03-24,Dublin,Electronics,Mobile Accessories,344.4,1,0.1,60.88,2024-03,2024Q1,2024,0.1768
101370,2024-03-24,Dublin,Electronics,Headphones,1019.85,3,0.0,416.05,2024-03,2024Q1,2024,0.408
102943,2024-03-24,Cork,Clothing,Kidswear,43.24,2,0.0,13.94,2024-03,2024Q1,2024,0.3224
102210,2024-03-25,Cork,Clothing,Kidswear,106.39,1,0.05,24.49,2024-03,2024Q1,2024,0.2302
101279,2024-03-25,Limerick,Homeware,Lighting,495.62,2,0.0,173.47,2024-03,2024Q1,2024,0.35
103171,2024-03-25,Dublin,Clothing,Accessories,89.81,1,0.0,32.07,2024-03,2024Q1,2024,0.3571
106061,2024-03-25,Cork,Homeware,Kitchenware,354.44,4,0.0,153.29,2024-03,2024Q1,2024,0.4325
105795,2024-03-25,Galway,Homeware,Kitchenware,19.73,1,0.0,6.38,2024-03,2024Q1,2024,0.3234
101588,2024-03-25,Cork,Electronics,Smart Home,342.0,3,0.05,126.08,2024-03,2024Q1,2024,0.3687
102702,2024-03-25,Cork,Clothing,Footwear,170.92,4,0.2,25.74,2024-03,2024Q1,2024,0.1506
105501,2024-03-25,Limerick,Homeware,Furniture,405.63,3,0.2,57.32,2024-03,2024Q1,2024,0.1413
101189,2024-03-25,Dublin,Electronics,Smart Home,606.3,1,0.0,234.15,2024-03,2024Q1,2024,0.3862
104176,2024-03-25,Limerick,Homeware,Kitchenware,430.48,2,0.0,141.09,2024-03,2024Q1,2024,0.3278
101362,2024-03-26,Dublin,Clothing,Menswear,178.59,2,0.05,36.01,2024-03,2024Q1,2024,0.2016
105265,2024-03-26,Cork,Electronics,Headphones,62.57,1,0.0,23.94,2024-03,2024Q1,2024,0.3826
103385,2024-03-26,Galway,Homeware,Bedding,218.07,1,0.05,61.55,2024-03,2024Q1,2024,0.2822
104172,2024-03-26,Galway,Electronics,Headphones,437.83,1,0.1,138.2,2024-03,2024Q1,2024,0.3156
105278,2024-03-26,Cork,Grocery,Bakery,15.96,1,0.1,3.35,2024-03,2024Q1,2024,0.2099
105085,2024-03-26,Limerick,Grocery,Beverages,107.81,4,0.2,5.51,2024-03,2024Q1,2024,0.0511
103373,2024-03-26,Galway,Electronics,Smart Home,925.56,3,0.1,286.44,2024-03,2024Q1,2024,0.3095
105346,2024-03-26,Galway,Homeware,Kitchenware,281.79,1,0.0,97.37,2024-03,2024Q1,2024,0.3455
103266,2024-03-26,Galway,Grocery,Dairy,15.29,1,0.15,1.58,2024-03,2024Q1,2024,0.1033
105447,2024-03-27,Galway,Homeware,Storage,709.56,4,0.0,219.09,2024-03,2024Q1,2024,0.3088
106418,2024-03-27,Cork,Grocery,Bakery,27.94,1,0.0,10.74,2024-03,2024Q1,2024,0.3844
103591,2024-03-27,Galway,Electronics,Smart Home,612.76,1,0.0,271.62,2024-03,2024Q1,2024,0.4433
101949,2024-03-27,Dublin,Electronics,Headphones,820.69,2,0.0,330.62,2024-03,2024Q1,2024,0.4029
101263,2024-03-27,Cork,Clothing,Footwear,9.78,1,0.15,1.67,2024-03,2024Q1,2024,0.1708
101089,2024-03-27,Dublin,Clothing,Footwear,23.25,2,0.05,7.24,2024-03,2024Q1,2024,0.3114
101030,2024-03-27,Dublin,Homeware,Bedding,287.75,2,0.1,81.51,2024-03,2024Q1,2024,0.2833
103132,2024-03-28,Dublin,Grocery,Fresh Produce,26.06,1,0.0,9.58,2024-03,2024Q1,2024,0.3676
100764,2024-03-28,Dublin,Electronics,TVs,1615.06,4,0.05,483.67,2024-03,2024Q1,2024,0.2995
101735,2024-03-28,Dublin,Clothing,Menswear,323.06,3,0.0,85.02,2024-03,2024Q1,2024,0.2632
105387,2024-03-28,Dublin,Grocery,Fresh Produce,31.87,1,0.15,6.24,2024-03,2024Q1,2024,0.1958
105128,2024-03-28,Dublin,Electronics,Smart Home,1376.23,2,0.2,263.22,2024-03,2024Q1,2024,0.1913
100966,2024-03-28,Limerick,Electronics,TVs,1283.12,2,0.0,449.09,2024-03,2024Q1,2024,0.35
104429,2024-03-28,Dublin,Homeware,Bedding,1371.21,4,0.0,304.74,2024-03,2024Q1,2024,0.2222
104964,2024-03-28,Dublin,Clothing,Accessories,73.35,1,0.0,24.78,2024-03,2024Q1,2024,0.3378
103425,2024-03-28,Cork,Grocery,Beverages,6.63,1,0.15,1.73,2024-03,2024Q1,2024,0.2609
100153,2024-03-28,Cork,Grocery,Fresh Produce,76.46,2,0.1,14.74,2024-03,2024Q1,2024,0.1928
102753,2024-03-28,Limerick,Grocery,Beverages,141.41,4,0.2,17.0,2024-03,2024Q1,2024,0.1202
103235,2024-03-28,Limerick,Grocery,Beverages,42.95,1,0.15,11.95,2024-03,2024Q1,2024,0.2782
102099,2024-03-29,Dublin,Homeware,Bedding,339.54,1,0.1,68.93,2024-03,2024Q1,2024,0.203
106491,2024-03-29,Dublin,Electronics,Laptops,275.02,1,0.15,41.44,2024-03,2024Q1,2024,0.1507
106166,2024-03-29,Dublin,Grocery,Fresh Produce,28.11,1,0.2,2.73,2024-03,2024Q1,2024,0.0971
106164,2024-03-29,Dublin,Clothing,Menswear,196.34,3,0.05,57.92,2024-03,2024Q1,2024,0.295
105216,2024-03-29,Cork,Electronics,Laptops,40.3,1,0.0,14.66,2024-03,2024Q1,2024,0.3638
104012,2024-03-29,Cork,Homeware,Lighting,875.04,4,0.0,357.4,2024-03,2024Q1,2024,0.4084
104716,2024-03-30,Cork,Homeware,Lighting,172.42,1,0.0,55.15,2024-03,2024Q1,2024,0.3199
104992,2024-03-30,Cork,Grocery,Beverages,106.2,3,0.0,35.96,2024-03,2024Q1,2024,0.3386
100626,2024-03-30,Dublin,Homeware,Furniture,331.07,1,0.0,138.07,2024-03,2024Q1,2024,0.417
106017,2024-03-30,Galway,Electronics,Smart Home,1706.56,4,0.05,678.3,2024-03,2024Q1,2024,0.3975
105819,2024-03-30,Cork,Electronics,Headphones,71.76,3,0.2,9.58,2024-03,2024Q1,2024,0.1335
105727,2024-03-30,Dublin,Electronics,Headphones,275.49,2,0.0,123.96,2024-03,2024Q1,2024,0.45
100955,2024-03-30,Dublin,Electronics,Laptops,743.12,1,0.0,251.42,2024-03,2024Q1,2024,0.3383
101252,2024-03-30,Cork,Clothing,Accessories,80.82,1,0.2,19.02,2024-03,2024Q1,2024,0.2353
105593,2024-03-30,Galway,Homeware,Storage,560.92,2,0.15,104.96,2024-03,2024Q1,2024,0.1871
105091,2024-03-30,Dublin,Grocery,Beverages,44.44,1,0.05,11.12,2024-03,2024Q1,2024,0.2502
100973,2024-03-30,Cork,Clothing,Kidswear,27.01,1,0.0,11.79,2024-03,2024Q1,2024,0.4365
102713,2024-03-31,Galway,Electronics,Headphones,1231.2,3,0.05,403.7,2024-03,2024Q1,2024,0.3279
102078,2024-03-31,Limerick,Electronics,TVs,45.33,1,0.1,8.19,2024-03,2024Q1,2024,0.1807
100359,2024-03-31,Dublin,Clothing,Footwear,122.31,2,0.05,48.81,2024-03,2024Q1,2024,0.3991
102358,2024-03-31,Cork,Electronics,Laptops,998.66,3,0.2,141.81,2024-03,2024Q1,2024,0.142
103633,2024-03-31,Dublin,Electronics,Smart Home,364.64,1,0.15,88.23,2024-03,2024Q1,2024,0.242
102374,2024-03-31,Dublin,Grocery,Beverages,121.53,4,0.0,49.18,2024-03,2024Q1,2024,0.4047
103096,2024-03-31,Galway,Electronics,Mobile Accessories,1422.06,3,0.0,539.36,2024-03,2024Q1,2024,0.3793
106315,2024-03-31,Dublin,Homeware,Furniture,241.73,1,0.2,38.45,2024-03,2024Q1,2024,0.1591
102111,2024-03-31,Galway,Electronics,TVs,333.16,1,0.1,79.93,2024-03,2024Q1,2024,0.2399
100439,2024-03-31,Dublin,Homeware,Furniture,38.19,1,0.15,8.52,2024-03,2024Q1,2024,0.2231
100369,2024-04-01,Limerick,Clothing,Womenswear,457.36,4,0.1,153.21,2024-04,2024Q2,2024,0.335
104695,2024-04-01,Limerick,Electronics,Headphones,180.67,1,0.2,13.9,2024-04,2024Q2,2024,0.0769
100775,2024-04-01,Dublin,Electronics,Laptops,549.9,1,0.05,196.77,2024-04,2024Q2,2024,0.3578
104826,2024-04-01,Dublin,Clothing,Menswear,136.27,2,0.0,57.06,2024-04,2024Q2,2024,0.4187
104924,2024-04-01,Dublin,Clothing,Womenswear,75.12,2,0.0,27.12,2024-04,2024Q2,2024,0.361
102624,2024-04-01,Dublin,Homeware,Lighting,717.74,3,0.0,265.34,2024-04,2024Q2,2024,0.3697
102546,2024-04-01,Galway,Grocery,Dairy,38.75,1,0.1,8.57,2024-04,2024Q2,2024,0.2212
100858,2024-04-01,Dublin,Grocery,Bakery,14.05,1,0.0,3.1,2024-04,2024Q2,2024,0.2206
100875,2024-04-01,Dublin,Homeware,Kitchenware,202.54,1,0.2,30.38,2024-04,2024Q2,2024,0.15
101523,2024-04-01,Limerick,Electronics,Mobile Accessories,628.21,1,0.2,100.35,2024-04,2024Q2,2024,0.1597
104061,2024-04-02,Galway,Electronics,Smart Home,126.46,1,0.0,45.02,2024-04,2024Q2,2024,0.356
105691,2024-04-02,Dublin,Clothing,Womenswear,31.15,1,0.2,2.57,2024-04,2024Q2,2024,0.0825
103928,2024-04-02,Cork,Homeware,Furniture,232.73,1,0.05,73.39,2024-04,2024Q2,2024,0.3153
105992,2024-04-02,Dublin,Grocery,Snacks,14.49,2,0.05,3.24,2024-04,2024Q2,2024,0.2236
105957,2024-04-02,Limerick,Clothing,Kidswear,69.2,1,0.15,8.19,2024-04,2024Q2,2024,0.1184
106384,2024-04-02,Cork,Clothing,Accessories,27.37,1,0.05,9.71,2024-04,2024Q2,2024,0.3548
104093,2024-04-02,Cork,Homeware,Storage,684.78,3,0.2,60.9,2024-04,2024Q2,2024,0.0889
102312,2024-04-02,Limerick,Clothing,Kidswear,89.77,1,0.2,14.49,2024-04,2024Q2,2024,0.1614
103510,2024-04-02,Galway,Clothing,Accessories,219.92,2,0.05,56.04,2024-04,2024Q2,2024,0.2548
105484,2024-04-02,Limerick,Clothing,Kidswear,110.06,1,0.05,25.63,2024-04,2024Q2,2024,0.2329
104442,2024-04-02,Cork,Clothing,Accessories,215.8,2,0.0,74.99,2024-04,2024Q2,2024,0.3475
103339,2024-04-02,Dublin,Homeware,Storage,37.6,1,0.0,10.59,2024-04,2024Q2,2024,0.2816
100418,2024-04-02,Dublin,Electronics,Laptops,2552.95,4,0.1,544.21,2024-04,2024Q2,2024,0.2132
106226,2024-04-02,Dublin,Electronics,Smart Home,177.78,1,0.05,58.43,2024-04,2024Q2,2024,0.3287
106189,2024-04-03,Dublin,Clothing,Accessories,72.3,1,0.1,11.01,2024-04,2024Q2,2024,0.1523
106269,2024-04-03,Limerick,Grocery,Fresh Produce,29.23,3,0.2,3.37,2024-04,2024Q2,2024,0.1153
104472,2024-04-04,Galway,Clothing,Footwear,31.02,2,0.0,11.44,2024-04,2024Q2,2024,0.3688
101678,2024-04-04,Dublin,Electronics,Headphones,804.4,2,0.0,283.22,2024-04,2024Q2,2024,0.3521
101500,2024-04-04,Limerick,Homeware,Kitchenware,10.61,1,0.0,4.49,2024-04,2024Q2,2024,0.4232
101082,2024-04-04,Cork,Homeware,Lighting,907.08,4,0.2,136.06,2024-04,2024Q2,2024,0.15
106343,2024-04-04,Dublin,Electronics,Headphones,1023.68,3,0.15,293.78,2024-04,2024Q2,2024,0.287
104916,2024-04-04,Galway,Electronics,Smart Home,881.44,2,0.0,227.13,2024-04,2024Q2,2024,0.2577
104130,2024-04-04,Galway,Grocery,Beverages,77.82,2,0.0,34.71,2024-04,2024Q2,2024,0.446
104326,2024-04-04,Cork,Clothing,Womenswear,283.8,3,0.0,93.04,2024-04,2024Q2,2024,0.3278
104213,2024-04-04,Galway,Clothing,Kidswear,9.51,1,0.0,3.88,2024-04,2024Q2,2024,0.408
104320,2024-04-05,Limerick,Electronics,TVs,635.87,1,0.05,153.93,2024-04,2024Q2,2024,0.2421
102067,2024-04-05,Dublin,Clothing,Accessories,29.03,2,0.05,6.48,2024-04,2024Q2,2024,0.2232
100271,2024-04-05,Dublin,Grocery,Beverages,44.34,2,0.0,14.79,2024-04,2024Q2,2024,0.3336
104987,2024-04-05,Limerick,Grocery,Bakery,9.84,1,0.0,2.47,2024-04,2024Q2,2024,0.251
101537,2024-04-05,Cork,Grocery,Fresh Produce,7.2,1,0.1,2.51,2024-04,2024Q2,2024,0.3486
106206,2024-04-05,Limerick,Electronics,Laptops,510.24,1,0.0,136.27,2024-04,2024Q2,2024,0.2671
106426,2024-04-06,Limerick,Clothing,Footwear,113.97,1,0.0,40.71,2024-04,2024Q2,2024,0.3572
106146,2024-04-06,Limerick,Clothing,Accessories,189.58,2,0.0,59.01,2024-04,2024Q2,2024,0.3113
101887,2024-04-06,Cork,Homeware,Bedding,29.06,1,0.0,10.39,2024-04,2024Q2,2024,0.3575
103892,2024-04-06,Limerick,Clothing,Menswear,323.91,3,0.2,44.15,2024-04,2024Q2,2024,0.1363
106295,2024-04-07,Dublin,Homeware,Bedding,195.48,1,0.0,55.61,2024-04,2024Q2,2024,0.2845
104606,2024-04-07,Dublin,Grocery,Snacks,5.69,1,0.2,0.99,2024-04,2024Q2,2024,0.174
105614,2024-04-07,Cork,Homeware,Lighting,45.54,3,0.0,15.97,2024-04,2024Q2,2024,0.3507
101840,2024-04-07,Dublin,Electronics,TVs,114.77,2,0.2,13.16,2024-04,2024Q2,2024,0.1147
101201,2024-04-07,Galway,Grocery,Fresh Produce,17.47,1,0.2,2.92,2024-04,2024Q2,2024,0.1671
102985,2024-04-07,Dublin,Homeware,Bedding,275.75,2,0.0,53.67,2024-04,2024Q2,2024,0.1946
102972,2024-04-07,Cork,Grocery,Bakery,48.08,2,0.0,5.35,2024-04,2024Q2,2024,0.1113
105226,2024-04-07,Dublin,Electronics,Smart Home,521.01,1,0.0,197.91,2024-04,2024Q2,2024,0.3799
105133,2024-04-07,Limerick,Homeware,Bedding,431.28,4,0.1,126.6,2024-04,2024Q2,2024,0.2935
102092,2024-04-07,Dublin,Homeware,Furniture,916.18,3,0.0,263.84,2024-04,2024Q2,2024,0.288
100941,2024-04-07,Cork,Homeware,Bedding,525.6,3,0.0,168.45,2024-04,2024Q2,2024,0.3205
105329,2024-04-07,Dublin,Homeware,Lighting,563.45,3,0.1,134.55,2024-04,2024Q2,2024,0.2388
105254,2024-04-08,Limerick,Clothing,Accessories,65.35,1,0.0,27.4,2024-04,2024Q2,2024,0.4193
104421,2024-04-08,Dublin,Homeware,Lighting,683.79,3,0.0,220.78,2024-04,2024Q2,2024,0.3229
101906,2024-04-08,Cork,Clothing,Accessories,216.31,4,0.0,75.71,2024-04,2024Q2,2024,0.35
103226,2024-04-08,Dublin,Grocery,Snacks,25.12,3,0.05,9.43,2024-04,2024Q2,2024,0.3754
106144,2024-04-08,Dublin,Homeware,Kitchenware,426.85,2,0.0,182.05,2024-04,2024Q2,2024,0.4265
105031,2024-04-08,Cork,Grocery,Dairy,64.96,2,0.1,12.59,2024-04,2024Q2,2024,0.1938
102869,2024-04-08,Galway,Clothing,Menswear,48.95,1,0.0,16.8,2024-04,2024Q2,2024,0.3432
103381,2024-04-08,Galway,Electronics,Mobile Accessories,300.52,1,0.2,64.07,2024-04,2024Q2,2024,0.2132
102973,2024-04-08,Dublin,Electronics,Mobile Accessories,1850.3,3,0.1,290.75,2024-04,2024Q2,2024,0.1571
104834,2024-04-08,Dublin,Homeware,Bedding,76.28,4,0.0,20.56,2024-04,2024Q2,2024,0.2695
103489,2024-04-09,Cork,Electronics,Laptops,346.3,2,0.0,93.67,2024-04,2024Q2,2024,0.2705
101447,2024-04-09,Cork,Grocery,Snacks,62.76,2,0.1,21.58,2024-04,2024Q2,2024,0.3438
101165,2024-04-09,Limerick,Grocery,Bakery,96.8,3,0.0,37.12,2024-04,2024Q2,2024,0.3835
105802,2024-04-09,Dublin,Electronics,Smart Home,395.78,1,0.0,75.7,2024-04,2024Q2,2024,0.1913
103982,2024-04-09,Dublin,Clothing,Womenswear,328.58,4,0.1,90.56,2024-04,2024Q2,2024,0.2756
102931,2024-04-09,Dublin,Homeware,Kitchenware,619.67,2,0.1,168.49,2024-04,2024Q2,2024,0.2719
104696,2024-04-09,Galway,Clothing,Menswear,149.8,2,0.0,50.13,2024-04,2024Q2,2024,0.3346
100178,2024-04-09,Dublin,Clothing,Accessories,252.22,4,0.0,72.46,2024-04,2024Q2,2024,0.2873
101220,2024-04-09,Dublin,Electronics,Smart Home,1350.1,2,0.2,271.44,2024-04,2024Q2,2024,0.2011
104905,2024-04-10,Cork,Grocery,Fresh Produce,82.12,4,0.2,4.66,2024-04,2024Q2,2024,0.0567
106466,2024-04-10,Cork,Homeware,Lighting,151.8,4,0.1,33.81,2024-04,2024Q2,2024,0.2227
102359,2024-04-10,Cork,Homeware,Kitchenware,396.34,2,0.0,105.79,2024-04,2024Q2,2024,0.2669
106065,2024-04-10,Dublin,Grocery,Fresh Produce,67.27,2,0.05,14.45,2024-04,2024Q2,2024,0.2148
103890,2024-04-10,Dublin,Clothing,Womenswear,365.94,3,0.1,63.86,2024-04,2024Q2,2024,0.1745
102609,2024-04-10,Dublin,Homeware,Furniture,277.0,1,0.0,81.94,2024-04,2024Q2,2024,0.2958
100549,2024-04-10,Galway,Homeware,Bedding,440.26,2,0.05,113.26,2024-04,2024Q2,2024,0.2573
104064,2024-04-10,Galway,Homeware,Furniture,865.53,3,0.2,204.31,2024-04,2024Q2,2024,0.2361
106392,2024-04-10,Galway,Grocery,Beverages,73.72,2,0.1,12.48,2024-04,2024Q2,2024,0.1693
101325,2024-04-11,Galway,Electronics,Mobile Accessories,1189.84,2,0.1,249.34,2024-04,2024Q2,2024,0.2096
101888,2024-04-11,Dublin,Electronics,Laptops,1616.15,2,0.2,201.2,2024-04,2024Q2,2024,0.1245
106346,2024-04-11,Galway,Homeware,Lighting,276.33,1,0.0,120.72,2024-04,2024Q2,2024,0.4369
105948,2024-04-11,Dublin,Homeware,Kitchenware,146.68,1,0.0,42.19,2024-04,2024Q2,2024,0.2876
102379,2024-04-11,Dublin,Grocery,Beverages,62.95,2,0.15,7.69,2024-04,2024Q2,2024,0.1222
103427,2024-04-11,Galway,Clothing,Accessories,27.09,1,0.15,6.34,2024-04,2024Q2,2024,0.234
100282,2024-04-11,Dublin,Homeware,Lighting,154.09,1,0.2,10.85,2024-04,2024Q2,2024,0.0704
104670,2024-04-11,Galway,Homeware,Kitchenware,503.22,2,0.0,131.45,2024-04,2024Q2,2024,0.2612
100819,2024-04-12,Cork,Clothing,Footwear,86.44,2,0.0,29.66,2024-04,2024Q2,2024,0.3431
102841,2024-04-12,Cork,Clothing,Menswear,18.71,1,0.15,5.21,2024-04,2024Q2,2024,0.2785
101917,2024-04-12,Dublin,Clothing,Womenswear,229.62,3,0.0,81.73,2024-04,2024Q2,2024,0.3559
101332,2024-04-12,Limerick,Clothing,Womenswear,277.98,4,0.05,108.7,2024-04,2024Q2,2024,0.391
101939,2024-04-12,Dublin,Electronics,Laptops,245.94,1,0.0,109.59,2024-04,2024Q2,2024,0.4456
102968,2024-04-12,Galway,Electronics,Smart Home,706.58,1,0.2,41.45,2024-04,2024Q2,2024,0.0587
105659,2024-04-12,Dublin,Clothing,Footwear,95.76,1,0.05,33.56,2024-04,2024Q2,2024,0.3505
101474,2024-04-13,Dublin,Homeware,Storage,105.8,2,0.1,20.93,2024-04,2024Q2,2024,0.1978
104276,2024-04-13,Galway,Homeware,Lighting,99.48,1,0.0,25.42,2024-04,2024Q2,2024,0.2555
102114,2024-04-13,Limerick,Homeware,Kitchenware,56.69,1,0.0,23.29,2024-04,2024Q2,2024,0.4108
100006,2024-04-13,Dublin,Clothing,Kidswear,30.15,1,0.0,9.53,2024-04,2024Q2,2024,0.3161
100337,2024-04-13,Galway,Grocery,Snacks,36.12,3,0.05,10.32,2024-04,2024Q2,2024,0.2857
102761,2024-04-14,Dublin,Clothing,Accessories,31.71,1,0.15,9.5,2024-04,2024Q2,2024,0.2996
100393,2024-04-14,Cork,Homeware,Storage,245.56,2,0.2,22.26,2024-04,2024Q2,2024,0.0906
104952,2024-04-14,Cork,Clothing,Kidswear,59.6,4,0.15,13.56,2024-04,2024Q2,2024,0.2275
102908,2024-04-14,Galway,Homeware,Furniture,511.26,2,0.15,84.2,2024-04,2024Q2,2024,0.1647
103435,2024-04-14,Dublin,Homeware,Bedding,216.31,2,0.0,56.93,2024-04,2024Q2,2024,0.2632
102900,2024-04-14,Dublin,Electronics,Mobile Accessories,1204.6,3,0.0,343.05,2024-04,2024Q2,2024,0.2848
103698,2024-04-14,Galway,Electronics,Smart Home,312.56,4,0.05,122.01,2024-04,2024Q2,2024,0.3904
100240,2024-04-14,Dublin,Homeware,Lighting,322.37,2,0.1,86.52,2024-04,2024Q2,2024,0.2684
100258,2024-04-14,Galway,Homeware,Furniture,209.08,2,0.0,83.12,2024-04,2024Q2,2024,0.3976
105296,2024-04-14,Limerick,Grocery,Bakery,39.5,2,0.15,8.71,2024-04,2024Q2,2024,0.2205
102047,2024-04-14,Dublin,Grocery,Beverages,44.21,2,0.2,5.93,2024-04,2024Q2,2024,0.1341
101856,2024-04-15,Dublin,Homeware,Kitchenware,1244.62,4,0.0,434.79,2024-04,2024Q2,2024,0.3493
103123,2024-04-15,Dublin,Grocery,Beverages,37.23,1,0.05,13.56,2024-04,2024Q2,2024,0.3642
104363,2024-04-15,Dublin,Grocery,Bakery,6.53,1,0.0,1.67,2024-04,2024Q2,2024,0.2557
104890,2024-04-15,Cork,Grocery,Bakery,67.74,3,0.0,29.82,2024-04,2024Q2,2024,0.4402
100361,2024-04-15,Dublin,Grocery,Bakery,5.15,1,0.0,1.34,2024-04,2024Q2,2024,0.2602
104621,2024-04-15,Cork,Grocery,Fresh Produce,43.98,3,0.2,7.55,2024-04,2024Q2,2024,0.1717
105525,2024-04-15,Galway,Electronics,Mobile Accessories,645.25,1,0.0,238.0,2024-04,2024Q2,2024,0.3688
104595,2024-04-15,Galway,Homeware,Bedding,187.52,2,0.15,33.21,2024-04,2024Q2,2024,0.1771
100155,2024-04-16,Galway,Grocery,Bakery,7.36,2,0.0,2.11,2024-04,2024Q2,2024,0.2867
100465,2024-04-16,Dublin,Homeware,Kitchenware,459.77,2,0.0,185.81,2024-04,2024Q2,2024,0.4041
104105,2024-04-16,Limerick,Grocery,Beverages,36.31,1,0.1,10.93,2024-04,2024Q2,2024,0.301
100585,2024-04-16,Galway,Grocery,Bakery,29.56,1,0.0,13.1,2024-04,2024Q2,2024,0.4432
103568,2024-04-16,Dublin,Grocery,Bakery,40.62,2,0.0,15.46,2024-04,2024Q2,2024,0.3806
105756,2024-04-17,Galway,Electronics,Headphones,197.66,1,0.0,80.34,2024-04,2024Q2,2024,0.4065
102913,2024-04-17,Dublin,Grocery,Snacks,28.36,2,0.0,7.39,2024-04,2024Q2,2024,0.2606
104824,2024-04-17,Cork,Grocery,Dairy,15.5,1,0.0,4.11,2024-04,2024Q2,2024,0.2652
101146,2024-04-17,Cork,Electronics,Smart Home,57.5,1,0.0,19.9,2024-04,2024Q2,2024,0.3461
100901,2024-04-17,Galway,Electronics,Laptops,354.05,1,0.1,65.76,2024-04,2024Q2,2024,0.1857
101660,2024-04-18,Cork,Clothing,Kidswear,146.91,3,0.05,43.52,2024-04,2024Q2,2024,0.2962
100714,2024-04-18,Galway,Homeware,Kitchenware,134.04,4,0.15,22.53,2024-04,2024Q2,2024,0.1681
105310,2024-04-18,Galway,Homeware,Storage,715.76,4,0.15,147.5,2024-04,2024Q2,2024,0.2061
102125,2024-04-18,Limerick,Electronics,Laptops,1047.84,2,0.0,330.33,2024-04,2024Q2,2024,0.3152
104199,2024-04-18,Dublin,Clothing,Footwear,499.97,4,0.0,181.43,2024-04,2024Q2,2024,0.3629
103414,2024-04-18,Dublin,Electronics,Headphones,977.04,4,0.05,238.49,2024-04,2024Q2,2024,0.2441
101677,2024-04-18,Galway,Homeware,Kitchenware,93.26,2,0.0,25.58,2024-04,2024Q2,2024,0.2743
103398,2024-04-18,Cork,Grocery,Dairy,35.62,2,0.0,13.44,2024-04,2024Q2,2024,0.3773
103329,2024-04-18,Cork,Homeware,Bedding,206.55,1,0.2,34.21,2024-04,2024Q2,2024,0.1656
104865,2024-04-18,Dublin,Clothing,Footwear,113.95,1,0.15,12.53,2024-04,2024Q2,2024,0.11
105390,2024-04-19,Limerick,Grocery,Beverages,33.96,1,0.0,12.65,2024-04,2024Q2,2024,0.3725
106312,2024-04-19,Dublin,Clothing,Footwear,30.52,1,0.1,8.43,2024-04,2024Q2,2024,0.2762
106244,2024-04-19,Dublin,Homeware,Kitchenware,1340.3,4,0.0,519.95,2024-04,2024Q2,2024,0.3879
104827,2024-04-19,Galway,Clothing,Footwear,26.56,2,0.05,5.57,2024-04,2024Q2,2024,0.2097
100198,2024-04-19,Limerick,Grocery,Beverages,69.37,3,0.1,17.01,2024-04,2024Q2,2024,0.2452
103535,2024-04-19,Cork,Clothing,Footwear,36.72,1,0.05,10.61,2024-04,2024Q2,2024,0.2889
101244,2024-04-19,Dublin,Homeware,Furniture,757.72,3,0.1,194.0,2024-04,2024Q2,2024,0.256
100659,2024-04-19,Dublin,Grocery,Snacks,41.68,2,0.0,15.36,2024-04,2024Q2,2024,0.3685
100559,2024-04-19,Dublin,Electronics,Mobile Accessories,823.33,2,0.1,220.09,2024-04,2024Q2,2024,0.2673
102630,2024-04-19,Cork,Electronics,Mobile Accessories,403.07,2,0.2,73.7,2024-04,2024Q2,2024,0.1828
106368,2024-04-19,Dublin,Homeware,Furniture,191.18,1,0.0,49.2,2024-04,2024Q2,2024,0.2573
100450,2024-04-19,Dublin,Electronics,Smart Home,1879.74,4,0.2,266.37,2024-04,2024Q2,2024,0.1417
102892,2024-04-20,Dublin,Clothing,Womenswear,10.82,1,0.0,4.3,2024-04,2024Q2,2024,0.3974
100181,2024-04-20,Cork,Grocery,Beverages,31.03,1,0.0,11.48,2024-04,2024Q2,2024,0.37
100979,2024-04-20,Limerick,Clothing,Footwear,30.34,1,0.0,11.73,2024-04,2024Q2,2024,0.3866
105536,2024-04-20,Dublin,Clothing,Womenswear,80.72,1,0.0,22.8,2024-04,2024Q2,2024,0.2825
106414,2024-04-21,Limerick,Electronics,TVs,110.31,1,0.0,47.15,2024-04,2024Q2,2024,0.4274
106407,2024-04-21,Dublin,Homeware,Kitchenware,173.18,1,0.2,13.68,2024-04,2024Q2,2024,0.079
103512,2024-04-21,Cork,Grocery,Bakery,18.7,1,0.1,5.69,2024-04,2024Q2,2024,0.3043
101032,2024-04-21,Galway,Homeware,Kitchenware,73.68,1,0.0,24.68,2024-04,2024Q2,2024,0.335
101666,2024-04-21,Dublin,Electronics,Headphones,586.74,1,0.05,189.76,2024-04,2024Q2,2024,0.3234
101092,2024-04-21,Cork,Grocery,Dairy,39.22,2,0.15,7.31,2024-04,2024Q2,2024,0.1864
105532,2024-04-22,Limerick,Grocery,Bakery,27.11,1,0.05,10.25,2024-04,2024Q2,2024,0.3781
101952,2024-04-22,Cork,Homeware,Bedding,102.42,2,0.05,25.64,2024-04,2024Q2,2024,0.2503
103429,2024-04-22,Dublin,Electronics,Laptops,614.94,1,0.15,97.99,2024-04,2024Q2,2024,0.1593
102511,2024-04-22,Cork,Electronics,TVs,315.49,1,0.1,64.12,2024-04,2024Q2,2024,0.2032
101029,2024-04-22,Dublin,Clothing,Womenswear,87.12,2,0.15,16.89,2024-04,2024Q2,2024,0.1939
105794,2024-04-23,Dublin,Clothing,Menswear,105.85,2,0.15,16.68,2024-04,2024Q2,2024,0.1576
105940,2024-04-23,Cork,Electronics,Smart Home,154.62,1,0.05,54.66,2024-04,2024Q2,2024,0.3535
100487,2024-04-23,Dublin,Electronics,Headphones,629.05,1,0.0,173.18,2024-04,2024Q2,2024,0.2753
105647,2024-04-23,Dublin,Homeware,Lighting,971.73,3,0.0,298.19,2024-04,2024Q2,2024,0.3069
100740,2024-04-23,Limerick,Electronics,TVs,51.23,1,0.0,16.6,2024-04,2024Q2,2024,0.324
104139,2024-04-23,Dublin,Grocery,Snacks,78.52,2,0.0,33.22,2024-04,2024Q2,2024,0.4231
102937,2024-04-23,Galway,Electronics,Headphones,1072.48,2,0.0,393.54,2024-04,2024Q2,2024,0.3669
102707,2024-04-23,Dublin,Grocery,Dairy,20.15,2,0.0,5.27,2024-04,2024Q2,2024,0.2615
103704,2024-04-23,Dublin,Electronics,Laptops,303.19,1,0.1,87.01,2024-04,2024Q2,2024,0.287
102069,2024-04-23,Cork,Electronics,Smart Home,601.04,2,0.0,233.64,2024-04,2024Q2,2024,0.3887
104149,2024-04-24,Dublin,Clothing,Accessories,208.7,4,0.2,23.52,2024-04,2024Q2,2024,0.1127
101236,2024-04-24,Limerick,Homeware,Lighting,23.78,2,0.05,7.15,2024-04,2024Q2,2024,0.3007
105188,2024-04-24,Cork,Electronics,Laptops,384.24,2,0.0,169.75,2024-04,2024Q2,2024,0.4418
103711,2024-04-24,Dublin,Homeware,Storage,398.82,4,0.1,91.52,2024-04,2024Q2,2024,0.2295
102600,2024-04-24,Galway,Homeware,Storage,34.18,1,0.15,6.81,2024-04,2024Q2,2024,0.1992
106088,2024-04-24,Dublin,Electronics,Smart Home,274.78,2,0.1,64.89,2024-04,2024Q2,2024,0.2362
105983,2024-04-24,Dublin,Grocery,Beverages,30.76,1,0.0,3.56,2024-04,2024Q2,2024,0.1157
104072,2024-04-24,Cork,Homeware,Kitchenware,268.62,3,0.15,63.25,2024-04,2024Q2,2024,0.2355
101570,2024-04-25,Cork,Clothing,Accessories,351.16,4,0.0,154.31,2024-04,2024Q2,2024,0.4394
103332,2024-04-25,Galway,Homeware,Furniture,119.79,3,0.2,28.76,2024-04,2024Q2,2024,0.2401
100572,2024-04-25,Cork,Electronics,Laptops,529.51,2,0.2,28.21,2024-04,2024Q2,2024,0.0533
102160,2024-04-25,Limerick,Clothing,Womenswear,284.32,4,0.05,85.3,2024-04,2024Q2,2024,0.3
105564,2024-04-25,Galway,Grocery,Snacks,26.42,2,0.0,10.18,2024-04,2024Q2,2024,0.3853
102055,2024-04-25,Limerick,Grocery,Bakery,77.33,3,0.2,12.85,2024-04,2024Q2,2024,0.1662
103882,2024-04-25,Galway,Electronics,Mobile Accessories,781.23,3,0.0,298.23,2024-04,2024Q2,2024,0.3817
104056,2024-04-26,Dublin,Grocery,Bakery,33.91,1,0.0,13.27,2024-04,2024Q2,2024,0.3913
100165,2024-04-26,Dublin,Homeware,Lighting,368.34,2,0.0,146.47,2024-04,2024Q2,2024,0.3976
104391,2024-04-26,Cork,Homeware,Bedding,457.98,2,0.15,100.2,2024-04,2024Q2,2024,0.2188
105210,2024-04-26,Limerick,Grocery,Snacks,41.86,2,0.15,7.59,2024-04,2024Q2,2024,0.1813
103472,2024-04-26,Cork,Electronics,Smart Home,688.76,2,0.15,151.15,2024-04,2024Q2,2024,0.2195
101147,2024-04-26,Dublin,Clothing,Footwear,124.75,4,0.1,31.51,2024-04,2024Q2,2024,0.2526
103914,2024-04-27,Galway,Grocery,Snacks,25.71,3,0.0,6.63,2024-04,2024Q2,2024,0.2579
105320,2024-04-27,Limerick,Clothing,Womenswear,45.72,2,0.0,18.78,2024-04,2024Q2,2024,0.4108
105115,2024-04-27,Cork,Clothing,Womenswear,153.72,2,0.15,40.68,2024-04,2024Q2,2024,0.2646
100770,2024-04-27,Dublin,Grocery,Snacks,26.47,1,0.05,10.43,2024-04,2024Q2,2024,0.394
106068,2024-04-27,Galway,Homeware,Furniture,334.53,3,0.0,98.36,2024-04,2024Q2,2024,0.294
103885,2024-04-27,Dublin,Grocery,Dairy,25.18,1,0.05,6.16,2024-04,2024Q2,2024,0.2446
106482,2024-04-27,Dublin,Electronics,Laptops,223.15,1,0.2,36.67,2024-04,2024Q2,2024,0.1643
103106,2024-04-27,Limerick,Clothing,Kidswear,48.04,4,0.2,11.72,2024-04,2024Q2,2024,0.244
103238,2024-04-27,Cork,Homeware,Bedding,73.78,2,0.1,11.95,2024-04,2024Q2,2024,0.162
104469,2024-04-27,Galway,Electronics,TVs,432.61,1,0.0,108.6,2024-04,2024Q2,2024,0.251
100012,2024-04-27,Galway,Grocery,Beverages,12.48,2,0.0,4.48,2024-04,2024Q2,2024,0.359
104727,2024-04-27,Limerick,Clothing,Kidswear,81.77,1,0.2,18.35,2024-04,2024Q2,2024,0.2244
104076,2024-04-28,Cork,Clothing,Accessories,144.2,2,0.0,46.31,2024-04,2024Q2,2024,0.3212
102527,2024-04-28,Dublin,Grocery,Bakery,48.71,3,0.15,9.93,2024-04,2024Q2,2024,0.2039
100871,2024-04-28,Cork,Homeware,Bedding,285.52,4,0.15,45.69,2024-04,2024Q2,2024,0.16
100365,2024-04-28,Dublin,Clothing,Menswear,159.39,2,0.15,31.88,2024-04,2024Q2,2024,0.2
101673,2024-04-28,Galway,Grocery,Fresh Produce,9.92,1,0.0,3.51,2024-04,2024Q2,2024,0.3538
102130,2024-04-28,Galway,Grocery,Bakery,16.76,1,0.05,3.59,2024-04,2024Q2,2024,0.2142
105533,2024-04-28,Dublin,Grocery,Dairy,40.57,3,0.0,13.19,2024-04,2024Q2,2024,0.3251
104897,2024-04-28,Limerick,Clothing,Kidswear,313.38,3,0.0,103.61,2024-04,2024Q2,2024,0.3306
106372,2024-04-29,Dublin,Electronics,Laptops,148.6,1,0.2,18.12,2024-04,2024Q2,2024,0.1219
101722,2024-04-29,Dublin,Clothing,Footwear,25.21,1,0.0,11.25,2024-04,2024Q2,2024,0.4463
101423,2024-04-29,Dublin,Grocery,Dairy,86.48,2,0.15,11.77,2024-04,2024Q2,2024,0.1361
104448,2024-04-29,Dublin,Electronics,Mobile Accessories,167.96,1,0.05,54.47,2024-04,2024Q2,2024,0.3243
102118,2024-04-29,Dublin,Clothing,Menswear,170.31,2,0.2,20.36,2024-04,2024Q2,2024,0.1195
104889,2024-04-29,Cork,Homeware,Furniture,109.91,1,0.05,22.54,2024-04,2024Q2,2024,0.2051
103725,2024-04-29,Limerick,Electronics,Laptops,154.41,1,0.05,31.37,2024-04,2024Q2,2024,0.2032
101787,2024-04-29,Dublin,Homeware,Bedding,307.97,1,0.0,95.98,2024-04,2024Q2,2024,0.3117
100632,2024-04-29,Dublin,Grocery,Dairy,7.83,1,0.0,3.23,2024-04,2024Q2,2024,0.4125
105082,2024-04-29,Dublin,Grocery,Fresh Produce,71.21,3,0.0,26.85,2024-04,2024Q2,2024,0.3771
102455,2024-04-30,Cork,Grocery,Snacks,23.15,1,0.1,4.59,2024-04,2024Q2,2024,0.1983
100949,2024-05-01,Dublin,Electronics,Headphones,463.24,1,0.05,136.15,2024-05,2024Q2,2024,0.2939
104315,2024-05-01,Cork,Clothing,Menswear,55.06,1,0.0,18.52,2024-05,2024Q2,2024,0.3364
104881,2024-05-01,Galway,Clothing,Accessories,114.87,1,0.2,15.76,2024-05,2024Q2,2024,0.1372
100887,2024-05-01,Dublin,Clothing,Kidswear,97.81,1,0.15,14.77,2024-05,2024Q2,2024,0.151
105743,2024-05-01,Dublin,Homeware,Storage,386.7,2,0.0,125.17,2024-05,2024Q2,2024,0.3237
101427,2024-05-01,Cork,Grocery,Snacks,4.8,2,0.0,1.83,2024-05,2024Q2,2024,0.3813
100444,2024-05-01,Dublin,Clothing,Accessories,22.91,1,0.1,6.67,2024-05,2024Q2,2024,0.2911
102483,2024-05-01,Cork,Grocery,Bakery,83.25,3,0.0,22.14,2024-05,2024Q2,2024,0.2659
102579,2024-05-01,Dublin,Electronics,Headphones,331.86,1,0.1,50.26,2024-05,2024Q2,2024,0.1514
101117,2024-05-01,Dublin,Clothing,Footwear,38.01,1,0.0,9.96,2024-05,2024Q2,2024,0.262
101227,2024-05-02,Cork,Grocery,Snacks,58.35,3,0.0,16.45,2024-05,2024Q2,2024,0.2819
102052,2024-05-02,Galway,Clothing,Kidswear,379.48,4,0.2,92.2,2024-05,2024Q2,2024,0.243
102068,2024-05-02,Dublin,Grocery,Beverages,120.99,3,0.2,23.49,2024-05,2024Q2,2024,0.1941
105497,2024-05-02,Dublin,Homeware,Furniture,1013.61,3,0.0,427.74,2024-05,2024Q2,2024,0.422
100333,2024-05-02,Cork,Homeware,Kitchenware,570.56,2,0.0,148.45,2024-05,2024Q2,2024,0.2602
105642,2024-05-03,Dublin,Electronics,Smart Home,476.84,1,0.2,28.48,2024-05,2024Q2,2024,0.0597
102742,2024-05-03,Galway,Electronics,TVs,823.52,2,0.0,315.47,2024-05,2024Q2,2024,0.3831
104576,2024-05-03,Cork,Homeware,Storage,364.28,4,0.1,105.58,2024-05,2024Q2,2024,0.2898
105820,2024-05-03,Limerick,Homeware,Storage,191.74,1,0.15,32.41,2024-05,2024Q2,2024,0.169
100687,2024-05-03,Cork,Grocery,Snacks,35.61,1,0.1,11.59,2024-05,2024Q2,2024,0.3255
106359,2024-05-03,Dublin,Electronics,TVs,1731.49,4,0.05,407.96,2024-05,2024Q2,2024,0.2356
101057,2024-05-03,Cork,Homeware,Bedding,40.05,1,0.2,5.96,2024-05,2024Q2,2024,0.1488
103730,2024-05-03,Dublin,Grocery,Snacks,83.77,3,0.2,20.78,2024-05,2024Q2,2024,0.2481
100758,2024-05-03,Dublin,Grocery,Fresh Produce,25.15,1,0.0,9.78,2024-05,2024Q2,2024,0.3889
106098,2024-05-03,Cork,Grocery,Bakery,19.68,1,0.15,4.42,2024-05,2024Q2,2024,0.2246
106416,2024-05-03,Dublin,Homeware,Storage,465.8,4,0.1,79.74,2024-05,2024Q2,2024,0.1712
103526,2024-05-04,Cork,Grocery,Beverages,17.68,2,0.15,2.83,2024-05,2024Q2,2024,0.1601
102510,2024-05-04,Limerick,Homeware,Furniture,73.44,3,0.2,18.35,2024-05,2024Q2,2024,0.2499
101572,2024-05-04,Dublin,Grocery,Dairy,8.25,1,0.0,3.01,2024-05,2024Q2,2024,0.3648
102561,2024-05-04,Cork,Clothing,Menswear,322.44,4,0.0,111.2,2024-05,2024Q2,2024,0.3449
103813,2024-05-04,Cork,Electronics,Mobile Accessories,680.75,4,0.0,257.75,2024-05,2024Q2,2024,0.3786
100907,2024-05-04,Dublin,Electronics,Headphones,1126.15,2,0.05,268.4,2024-05,2024Q2,2024,0.2383
103346,2024-05-04,Galway,Clothing,Footwear,100.38,1,0.0,32.94,2024-05,2024Q2,2024,0.3282
103350,2024-05-04,Galway,Homeware,Bedding,708.8,4,0.0,284.51,2024-05,2024Q2,2024,0.4014
104900,2024-05-04,Cork,Homeware,Storage,96.77,1,0.0,37.5,2024-05,2024Q2,2024,0.3875
103505,2024-05-04,Dublin,Grocery,Fresh Produce,90.99,4,0.0,36.34,2024-05,2024Q2,2024,0.3994
104081,2024-05-05,Dublin,Electronics,Smart Home,701.89,1,0.1,226.07,2024-05,2024Q2,2024,0.3221
100625,2024-05-05,Cork,Grocery,Snacks,102.4,4,0.15,11.36,2024-05,2024Q2,2024,0.1109
105771,2024-05-05,Cork,Clothing,Accessories,105.77,1,0.0,39.72,2024-05,2024Q2,2024,0.3755
105830,2024-05-05,Cork,Clothing,Accessories,183.68,4,0.05,56.77,2024-05,2024Q2,2024,0.3091
106405,2024-05-05,Dublin,Clothing,Womenswear,188.42,2,0.0,64.61,2024-05,2024Q2,2024,0.3429
103949,2024-05-05,Limerick,Grocery,Fresh Produce,26.4,1,0.1,6.7,2024-05,2024Q2,2024,0.2538
102772,2024-05-05,Cork,Homeware,Storage,249.15,1,0.0,108.24,2024-05,2024Q2,2024,0.4344
101006,2024-05-06,Dublin,Grocery,Fresh Produce,41.57,1,0.0,17.55,2024-05,2024Q2,2024,0.4222
104219,2024-05-06,Dublin,Homeware,Storage,586.82,2,0.0,248.0,2024-05,2024Q2,2024,0.4226
105597,2024-05-06,Limerick,Grocery,Beverages,84.31,2,0.2,7.16,2024-05,2024Q2,2024,0.0849
102906,2024-05-06,Dublin,Clothing,Accessories,113.8,1,0.2,25.68,2024-05,2024Q2,2024,0.2257
104078,2024-05-06,Dublin,Electronics,Smart Home,2126.75,3,0.1,486.77,2024-05,2024Q2,2024,0.2289
102292,2024-05-06,Cork,Clothing,Menswear,86.54,2,0.05,34.41,2024-05,2024Q2,2024,0.3976
101059,2024-05-06,Cork,Electronics,Laptops,187.36,3,0.15,47.19,2024-05,2024Q2,2024,0.2519
105393,2024-05-07,Dublin,Electronics,TVs,64.83,1,0.0,19.49,2024-05,2024Q2,2024,0.3006
103576,2024-05-07,Galway,Grocery,Fresh Produce,71.22,3,0.0,19.24,2024-05,2024Q2,2024,0.2701
105516,2024-05-07,Dublin,Electronics,TVs,623.29,1,0.0,202.43,2024-05,2024Q2,2024,0.3248
105793,2024-05-07,Cork,Clothing,Kidswear,242.76,3,0.1,84.61,2024-05,2024Q2,2024,0.3485
103401,2024-05-07,Dublin,Homeware,Kitchenware,584.84,2,0.0,255.97,2024-05,2024Q2,2024,0.4377
101360,2024-05-07,Cork,Electronics,Smart Home,678.29,2,0.0,185.09,2024-05,2024Q2,2024,0.2729
100916,2024-05-07,Cork,Grocery,Fresh Produce,118.8,3,0.2,19.26,2024-05,2024Q2,2024,0.1621
103648,2024-05-07,Dublin,Grocery,Beverages,65.66,2,0.2,7.29,2024-05,2024Q2,2024,0.111
101456,2024-05-07,Limerick,Clothing,Menswear,61.8,4,0.0,16.34,2024-05,2024Q2,2024,0.2644
105547,2024-05-07,Dublin,Clothing,Womenswear,31.84,1,0.1,8.19,2024-05,2024Q2,2024,0.2572
103508,2024-05-07,Galway,Electronics,Laptops,107.31,1,0.15,14.48,2024-05,2024Q2,2024,0.1349
102554,2024-05-08,Cork,Homeware,Lighting,557.56,2,0.1,136.49,2024-05,2024Q2,2024,0.2448
105797,2024-05-08,Dublin,Clothing,Womenswear,158.29,2,0.05,50.16,2024-05,2024Q2,2024,0.3169
104593,2024-05-08,Galway,Clothing,Menswear,47.49,1,0.15,13.24,2024-05,2024Q2,2024,0.2788
105526,2024-05-08,Galway,Electronics,Headphones,232.48,2,0.1,61.56,2024-05,2024Q2,2024,0.2648
102100,2024-05-08,Dublin,Grocery,Dairy,33.56,1,0.05,8.49,2024-05,2024Q2,2024,0.253
104620,2024-05-08,Dublin,Clothing,Menswear,83.65,1,0.0,32.56,2024-05,2024Q2,2024,0.3892
101108,2024-05-08,Limerick,Homeware,Lighting,616.47,3,0.0,202.75,2024-05,2024Q2,2024,0.3289
103761,2024-05-08,Limerick,Homeware,Storage,411.79,2,0.2,30.29,2024-05,2024Q2,2024,0.0736
103627,2024-05-08,Galway,Homeware,Furniture,436.02,2,0.0,173.78,2024-05,2024Q2,2024,0.3986
100242,2024-05-09,Cork,Homeware,Lighting,59.16,1,0.0,23.45,2024-05,2024Q2,2024,0.3964
101709,2024-05-09,Limerick,Electronics,Mobile Accessories,898.6,4,0.0,314.51,2024-05,2024Q2,2024,0.35
100749,2024-05-09,Cork,Grocery,Bakery,11.06,2,0.0,3.82,2024-05,2024Q2,2024,0.3454
101571,2024-05-09,Dublin,Electronics,TVs,1291.31,2,0.0,518.72,2024-05,2024Q2,2024,0.4017
101587,2024-05-09,Limerick,Homeware,Furniture,877.8,4,0.1,231.58,2024-05,2024Q2,2024,0.2638
100334,2024-05-09,Dublin,Electronics,Smart Home,695.52,4,0.15,188.09,2024-05,2024Q2,2024,0.2704
105769,2024-05-09,Limerick,Homeware,Lighting,328.64,2,0.0,106.87,2024-05,2024Q2,2024,0.3252
106204,2024-05-09,Cork,Homeware,Bedding,37.45,1,0.05,11.45,2024-05,2024Q2,2024,0.3057
103241,2024-05-10,Dublin,Grocery,Dairy,50.28,2,0.0,20.66,2024-05,2024Q2,2024,0.4109
106322,2024-05-10,Dublin,Electronics,Mobile Accessories,356.3,1,0.0,131.61,2024-05,2024Q2,2024,0.3694
102899,2024-05-10,Dublin,Homeware,Bedding,310.53,1,0.0,116.62,2024-05,2024Q2,2024,0.3756
103891,2024-05-10,Galway,Electronics,Smart Home,647.61,1,0.15,67.48,2024-05,2024Q2,2024,0.1042
102428,2024-05-10,Dublin,Clothing,Footwear,93.79,1,0.15,23.0,2024-05,2024Q2,2024,0.2452
100708,2024-05-10,Cork,Grocery,Beverages,37.2,1,0.0,12.18,2024-05,2024Q2,2024,0.3274
104143,2024-05-10,Limerick,Electronics,Mobile Accessories,82.98,2,0.0,21.54,2024-05,2024Q2,2024,0.2596
103301,2024-05-10,Dublin,Clothing,Kidswear,168.22,3,0.1,41.35,2024-05,2024Q2,2024,0.2458
103083,2024-05-11,Limerick,Electronics,Laptops,562.16,1,0.1,139.23,2024-05,2024Q2,2024,0.2477
101270,2024-05-11,Dublin,Grocery,Dairy,31.51,1,0.05,9.5,2024-05,2024Q2,2024,0.3015
101308,2024-05-11,Dublin,Clothing,Accessories,198.31,4,0.2,25.62,2024-05,2024Q2,2024,0.1292
104054,2024-05-11,Galway,Clothing,Kidswear,26.28,1,0.0,9.06,2024-05,2024Q2,2024,0.3447
100653,2024-05-11,Limerick,Homeware,Bedding,99.15,1,0.0,25.16,2024-05,2024Q2,2024,0.2538
101694,2024-05-11,Dublin,Clothing,Menswear,639.11,4,0.2,86.43,2024-05,2024Q2,2024,0.1352
100307,2024-05-11,Dublin,Grocery,Fresh Produce,8.33,2,0.0,3.47,2024-05,2024Q2,2024,0.4166
106309,2024-05-12,Dublin,Electronics,Headphones,612.07,1,0.15,99.61,2024-05,2024Q2,2024,0.1627
102983,2024-05-12,Cork,Homeware,Lighting,368.86,1,0.2,28.18,2024-05,2024Q2,2024,0.0764
102283,2024-05-12,Dublin,Clothing,Menswear,74.06,2,0.1,19.98,2024-05,2024Q2,2024,0.2698
106197,2024-05-12,Cork,Homeware,Kitchenware,270.84,2,0.0,69.33,2024-05,2024Q2,2024,0.256
100321,2024-05-12,Galway,Homeware,Furniture,412.85,1,0.15,50.75,2024-05,2024Q2,2024,0.1229
101271,2024-05-12,Galway,Homeware,Bedding,603.51,3,0.0,185.0,2024-05,2024Q2,2024,0.3065
103805,2024-05-12,Cork,Clothing,Womenswear,73.47,2,0.0,31.95,2024-05,2024Q2,2024,0.4349
100504,2024-05-13,Galway,Clothing,Accessories,60.38,2,0.15,11.21,2024-05,2024Q2,2024,0.1857
102847,2024-05-13,Dublin,Electronics,TVs,694.08,1,0.15,198.49,2024-05,2024Q2,2024,0.286
106264,2024-05-13,Cork,Electronics,TVs,265.77,1,0.1,88.73,2024-05,2024Q2,2024,0.3339
104647,2024-05-13,Galway,Grocery,Beverages,35.91,1,0.2,8.18,2024-05,2024Q2,2024,0.2278
100702,2024-05-13,Cork,Homeware,Storage,290.04,4,0.0,88.36,2024-05,2024Q2,2024,0.3046
106425,2024-05-13,Dublin,Homeware,Kitchenware,778.15,3,0.0,291.22,2024-05,2024Q2,2024,0.3742
104849,2024-05-13,Limerick,Homeware,Furniture,81.56,1,0.0,27.7,2024-05,2024Q2,2024,0.3396
101354,2024-05-13,Galway,Clothing,Kidswear,305.44,4,0.1,74.49,2024-05,2024Q2,2024,0.2439
102073,2024-05-13,Cork,Electronics,Smart Home,220.92,1,0.15,41.66,2024-05,2024Q2,2024,0.1886
100375,2024-05-13,Cork,Clothing,Menswear,214.82,2,0.0,93.95,2024-05,2024Q2,2024,0.4373
103271,2024-05-13,Dublin,Electronics,Smart Home,639.34,1,0.0,176.98,2024-05,2024Q2,2024,0.2768
102321,2024-05-13,Dublin,Electronics,Headphones,265.62,1,0.1,66.4,2024-05,2024Q2,2024,0.25
105761,2024-05-13,Galway,Clothing,Kidswear,76.3,1,0.2,16.22,2024-05,2024Q2,2024,0.2126
103686,2024-05-13,Limerick,Grocery,Dairy,31.56,2,0.0,8.0,2024-05,2024Q2,2024,0.2535
100100,2024-05-14,Dublin,Grocery,Beverages,34.96,1,0.0,14.81,2024-05,2024Q2,2024,0.4236
100466,2024-05-14,Cork,Homeware,Kitchenware,20.19,1,0.2,1.35,2024-05,2024Q2,2024,0.0669
101273,2024-05-14,Dublin,Grocery,Bakery,110.49,4,0.0,33.19,2024-05,2024Q2,2024,0.3004
103203,2024-05-14,Galway,Clothing,Footwear,32.56,4,0.0,11.29,2024-05,2024Q2,2024,0.3467
103404,2024-05-15,Cork,Clothing,Kidswear,34.0,1,0.2,6.25,2024-05,2024Q2,2024,0.1838
105562,2024-05-15,Cork,Electronics,Headphones,283.34,4,0.15,72.38,2024-05,2024Q2,2024,0.2555
104461,2024-05-15,Dublin,Grocery,Beverages,13.83,1,0.0,4.74,2024-05,2024Q2,2024,0.3427
102935,2024-05-15,Cork,Electronics,TVs,705.08,2,0.15,129.28,2024-05,2024Q2,2024,0.1834
100618,2024-05-15,Dublin,Homeware,Kitchenware,50.44,3,0.0,21.07,2024-05,2024Q2,2024,0.4177
102721,2024-05-15,Cork,Clothing,Menswear,86.79,1,0.0,38.53,2024-05,2024Q2,2024,0.4439
102648,2024-05-15,Cork,Homeware,Furniture,74.56,2,0.1,12.98,2024-05,2024Q2,2024,0.1741
100503,2024-05-15,Dublin,Clothing,Accessories,210.4,2,0.05,73.11,2024-05,2024Q2,2024,0.3475
103161,2024-05-15,Galway,Electronics,Laptops,298.41,1,0.05,82.87,2024-05,2024Q2,2024,0.2777
106485,2024-05-16,Galway,Clothing,Menswear,23.91,1,0.0,8.84,2024-05,2024Q2,2024,0.3697
102304,2024-05-16,Dublin,Homeware,Lighting,646.48,2,0.05,178.78,2024-05,2024Q2,2024,0.2765
102056,2024-05-16,Dublin,Homeware,Kitchenware,319.6,1,0.15,41.72,2024-05,2024Q2,2024,0.1305
104480,2024-05-16,Galway,Electronics,Mobile Accessories,582.71,1,0.0,187.95,2024-05,2024Q2,2024,0.3225
100704,2024-05-16,Limerick,Clothing,Womenswear,263.67,3,0.05,66.65,2024-05,2024Q2,2024,0.2528
102975,2024-05-16,Galway,Electronics,Mobile Accessories,679.02,2,0.0,171.91,2024-05,2024Q2,2024,0.2532
104329,2024-05-17,Limerick,Clothing,Footwear,172.2,2,0.0,59.19,2024-05,2024Q2,2024,0.3437
100860,2024-05-17,Dublin,Homeware,Storage,655.64,2,0.1,122.69,2024-05,2024Q2,2024,0.1871
104265,2024-05-17,Cork,Clothing,Footwear,86.95,1,0.15,12.62,2024-05,2024Q2,2024,0.1451
103438,2024-05-17,Cork,Homeware,Storage,455.76,2,0.15,72.37,2024-05,2024Q2,2024,0.1588
106109,2024-05-17,Limerick,Electronics,Headphones,558.21,1,0.0,131.3,2024-05,2024Q2,2024,0.2352
104355,2024-05-17,Galway,Homeware,Bedding,540.56,4,0.15,85.32,2024-05,2024Q2,2024,0.1578
103394,2024-05-17,Galway,Homeware,Kitchenware,40.5,1,0.05,10.96,2024-05,2024Q2,2024,0.2706
101595,2024-05-17,Dublin,Grocery,Bakery,8.03,2,0.2,1.95,2024-05,2024Q2,2024,0.2428
103967,2024-05-17,Dublin,Homeware,Bedding,324.23,1,0.2,17.57,2024-05,2024Q2,2024,0.0542
104672,2024-05-18,Galway,Homeware,Storage,644.12,4,0.0,195.43,2024-05,2024Q2,2024,0.3034
103479,2024-05-18,Limerick,Electronics,Headphones,975.34,2,0.0,216.56,2024-05,2024Q2,2024,0.222
101768,2024-05-18,Limerick,Clothing,Kidswear,310.53,3,0.2,51.24,2024-05,2024Q2,2024,0.165
100244,2024-05-18,Dublin,Clothing,Kidswear,235.2,2,0.2,18.24,2024-05,2024Q2,2024,0.0776
104783,2024-05-18,Galway,Grocery,Dairy,37.16,1,0.2,3.9,2024-05,2024Q2,2024,0.105
101150,2024-05-18,Dublin,Clothing,Menswear,50.12,1,0.0,17.84,2024-05,2024Q2,2024,0.3559
105283,2024-05-18,Galway,Grocery,Bakery,22.18,2,0.05,8.86,2024-05,2024Q2,2024,0.3995
103917,2024-05-18,Dublin,Electronics,Headphones,595.84,1,0.15,148.3,2024-05,2024Q2,2024,0.2489
101361,2024-05-18,Cork,Clothing,Womenswear,81.72,4,0.15,21.29,2024-05,2024Q2,2024,0.2605
103656,2024-05-18,Galway,Homeware,Storage,171.6,1,0.15,25.44,2024-05,2024Q2,2024,0.1483
102673,2024-05-18,Galway,Grocery,Bakery,64.46,2,0.0,22.93,2024-05,2024Q2,2024,0.3557
103093,2024-05-18,Cork,Clothing,Accessories,213.5,2,0.0,94.98,2024-05,2024Q2,2024,0.4449
106047,2024-05-18,Cork,Electronics,TVs,240.04,1,0.0,63.86,2024-05,2024Q2,2024,0.266
102051,2024-05-19,Galway,Electronics,Smart Home,191.18,1,0.0,61.49,2024-05,2024Q2,2024,0.3216
103351,2024-05-19,Dublin,Clothing,Womenswear,33.12,1,0.0,11.81,2024-05,2024Q2,2024,0.3566
104694,2024-05-19,Cork,Electronics,Laptops,66.5,2,0.0,19.78,2024-05,2024Q2,2024,0.2974
103709,2024-05-19,Cork,Clothing,Womenswear,28.22,2,0.0,12.4,2024-05,2024Q2,2024,0.4394
100660,2024-05-19,Cork,Grocery,Beverages,23.17,1,0.0,8.91,2024-05,2024Q2,2024,0.3845
105519,2024-05-19,Galway,Clothing,Accessories,234.58,2,0.2,34.6,2024-05,2024Q2,2024,0.1475
100195,2024-05-20,Dublin,Homeware,Lighting,458.48,2,0.05,123.74,2024-05,2024Q2,2024,0.2699
102280,2024-05-20,Limerick,Homeware,Kitchenware,138.7,1,0.0,51.59,2024-05,2024Q2,2024,0.372
105831,2024-05-20,Dublin,Clothing,Kidswear,224.18,2,0.0,99.03,2024-05,2024Q2,2024,0.4417
102122,2024-05-20,Galway,Electronics,Laptops,634.94,2,0.0,231.53,2024-05,2024Q2,2024,0.3646
101087,2024-05-20,Galway,Homeware,Furniture,225.15,1,0.0,84.55,2024-05,2024Q2,2024,0.3755
103113,2024-05-20,Limerick,Homeware,Bedding,210.11,1,0.0,73.83,2024-05,2024Q2,2024,0.3514
102137,2024-05-20,Cork,Electronics,Smart Home,325.74,1,0.2,75.02,2024-05,2024Q2,2024,0.2303
102488,2024-05-21,Dublin,Grocery,Dairy,18.37,1,0.05,7.04,2024-05,2024Q2,2024,0.3832
104492,2024-05-21,Galway,Electronics,Mobile Accessories,444.76,1,0.2,87.22,2024-05,2024Q2,2024,0.1961
103319,2024-05-21,Cork,Grocery,Bakery,97.2,4,0.0,33.93,2024-05,2024Q2,2024,0.3491
105197,2024-05-21,Galway,Homeware,Furniture,50.52,2,0.15,11.37,2024-05,2024Q2,2024,0.2251
105157,2024-05-21,Dublin,Clothing,Kidswear,318.37,3,0.2,55.81,2024-05,2024Q2,2024,0.1753
101821,2024-05-21,Cork,Grocery,Beverages,16.08,4,0.05,3.45,2024-05,2024Q2,2024,0.2146
103556,2024-05-21,Galway,Electronics,Mobile Accessories,947.96,2,0.0,251.59,2024-05,2024Q2,2024,0.2654
104808,2024-05-21,Dublin,Electronics,Mobile Accessories,195.72,1,0.05,43.25,2024-05,2024Q2,2024,0.221
104230,2024-05-21,Dublin,Clothing,Womenswear,122.41,2,0.15,32.47,2024-05,2024Q2,2024,0.2653
104923,2024-05-21,Cork,Clothing,Accessories,35.05,1,0.0,11.73,2024-05,2024Q2,2024,0.3347
101802,2024-05-21,Cork,Clothing,Accessories,28.71,1,0.0,9.81,2024-05,2024Q2,2024,0.3417
102552,2024-05-22,Dublin,Electronics,Mobile Accessories,258.66,2,0.1,78.49,2024-05,2024Q2,2024,0.3034
106053,2024-05-22,Dublin,Electronics,Mobile Accessories,92.71,2,0.05,21.69,2024-05,2024Q2,2024,0.234
101699,2024-05-22,Dublin,Electronics,Headphones,219.51,2,0.0,93.09,2024-05,2024Q2,2024,0.4241
101729,2024-05-22,Dublin,Clothing,Menswear,302.4,4,0.1,54.78,2024-05,2024Q2,2024,0.1812
103457,2024-05-22,Limerick,Electronics,Headphones,1178.94,2,0.15,278.9,2024-05,2024Q2,2024,0.2366
100866,2024-05-22,Dublin,Electronics,TVs,688.86,3,0.2,59.92,2024-05,2024Q2,2024,0.087
106211,2024-05-22,Dublin,Grocery,Fresh Produce,89.17,2,0.05,21.51,2024-05,2024Q2,2024,0.2412
104583,2024-05-22,Dublin,Grocery,Snacks,4.51,1,0.2,0.26,2024-05,2024Q2,2024,0.0576
102293,2024-05-22,Dublin,Clothing,Menswear,66.86,1,0.05,15.19,2024-05,2024Q2,2024,0.2272
103367,2024-05-23,Dublin,Clothing,Kidswear,52.89,1,0.2,8.36,2024-05,2024Q2,2024,0.1581
102421,2024-05-23,Dublin,Grocery,Dairy,11.38,1,0.0,2.89,2024-05,2024Q2,2024,0.254
105231,2024-05-23,Limerick,Homeware,Bedding,199.12,1,0.2,29.87,2024-05,2024Q2,2024,0.15
102466,2024-05-23,Dublin,Electronics,TVs,460.51,2,0.15,101.45,2024-05,2024Q2,2024,0.2203
105328,2024-05-23,Galway,Grocery,Snacks,10.66,1,0.05,3.21,2024-05,2024Q2,2024,0.3011
103426,2024-05-23,Cork,Electronics,Mobile Accessories,974.31,3,0.2,72.24,2024-05,2024Q2,2024,0.0741
106191,2024-05-23,Dublin,Homeware,Furniture,999.15,3,0.05,287.72,2024-05,2024Q2,2024,0.288
100351,2024-05-23,Galway,Clothing,Kidswear,74.12,2,0.05,23.89,2024-05,2024Q2,2024,0.3223
105402,2024-05-23,Galway,Electronics,TVs,1233.56,2,0.0,410.55,2024-05,2024Q2,2024,0.3328
103597,2024-05-23,Dublin,Clothing,Footwear,129.21,1,0.0,47.74,2024-05,2024Q2,2024,0.3695
104361,2024-05-23,Cork,Grocery,Dairy,22.69,1,0.2,5.31,2024-05,2024Q2,2024,0.234
105423,2024-05-23,Dublin,Electronics,Mobile Accessories,594.68,3,0.0,262.55,2024-05,2024Q2,2024,0.4415
104525,2024-05-24,Galway,Homeware,Kitchenware,263.24,4,0.0,91.77,2024-05,2024Q2,2024,0.3486
105943,2024-05-24,Dublin,Grocery,Fresh Produce,9.52,1,0.0,3.04,2024-05,2024Q2,2024,0.3193
104152,2024-05-24,Dublin,Clothing,Kidswear,156.17,4,0.05,44.53,2024-05,2024Q2,2024,0.2851
102783,2024-05-24,Limerick,Clothing,Footwear,113.17,1,0.0,32.59,2024-05,2024Q2,2024,0.288
102094,2024-05-24,Dublin,Grocery,Dairy,82.16,2,0.0,25.65,2024-05,2024Q2,2024,0.3122
103696,2024-05-24,Dublin,Homeware,Bedding,198.72,2,0.0,86.68,2024-05,2024Q2,2024,0.4362
104349,2024-05-24,Dublin,Homeware,Storage,551.07,3,0.05,218.81,2024-05,2024Q2,2024,0.3971
101814,2024-05-24,Galway,Clothing,Footwear,148.86,2,0.0,41.23,2024-05,2024Q2,2024,0.277
104295,2024-05-24,Galway,Clothing,Menswear,205.02,2,0.2,13.39,2024-05,2024Q2,2024,0.0653
104887,2024-05-24,Limerick,Grocery,Fresh Produce,27.7,1,0.1,8.61,2024-05,2024Q2,2024,0.3108
103454,2024-05-25,Dublin,Grocery,Bakery,61.93,3,0.05,14.33,2024-05,2024Q2,2024,0.2314
100317,2024-05-25,Galway,Grocery,Fresh Produce,48.6,3,0.05,13.74,2024-05,2024Q2,2024,0.2827
101002,2024-05-25,Dublin,Homeware,Kitchenware,149.22,4,0.0,39.91,2024-05,2024Q2,2024,0.2675
101881,2024-05-25,Limerick,Electronics,Mobile Accessories,962.36,2,0.0,256.73,2024-05,2024Q2,2024,0.2668
105749,2024-05-25,Galway,Grocery,Dairy,154.4,4,0.2,16.1,2024-05,2024Q2,2024,0.1043
103896,2024-05-25,Limerick,Clothing,Womenswear,47.1,2,0.1,14.26,2024-05,2024Q2,2024,0.3028
105179,2024-05-25,Dublin,Homeware,Lighting,228.09,2,0.15,37.64,2024-05,2024Q2,2024,0.165
101482,2024-05-25,Dublin,Homeware,Lighting,191.7,2,0.05,49.35,2024-05,2024Q2,2024,0.2574
105398,2024-05-25,Cork,Homeware,Lighting,25.47,1,0.0,6.8,2024-05,2024Q2,2024,0.267
105826,2024-05-26,Dublin,Homeware,Lighting,406.69,4,0.0,151.98,2024-05,2024Q2,2024,0.3737
106078,2024-05-26,Cork,Clothing,Womenswear,134.52,2,0.0,54.87,2024-05,2024Q2,2024,0.4079
101876,2024-05-26,Dublin,Grocery,Dairy,18.96,1,0.2,3.05,2024-05,2024Q2,2024,0.1609
100122,2024-05-26,Cork,Clothing,Menswear,71.67,3,0.0,30.94,2024-05,2024Q2,2024,0.4317
104367,2024-05-26,Limerick,Homeware,Kitchenware,193.5,1,0.0,85.2,2024-05,2024Q2,2024,0.4403
101344,2024-05-26,Limerick,Homeware,Kitchenware,241.1,2,0.0,69.26,2024-05,2024Q2,2024,0.2873
101101,2024-05-26,Dublin,Grocery,Beverages,134.72,3,0.0,47.94,2024-05,2024Q2,2024,0.3558
100759,2024-05-26,Dublin,Clothing,Menswear,129.86,1,0.0,52.84,2024-05,2024Q2,2024,0.4069
105896,2024-05-26,Limerick,Electronics,Mobile Accessories,263.03,1,0.0,102.89,2024-05,2024Q2,2024,0.3912
102481,2024-05-26,Dublin,Grocery,Beverages,34.06,1,0.0,10.27,2024-05,2024Q2,2024,0.3015
105184,2024-05-27,Limerick,Grocery,Beverages,37.27,2,0.0,15.41,2024-05,2024Q2,2024,0.4135
104108,2024-05-27,Galway,Clothing,Womenswear,201.5,2,0.15,48.42,2024-05,2024Q2,2024,0.2403
100235,2024-05-27,Galway,Clothing,Menswear,83.04,2,0.0,27.96,2024-05,2024Q2,2024,0.3367
100557,2024-05-27,Limerick,Grocery,Beverages,60.84,3,0.15,14.23,2024-05,2024Q2,2024,0.2339
103714,2024-05-27,Dublin,Electronics,Headphones,214.06,1,0.0,83.35,2024-05,2024Q2,2024,0.3894
103843,2024-05-27,Galway,Electronics,Laptops,2223.76,4,0.1,500.88,2024-05,2024Q2,2024,0.2252
100338,2024-05-27,Cork,Clothing,Menswear,52.33,1,0.15,13.21,2024-05,2024Q2,2024,0.2524
105903,2024-05-27,Dublin,Electronics,Smart Home,136.41,1,0.15,33.15,2024-05,2024Q2,2024,0.243
105191,2024-05-27,Dublin,Grocery,Fresh Produce,65.23,4,0.0,22.05,2024-05,2024Q2,2024,0.338
101685,2024-05-27,Dublin,Homeware,Furniture,688.14,3,0.0,201.03,2024-05,2024Q2,2024,0.2921
100634,2024-05-28,Limerick,Grocery,Bakery,7.78,3,0.1,1.2,2024-05,2024Q2,2024,0.1542
102904,2024-05-28,Dublin,Grocery,Dairy,17.64,2,0.1,3.22,2024-05,2024Q2,2024,0.1825
104266,2024-05-28,Cork,Grocery,Beverages,55.62,2,0.05,11.69,2024-05,2024Q2,2024,0.2102
104481,2024-05-28,Cork,Clothing,Menswear,80.99,1,0.05,25.12,2024-05,2024Q2,2024,0.3102
105977,2024-05-29,Galway,Electronics,TVs,844.66,2,0.0,371.91,2024-05,2024Q2,2024,0.4403
100093,2024-05-29,Dublin,Clothing,Accessories,97.01,1,0.0,40.26,2024-05,2024Q2,2024,0.415
101448,2024-05-29,Galway,Electronics,Mobile Accessories,198.37,1,0.05,53.55,2024-05,2024Q2,2024,0.27
106187,2024-05-29,Cork,Grocery,Snacks,101.0,4,0.0,44.12,2024-05,2024Q2,2024,0.4368
101219,2024-05-29,Galway,Electronics,Laptops,762.12,3,0.0,321.32,2024-05,2024Q2,2024,0.4216
100703,2024-05-29,Dublin,Grocery,Bakery,29.29,1,0.0,10.25,2024-05,2024Q2,2024,0.3499
106202,2024-05-29,Dublin,Homeware,Bedding,408.73,2,0.2,37.06,2024-05,2024Q2,2024,0.0907
106326,2024-05-29,Dublin,Electronics,Laptops,164.32,1,0.0,64.17,2024-05,2024Q2,2024,0.3905
103370,2024-05-29,Dublin,Grocery,Beverages,34.18,2,0.05,7.24,2024-05,2024Q2,2024,0.2118
102446,2024-05-29,Limerick,Homeware,Lighting,195.06,1,0.05,71.94,2024-05,2024Q2,2024,0.3688
102607,2024-05-29,Dublin,Clothing,Accessories,74.24,1,0.0,20.21,2024-05,2024Q2,2024,0.2722
106434,2024-05-29,Cork,Homeware,Lighting,173.38,1,0.0,49.46,2024-05,2024Q2,2024,0.2853
103164,2024-05-30,Cork,Grocery,Snacks,34.38,2,0.0,14.63,2024-05,2024Q2,2024,0.4255
104283,2024-05-30,Galway,Electronics,Headphones,287.13,1,0.0,111.08,2024-05,2024Q2,2024,0.3869
104259,2024-05-30,Dublin,Electronics,Smart Home,222.62,1,0.05,44.79,2024-05,2024Q2,2024,0.2012
102349,2024-05-30,Limerick,Grocery,Beverages,56.16,2,0.1,13.49,2024-05,2024Q2,2024,0.2402
103389,2024-05-30,Cork,Homeware,Lighting,126.27,3,0.2,27.52,2024-05,2024Q2,2024,0.2179
103025,2024-05-30,Limerick,Electronics,Smart Home,371.44,2,0.0,167.05,2024-05,2024Q2,2024,0.4497
100796,2024-05-30,Cork,Grocery,Beverages,16.02,1,0.1,3.73,2024-05,2024Q2,2024,0.2328
102373,2024-05-30,Galway,Homeware,Kitchenware,315.24,2,0.2,31.96,2024-05,2024Q2,2024,0.1014
105944,2024-05-31,Galway,Electronics,Laptops,1002.6,4,0.15,136.27,2024-05,2024Q2,2024,0.1359
105947,2024-05-31,Cork,Clothing,Kidswear,167.52,2,0.0,73.39,2024-05,2024Q2,2024,0.4381
100729,2024-05-31,Cork,Electronics,Headphones,70.85,1,0.15,11.3,2024-05,2024Q2,2024,0.1595
100508,2024-05-31,Limerick,Grocery,Fresh Produce,72.19,4,0.0,28.08,2024-05,2024Q2,2024,0.389
106354,2024-05-31,Dublin,Grocery,Dairy,144.53,4,0.0,58.24,2024-05,2024Q2,2024,0.403
104676,2024-05-31,Galway,Homeware,Kitchenware,446.84,2,0.05,134.26,2024-05,2024Q2,2024,0.3005
103954,2024-05-31,Dublin,Clothing,Womenswear,147.71,2,0.0,56.28,2024-05,2024Q2,2024,0.381
100046,2024-05-31,Cork,Electronics,Headphones,281.33,1,0.0,81.35,2024-05,2024Q2,2024,0.2892
105844,2024-05-31,Galway,Homeware,Kitchenware,79.19,1,0.15,23.45,2024-05,2024Q2,2024,0.2961
103887,2024-06-01,Dublin,Homeware,Kitchenware,252.95,1,0.15,53.99,2024-06,2024Q2,2024,0.2134
104843,2024-06-01,Limerick,Clothing,Kidswear,37.52,1,0.1,7.52,2024-06,2024Q2,2024,0.2004
100815,2024-06-01,Limerick,Homeware,Bedding,219.77,1,0.05,77.63,2024-06,2024Q2,2024,0.3532
106256,2024-06-01,Limerick,Electronics,Mobile Accessories,577.69,1,0.0,101.1,2024-06,2024Q2,2024,0.175
101697,2024-06-01,Cork,Clothing,Menswear,63.14,2,0.05,24.08,2024-06,2024Q2,2024,0.3814
104596,2024-06-01,Limerick,Clothing,Footwear,172.16,2,0.0,45.08,2024-06,2024Q2,2024,0.2618
102659,2024-06-01,Dublin,Clothing,Footwear,191.84,2,0.15,50.35,2024-06,2024Q2,2024,0.2625
100530,2024-06-02,Dublin,Homeware,Bedding,268.02,1,0.05,90.69,2024-06,2024Q2,2024,0.3384
104268,2024-06-02,Galway,Homeware,Furniture,159.2,4,0.0,58.58,2024-06,2024Q2,2024,0.368
106103,2024-06-02,Galway,Grocery,Snacks,25.83,1,0.05,5.75,2024-06,2024Q2,2024,0.2226
101079,2024-06-02,Cork,Homeware,Furniture,135.14,1,0.0,10.82,2024-06,2024Q2,2024,0.0801
105860,2024-06-02,Dublin,Homeware,Bedding,27.29,1,0.0,11.65,2024-06,2024Q2,2024,0.4269
102564,2024-06-02,Dublin,Electronics,Headphones,982.88,2,0.2,122.75,2024-06,2024Q2,2024,0.1249
105042,2024-06-02,Galway,Grocery,Fresh Produce,23.56,1,0.2,5.25,2024-06,2024Q2,2024,0.2228
105490,2024-06-02,Dublin,Grocery,Dairy,43.23,1,0.2,5.76,2024-06,2024Q2,2024,0.1332
100959,2024-06-02,Galway,Clothing,Womenswear,275.37,3,0.0,98.02,2024-06,2024Q2,2024,0.356
105303,2024-06-02,Dublin,Clothing,Accessories,490.54,4,0.0,125.51,2024-06,2024Q2,2024,0.2559
105192,2024-06-02,Cork,Electronics,Mobile Accessories,509.92,2,0.0,153.56,2024-06,2024Q2,2024,0.3011
102727,2024-06-02,Dublin,Clothing,Kidswear,89.95,1,0.05,21.49,2024-06,2024Q2,2024,0.2389
104680,2024-06-03,Cork,Grocery,Fresh Produce,55.62,2,0.15,7.31,2024-06,2024Q2,2024,0.1314
101861,2024-06-03,Cork,Homeware,Kitchenware,131.74,1,0.1,44.64,2024-06,2024Q2,2024,0.3388
101698,2024-06-03,Galway,Electronics,Laptops,493.52,4,0.15,56.85,2024-06,2024Q2,2024,0.1152
104286,2024-06-03,Cork,Clothing,Menswear,208.5,2,0.0,67.54,2024-06,2024Q2,2024,0.3239
106393,2024-06-03,Dublin,Electronics,Smart Home,405.83,2,0.05,125.66,2024-06,2024Q2,2024,0.3096
101867,2024-06-03,Dublin,Electronics,TVs,1114.0,2,0.15,196.58,2024-06,2024Q2,2024,0.1765
104908,2024-06-03,Galway,Electronics,Mobile Accessories,902.25,3,0.2,72.93,2024-06,2024Q2,2024,0.0808
102311,2024-06-03,Limerick,Clothing,Footwear,60.35,1,0.0,15.82,2024-06,2024Q2,2024,0.2621
104177,2024-06-03,Cork,Homeware,Furniture,964.16,4,0.05,193.47,2024-06,2024Q2,2024,0.2007
102243,2024-06-04,Limerick,Homeware,Bedding,268.18,2,0.05,64.0,2024-06,2024Q2,2024,0.2386
105171,2024-06-04,Dublin,Clothing,Footwear,33.38,1,0.0,11.5,2024-06,2024Q2,2024,0.3445
105332,2024-06-04,Dublin,Electronics,Mobile Accessories,631.49,1,0.0,204.72,2024-06,2024Q2,2024,0.3242
105496,2024-06-04,Cork,Clothing,Womenswear,43.6,1,0.0,12.02,2024-06,2024Q2,2024,0.2757
100305,2024-06-04,Cork,Homeware,Kitchenware,53.88,4,0.2,2.88,2024-06,2024Q2,2024,0.0535
104966,2024-06-04,Dublin,Homeware,Furniture,77.39,2,0.0,24.47,2024-06,2024Q2,2024,0.3162
105775,2024-06-04,Limerick,Homeware,Kitchenware,185.34,1,0.15,39.01,2024-06,2024Q2,2024,0.2105
101282,2024-06-04,Cork,Clothing,Womenswear,78.36,2,0.0,29.15,2024-06,2024Q2,2024,0.372
100502,2024-06-05,Dublin,Clothing,Footwear,212.34,2,0.1,70.49,2024-06,2024Q2,2024,0.332
105297,2024-06-05,Galway,Homeware,Lighting,284.69,1,0.15,67.57,2024-06,2024Q2,2024,0.2373
105264,2024-06-05,Limerick,Grocery,Dairy,139.9,3,0.05,48.33,2024-06,2024Q2,2024,0.3455
103331,2024-06-05,Galway,Homeware,Lighting,105.56,2,0.05,34.61,2024-06,2024Q2,2024,0.3279
105932,2024-06-05,Limerick,Homeware,Furniture,130.13,1,0.05,40.95,2024-06,2024Q2,2024,0.3147
100972,2024-06-05,Cork,Clothing,Menswear,98.13,1,0.2,7.45,2024-06,2024Q2,2024,0.0759
102752,2024-06-05,Galway,Grocery,Snacks,56.67,3,0.15,15.26,2024-06,2024Q2,2024,0.2693
101373,2024-06-05,Galway,Electronics,Laptops,141.91,1,0.2,7.32,2024-06,2024Q2,2024,0.0516
100751,2024-06-05,Dublin,Electronics,Smart Home,728.74,3,0.0,261.89,2024-06,2024Q2,2024,0.3594
104618,2024-06-06,Cork,Homeware,Storage,347.02,2,0.0,119.38,2024-06,2024Q2,2024,0.344
103753,2024-06-06,Cork,Electronics,Smart Home,290.72,2,0.2,53.66,2024-06,2024Q2,2024,0.1846
100644,2024-06-06,Dublin,Clothing,Menswear,93.41,1,0.05,34.01,2024-06,2024Q2,2024,0.3641
101899,2024-06-06,Dublin,Homeware,Bedding,71.08,1,0.05,27.62,2024-06,2024Q2,2024,0.3886
102402,2024-06-06,Dublin,Clothing,Footwear,13.93,1,0.0,5.56,2024-06,2024Q2,2024,0.3991
105927,2024-06-06,Limerick,Electronics,TVs,303.06,1,0.1,82.21,2024-06,2024Q2,2024,0.2713
100915,2024-06-06,Dublin,Clothing,Menswear,87.73,3,0.0,35.51,2024-06,2024Q2,2024,0.4048
100084,2024-06-06,Cork,Grocery,Dairy,57.62,2,0.2,8.84,2024-06,2024Q2,2024,0.1534
100833,2024-06-06,Cork,Homeware,Bedding,651.54,3,0.1,199.87,2024-06,2024Q2,2024,0.3068
101959,2024-06-06,Dublin,Electronics,Smart Home,279.81,1,0.0,80.61,2024-06,2024Q2,2024,0.2881
106019,2024-06-07,Limerick,Clothing,Menswear,26.88,1,0.05,7.83,2024-06,2024Q2,2024,0.2913
104942,2024-06-07,Cork,Electronics,Mobile Accessories,48.88,1,0.2,7.68,2024-06,2024Q2,2024,0.1571
103864,2024-06-07,Galway,Electronics,Smart Home,529.84,2,0.05,109.13,2024-06,2024Q2,2024,0.206
103543,2024-06-07,Limerick,Electronics,Headphones,370.35,1,0.05,99.27,2024-06,2024Q2,2024,0.268
101980,2024-06-07,Galway,Homeware,Bedding,813.06,3,0.1,259.8,2024-06,2024Q2,2024,0.3195
102238,2024-06-08,Limerick,Clothing,Kidswear,35.85,1,0.1,6.03,2024-06,2024Q2,2024,0.1682
106376,2024-06-08,Galway,Electronics,Headphones,1010.79,2,0.15,206.92,2024-06,2024Q2,2024,0.2047
102136,2024-06-08,Cork,Clothing,Menswear,43.85,1,0.1,12.39,2024-06,2024Q2,2024,0.2826
105592,2024-06-08,Dublin,Clothing,Womenswear,26.78,2,0.0,6.86,2024-06,2024Q2,2024,0.2562
104070,2024-06-08,Cork,Electronics,Laptops,199.23,1,0.15,42.82,2024-06,2024Q2,2024,0.2149
101369,2024-06-08,Cork,Clothing,Kidswear,96.05,1,0.1,31.27,2024-06,2024Q2,2024,0.3256
105052,2024-06-09,Limerick,Clothing,Kidswear,205.14,2,0.0,55.1,2024-06,2024Q2,2024,0.2686
105204,2024-06-09,Dublin,Grocery,Beverages,45.05,1,0.05,13.21,2024-06,2024Q2,2024,0.2932
104042,2024-06-09,Cork,Grocery,Fresh Produce,7.56,3,0.05,1.89,2024-06,2024Q2,2024,0.25
103969,2024-06-09,Cork,Electronics,TVs,152.4,1,0.1,38.4,2024-06,2024Q2,2024,0.252
100614,2024-06-09,Galway,Homeware,Storage,1165.36,4,0.0,504.26,2024-06,2024Q2,2024,0.4327
102598,2024-06-09,Galway,Clothing,Footwear,63.87,3,0.0,24.64,2024-06,2024Q2,2024,0.3858
102036,2024-06-09,Galway,Electronics,TVs,123.84,2,0.0,35.26,2024-06,2024Q2,2024,0.2847
102281,2024-06-09,Cork,Clothing,Footwear,196.08,2,0.0,54.01,2024-06,2024Q2,2024,0.2754
105274,2024-06-10,Dublin,Electronics,Mobile Accessories,117.97,1,0.15,32.94,2024-06,2024Q2,2024,0.2792
103411,2024-06-10,Dublin,Grocery,Dairy,15.27,4,0.0,5.71,2024-06,2024Q2,2024,0.3739
100029,2024-06-10,Cork,Grocery,Dairy,157.56,4,0.15,30.6,2024-06,2024Q2,2024,0.1942
100318,2024-06-10,Galway,Clothing,Footwear,80.71,1,0.15,8.58,2024-06,2024Q2,2024,0.1063
100552,2024-06-10,Dublin,Electronics,TVs,430.99,1,0.0,147.18,2024-06,2024Q2,2024,0.3415
105660,2024-06-11,Limerick,Grocery,Dairy,215.04,4,0.1,51.02,2024-06,2024Q2,2024,0.2373
101730,2024-06-11,Galway,Electronics,Mobile Accessories,168.84,2,0.2,39.38,2024-06,2024Q2,2024,0.2332
105482,2024-06-11,Galway,Electronics,Smart Home,1062.46,2,0.2,136.37,2024-06,2024Q2,2024,0.1284
103542,2024-06-11,Cork,Homeware,Furniture,235.13,1,0.0,88.68,2024-06,2024Q2,2024,0.3772
104431,2024-06-11,Dublin,Homeware,Lighting,108.49,2,0.05,36.72,2024-06,2024Q2,2024,0.3385
104158,2024-06-11,Cork,Grocery,Snacks,33.63,3,0.05,11.83,2024-06,2024Q2,2024,0.3518
100083,2024-06-11,Dublin,Electronics,TVs,321.99,1,0.2,21.71,2024-06,2024Q2,2024,0.0674
106010,2024-06-12,Dublin,Electronics,Smart Home,556.9,2,0.1,173.28,2024-06,2024Q2,2024,0.3112
104707,2024-06-12,Dublin,Clothing,Footwear,61.13,1,0.2,8.89,2024-06,2024Q2,2024,0.1454
104232,2024-06-12,Cork,Electronics,Mobile Accessories,263.63,1,0.0,109.57,2024-06,2024Q2,2024,0.4156
100179,2024-06-12,Cork,Clothing,Footwear,212.92,2,0.0,91.98,2024-06,2024Q2,2024,0.432
105962,2024-06-12,Limerick,Grocery,Fresh Produce,57.99,1,0.05,20.76,2024-06,2024Q2,2024,0.358
100399,2024-06-12,Dublin,Clothing,Menswear,54.2,1,0.15,12.66,2024-06,2024Q2,2024,0.2336
102835,2024-06-12,Galway,Electronics,Headphones,953.94,2,0.0,372.5,2024-06,2024Q2,2024,0.3905
102163,2024-06-12,Limerick,Electronics,Smart Home,491.64,3,0.0,191.89,2024-06,2024Q2,2024,0.3903
104959,2024-06-12,Cork,Electronics,Smart Home,856.66,4,0.0,233.66,2024-06,2024Q2,2024,0.2728
100374,2024-06-12,Dublin,Clothing,Accessories,96.58,1,0.1,26.47,2024-06,2024Q2,2024,0.2741
101404,2024-06-12,Galway,Grocery,Beverages,9.44,1,0.05,3.55,2024-06,2024Q2,2024,0.3761
104192,2024-06-12,Galway,Homeware,Storage,230.32,1,0.1,40.81,2024-06,2024Q2,2024,0.1772
104299,2024-06-12,Dublin,Grocery,Bakery,19.87,1,0.2,4.64,2024-06,2024Q2,2024,0.2335
103695,2024-06-13,Cork,Clothing,Menswear,128.94,3,0.05,32.29,2024-06,2024Q2,2024,0.2504
105215,2024-06-13,Cork,Homeware,Lighting,73.2,1,0.1,11.85,2024-06,2024Q2,2024,0.1619
104082,2024-06-13,Dublin,Electronics,Laptops,530.91,2,0.05,197.82,2024-06,2024Q2,2024,0.3726
100392,2024-06-13,Limerick,Grocery,Bakery,122.04,3,0.2,23.31,2024-06,2024Q2,2024,0.191
100872,2024-06-13,Limerick,Grocery,Snacks,37.34,1,0.15,9.28,2024-06,2024Q2,2024,0.2485
104535,2024-06-13,Limerick,Homeware,Lighting,224.48,1,0.0,89.12,2024-06,2024Q2,2024,0.397
101838,2024-06-13,Cork,Electronics,Headphones,366.6,2,0.0,146.27,2024-06,2024Q2,2024,0.399
102883,2024-06-13,Dublin,Homeware,Storage,45.86,2,0.0,14.08,2024-06,2024Q2,2024,0.307
100683,2024-06-13,Dublin,Homeware,Lighting,91.03,1,0.0,40.46,2024-06,2024Q2,2024,0.4445
100535,2024-06-14,Galway,Homeware,Lighting,227.31,1,0.0,98.06,2024-06,2024Q2,2024,0.4314
100425,2024-06-14,Cork,Clothing,Menswear,35.29,1,0.1,8.17,2024-06,2024Q2,2024,0.2315
103664,2024-06-14,Cork,Electronics,Smart Home,215.26,2,0.15,38.3,2024-06,2024Q2,2024,0.1779
100856,2024-06-14,Dublin,Electronics,Smart Home,629.14,2,0.0,217.87,2024-06,2024Q2,2024,0.3463
102378,2024-06-14,Limerick,Electronics,TVs,880.5,2,0.1,211.0,2024-06,2024Q2,2024,0.2396
104441,2024-06-14,Cork,Electronics,Laptops,600.9,2,0.2,62.95,2024-06,2024Q2,2024,0.1048
101314,2024-06-14,Galway,Homeware,Storage,234.38,1,0.2,50.1,2024-06,2024Q2,2024,0.2138
101976,2024-06-14,Limerick,Homeware,Storage,232.52,1,0.0,83.66,2024-06,2024Q2,2024,0.3598
104003,2024-06-14,Galway,Grocery,Snacks,96.27,3,0.1,15.56,2024-06,2024Q2,2024,0.1616
104377,2024-06-14,Dublin,Electronics,TVs,44.03,1,0.0,19.79,2024-06,2024Q2,2024,0.4495
105261,2024-06-14,Cork,Electronics,Laptops,315.85,1,0.05,94.76,2024-06,2024Q2,2024,0.3
102221,2024-06-15,Cork,Electronics,Smart Home,318.54,4,0.1,74.45,2024-06,2024Q2,2024,0.2337
101695,2024-06-15,Limerick,Electronics,Headphones,1535.52,3,0.1,486.0,2024-06,2024Q2,2024,0.3165
100799,2024-06-15,Dublin,Electronics,Smart Home,186.45,1,0.15,47.62,2024-06,2024Q2,2024,0.2554
102277,2024-06-15,Galway,Homeware,Bedding,200.86,1,0.1,43.94,2024-06,2024Q2,2024,0.2188
106214,2024-06-15,Dublin,Homeware,Kitchenware,137.11,1,0.05,49.89,2024-06,2024Q2,2024,0.3639
104943,2024-06-15,Dublin,Homeware,Bedding,123.1,1,0.0,36.54,2024-06,2024Q2,2024,0.2968
106272,2024-06-15,Dublin,Clothing,Accessories,99.15,3,0.0,44.47,2024-06,2024Q2,2024,0.4485
103102,2024-06-15,Cork,Electronics,TVs,402.22,2,0.15,115.02,2024-06,2024Q2,2024,0.286
104033,2024-06-16,Dublin,Electronics,Smart Home,1428.62,2,0.0,627.47,2024-06,2024Q2,2024,0.4392
101953,2024-06-16,Dublin,Grocery,Bakery,17.2,2,0.0,6.44,2024-06,2024Q2,2024,0.3744
103494,2024-06-16,Cork,Clothing,Footwear,81.25,1,0.15,12.12,2024-06,2024Q2,2024,0.1492
101522,2024-06-16,Dublin,Grocery,Beverages,137.72,3,0.1,30.6,2024-06,2024Q2,2024,0.2222
105217,2024-06-16,Cork,Grocery,Snacks,9.13,1,0.05,1.87,2024-06,2024Q2,2024,0.2048
100289,2024-06-16,Cork,Grocery,Dairy,86.6,4,0.15,21.49,2024-06,2024Q2,2024,0.2482
103844,2024-06-17,Dublin,Electronics,TVs,660.66,1,0.15,128.19,2024-06,2024Q2,2024,0.194
100709,2024-06-17,Dublin,Clothing,Womenswear,242.33,3,0.15,34.01,2024-06,2024Q2,2024,0.1403
103907,2024-06-17,Limerick,Grocery,Bakery,6.65,1,0.1,1.92,2024-06,2024Q2,2024,0.2887
105583,2024-06-17,Cork,Electronics,Mobile Accessories,637.6,4,0.0,265.73,2024-06,2024Q2,2024,0.4168
102423,2024-06-17,Dublin,Grocery,Beverages,35.1,1,0.2,7.43,2024-06,2024Q2,2024,0.2117
101574,2024-06-17,Galway,Grocery,Fresh Produce,3.26,1,0.2,0.8,2024-06,2024Q2,2024,0.2454
103673,2024-06-17,Dublin,Homeware,Bedding,38.65,1,0.0,10.36,2024-06,2024Q2,2024,0.268
102286,2024-06-17,Dublin,Homeware,Kitchenware,59.25,1,0.0,19.45,2024-06,2024Q2,2024,0.3283
101403,2024-06-17,Dublin,Homeware,Storage,41.85,3,0.15,7.34,2024-06,2024Q2,2024,0.1754
105688,2024-06-18,Dublin,Clothing,Menswear,115.1,1,0.0,29.31,2024-06,2024Q2,2024,0.2546
105405,2024-06-18,Limerick,Clothing,Menswear,16.28,2,0.2,1.12,2024-06,2024Q2,2024,0.0688
103101,2024-06-18,Cork,Homeware,Storage,34.24,1,0.0,14.78,2024-06,2024Q2,2024,0.4317
101612,2024-06-18,Dublin,Clothing,Accessories,165.92,2,0.2,15.58,2024-06,2024Q2,2024,0.0939
105119,2024-06-18,Dublin,Homeware,Storage,1160.99,4,0.0,290.5,2024-06,2024Q2,2024,0.2502
106210,2024-06-18,Galway,Electronics,Mobile Accessories,559.46,2,0.0,147.51,2024-06,2024Q2,2024,0.2637
104738,2024-06-18,Dublin,Clothing,Menswear,47.1,2,0.1,12.19,2024-06,2024Q2,2024,0.2588
102901,2024-06-18,Galway,Electronics,Mobile Accessories,136.82,2,0.05,53.54,2024-06,2024Q2,2024,0.3913
105627,2024-06-18,Cork,Homeware,Kitchenware,475.26,2,0.15,69.09,2024-06,2024Q2,2024,0.1454
103674,2024-06-18,Cork,Clothing,Accessories,347.22,3,0.0,148.41,2024-06,2024Q2,2024,0.4274
100076,2024-06-18,Galway,Grocery,Snacks,20.19,3,0.0,6.26,2024-06,2024Q2,2024,0.3101
106170,2024-06-18,Galway,Electronics,Mobile Accessories,1154.02,2,0.0,302.89,2024-06,2024Q2,2024,0.2625
101149,2024-06-18,Dublin,Homeware,Storage,328.99,1,0.1,75.37,2024-06,2024Q2,2024,0.2291
102635,2024-06-19,Galway,Electronics,Laptops,426.88,1,0.05,164.19,2024-06,2024Q2,2024,0.3846
100464,2024-06-19,Dublin,Electronics,Headphones,1404.15,2,0.1,476.34,2024-06,2024Q2,2024,0.3392
104567,2024-06-19,Dublin,Clothing,Footwear,261.76,2,0.0,111.88,2024-06,2024Q2,2024,0.4274
102784,2024-06-19,Dublin,Homeware,Furniture,1202.21,4,0.05,461.02,2024-06,2024Q2,2024,0.3835
102960,2024-06-19,Cork,Homeware,Storage,580.96,4,0.2,125.34,2024-06,2024Q2,2024,0.2157
100631,2024-06-19,Cork,Homeware,Storage,92.72,1,0.2,10.05,2024-06,2024Q2,2024,0.1084
102589,2024-06-19,Galway,Grocery,Fresh Produce,17.2,2,0.0,5.97,2024-06,2024Q2,2024,0.3471
104879,2024-06-19,Dublin,Electronics,Smart Home,1208.67,2,0.1,190.02,2024-06,2024Q2,2024,0.1572
101567,2024-06-19,Dublin,Grocery,Snacks,18.35,2,0.1,4.0,2024-06,2024Q2,2024,0.218
104569,2024-06-19,Galway,Grocery,Bakery,54.32,2,0.0,20.84,2024-06,2024Q2,2024,0.3837
105015,2024-06-19,Galway,Grocery,Bakery,28.3,1,0.1,5.48,2024-06,2024Q2,2024,0.1936
101993,2024-06-19,Galway,Clothing,Menswear,44.59,1,0.0,12.61,2024-06,2024Q2,2024,0.2828
101708,2024-06-19,Cork,Electronics,Smart Home,260.85,1,0.0,82.11,2024-06,2024Q2,2024,0.3148
102952,2024-06-19,Galway,Clothing,Accessories,13.84,1,0.0,4.57,2024-06,2024Q2,2024,0.3302
100262,2024-06-19,Cork,Homeware,Bedding,202.46,2,0.1,68.69,2024-06,2024Q2,2024,0.3393
103634,2024-06-20,Limerick,Clothing,Menswear,77.48,4,0.0,28.65,2024-06,2024Q2,2024,0.3698
101655,2024-06-20,Dublin,Homeware,Furniture,295.8,1,0.0,122.31,2024-06,2024Q2,2024,0.4135
101038,2024-06-20,Galway,Electronics,Headphones,646.14,3,0.0,232.27,2024-06,2024Q2,2024,0.3595
103068,2024-06-20,Galway,Clothing,Menswear,387.12,4,0.2,58.07,2024-06,2024Q2,2024,0.15
101983,2024-06-20,Dublin,Electronics,Mobile Accessories,206.54,1,0.1,67.02,2024-06,2024Q2,2024,0.3245
104796,2024-06-20,Cork,Grocery,Bakery,25.82,1,0.0,11.12,2024-06,2024Q2,2024,0.4307
100058,2024-06-20,Cork,Electronics,Laptops,345.37,1,0.1,119.11,2024-06,2024Q2,2024,0.3449
104563,2024-06-21,Dublin,Clothing,Kidswear,126.55,2,0.0,31.95,2024-06,2024Q2,2024,0.2525
104845,2024-06-21,Dublin,Clothing,Womenswear,135.47,1,0.05,36.1,2024-06,2024Q2,2024,0.2665
104352,2024-06-21,Cork,Electronics,TVs,1278.18,4,0.2,186.87,2024-06,2024Q2,2024,0.1462
103573,2024-06-21,Cork,Clothing,Accessories,79.6,2,0.1,14.17,2024-06,2024Q2,2024,0.178
101907,2024-06-21,Cork,Homeware,Kitchenware,122.48,4,0.15,24.59,2024-06,2024Q2,2024,0.2008
106304,2024-06-21,Galway,Homeware,Kitchenware,298.58,2,0.0,81.9,2024-06,2024Q2,2024,0.2743
103710,2024-06-21,Dublin,Electronics,Laptops,773.08,4,0.2,45.18,2024-06,2024Q2,2024,0.0584
103778,2024-06-22,Dublin,Clothing,Womenswear,57.89,1,0.2,4.28,2024-06,2024Q2,2024,0.0739
102260,2024-06-22,Dublin,Grocery,Fresh Produce,12.17,1,0.2,1.64,2024-06,2024Q2,2024,0.1348
103746,2024-06-22,Limerick,Electronics,Mobile Accessories,201.0,2,0.05,62.64,2024-06,2024Q2,2024,0.3116
100707,2024-06-22,Cork,Grocery,Snacks,7.01,1,0.15,1.36,2024-06,2024Q2,2024,0.194
104346,2024-06-22,Dublin,Homeware,Furniture,1075.34,4,0.0,338.39,2024-06,2024Q2,2024,0.3147
103428,2024-06-23,Dublin,Electronics,Headphones,496.24,1,0.1,115.83,2024-06,2024Q2,2024,0.2334
103424,2024-06-23,Dublin,Electronics,Smart Home,271.65,1,0.05,80.7,2024-06,2024Q2,2024,0.2971
103799,2024-06-23,Limerick,Clothing,Womenswear,265.24,4,0.15,45.63,2024-06,2024Q2,2024,0.172
103553,2024-06-23,Cork,Grocery,Bakery,25.86,1,0.0,7.88,2024-06,2024Q2,2024,0.3047
102364,2024-06-23,Galway,Homeware,Kitchenware,103.64,1,0.15,30.21,2024-06,2024Q2,2024,0.2915
104411,2024-06-23,Dublin,Homeware,Furniture,330.67,2,0.2,33.06,2024-06,2024Q2,2024,0.1
101225,2024-06-23,Limerick,Homeware,Storage,257.26,1,0.1,70.78,2024-06,2024Q2,2024,0.2751
102024,2024-06-23,Cork,Clothing,Kidswear,180.9,2,0.2,26.53,2024-06,2024Q2,2024,0.1467
105150,2024-06-24,Cork,Clothing,Womenswear,90.49,1,0.0,37.41,2024-06,2024Q2,2024,0.4134
101016,2024-06-24,Cork,Clothing,Womenswear,72.56,1,0.0,23.31,2024-06,2024Q2,2024,0.3213
101310,2024-06-24,Dublin,Clothing,Accessories,92.95,1,0.05,21.05,2024-06,2024Q2,2024,0.2265
102351,2024-06-24,Dublin,Electronics,Headphones,2151.74,4,0.2,116.84,2024-06,2024Q2,2024,0.0543
100726,2024-06-24,Cork,Clothing,Footwear,315.9,3,0.1,64.7,2024-06,2024Q2,2024,0.2048
101807,2024-06-24,Dublin,Homeware,Furniture,588.36,2,0.0,205.56,2024-06,2024Q2,2024,0.3494
100822,2024-06-24,Dublin,Clothing,Footwear,29.43,1,0.0,10.09,2024-06,2024Q2,2024,0.3428
104958,2024-06-24,Galway,Grocery,Dairy,39.16,4,0.1,11.25,2024-06,2024Q2,2024,0.2873
103134,2024-06-25,Galway,Grocery,Dairy,44.22,3,0.0,17.2,2024-06,2024Q2,2024,0.389
104968,2024-06-25,Dublin,Electronics,TVs,703.11,1,0.0,273.48,2024-06,2024Q2,2024,0.389
101712,2024-06-25,Limerick,Grocery,Snacks,40.78,1,0.2,3.59,2024-06,2024Q2,2024,0.088
104015,2024-06-25,Galway,Clothing,Womenswear,60.73,1,0.05,22.01,2024-06,2024Q2,2024,0.3624
101463,2024-06-26,Limerick,Grocery,Fresh Produce,7.63,3,0.0,2.77,2024-06,2024Q2,2024,0.363
102593,2024-06-26,Limerick,Homeware,Furniture,946.72,4,0.2,136.14,2024-06,2024Q2,2024,0.1438
105922,2024-06-26,Dublin,Homeware,Storage,205.53,1,0.05,61.65,2024-06,2024Q2,2024,0.3
102966,2024-06-26,Dublin,Electronics,Headphones,179.55,1,0.05,66.99,2024-06,2024Q2,2024,0.3731
104010,2024-06-26,Galway,Clothing,Menswear,173.92,2,0.0,55.31,2024-06,2024Q2,2024,0.318
105736,2024-06-26,Dublin,Clothing,Kidswear,18.41,1,0.2,1.83,2024-06,2024Q2,2024,0.0994
103871,2024-06-26,Limerick,Grocery,Dairy,20.51,1,0.2,3.49,2024-06,2024Q2,2024,0.1702
101942,2024-06-26,Limerick,Grocery,Snacks,10.18,1,0.0,4.03,2024-06,2024Q2,2024,0.3959
101926,2024-06-26,Dublin,Clothing,Menswear,70.89,1,0.2,10.37,2024-06,2024Q2,2024,0.1463
105385,2024-06-27,Limerick,Grocery,Fresh Produce,130.85,4,0.0,46.57,2024-06,2024Q2,2024,0.3559
100042,2024-06-27,Cork,Grocery,Snacks,22.82,1,0.0,8.96,2024-06,2024Q2,2024,0.3926
104038,2024-06-27,Limerick,Grocery,Beverages,4.09,1,0.1,0.88,2024-06,2024Q2,2024,0.2152
104886,2024-06-27,Dublin,Grocery,Fresh Produce,62.56,2,0.1,12.27,2024-06,2024Q2,2024,0.1961
105643,2024-06-27,Galway,Homeware,Bedding,58.26,1,0.0,22.66,2024-06,2024Q2,2024,0.3889
102307,2024-06-28,Cork,Grocery,Bakery,10.07,1,0.05,2.7,2024-06,2024Q2,2024,0.2681
105218,2024-06-28,Dublin,Electronics,Smart Home,577.62,1,0.1,121.42,2024-06,2024Q2,2024,0.2102
101214,2024-06-28,Cork,Homeware,Furniture,48.47,1,0.0,19.8,2024-06,2024Q2,2024,0.4085
105081,2024-06-28,Galway,Homeware,Furniture,345.06,3,0.2,52.48,2024-06,2024Q2,2024,0.1521
101578,2024-06-28,Galway,Grocery,Dairy,25.62,1,0.0,9.58,2024-06,2024Q2,2024,0.3739
101566,2024-06-28,Galway,Clothing,Menswear,17.5,1,0.0,7.62,2024-06,2024Q2,2024,0.4354
104751,2024-06-28,Galway,Electronics,Headphones,87.65,1,0.0,27.2,2024-06,2024Q2,2024,0.3103
102332,2024-06-28,Limerick,Grocery,Beverages,11.06,2,0.0,2.52,2024-06,2024Q2,2024,0.2278
105690,2024-06-29,Limerick,Homeware,Lighting,292.04,4,0.15,41.6,2024-06,2024Q2,2024,0.1424
106115,2024-06-29,Dublin,Electronics,Headphones,2045.92,3,0.1,511.48,2024-06,2024Q2,2024,0.25
103034,2024-06-29,Dublin,Electronics,Laptops,278.89,1,0.1,71.2,2024-06,2024Q2,2024,0.2553
101473,2024-06-29,Dublin,Clothing,Footwear,124.46,1,0.0,35.9,2024-06,2024Q2,2024,0.2884
104358,2024-06-29,Dublin,Electronics,TVs,574.46,1,0.0,165.36,2024-06,2024Q2,2024,0.2879
104847,2024-06-29,Limerick,Clothing,Footwear,303.12,4,0.0,131.74,2024-06,2024Q2,2024,0.4346
100848,2024-06-29,Cork,Grocery,Beverages,71.7,3,0.0,28.37,2024-06,2024Q2,2024,0.3957
100562,2024-06-29,Dublin,Clothing,Menswear,258.78,3,0.2,33.83,2024-06,2024Q2,2024,0.1307
102662,2024-06-29,Dublin,Homeware,Storage,121.47,1,0.05,42.05,2024-06,2024Q2,2024,0.3462
106424,2024-06-29,Galway,Homeware,Lighting,232.34,1,0.15,37.66,2024-06,2024Q2,2024,0.1621
100990,2024-06-29,Cork,Grocery,Bakery,23.0,1,0.1,6.04,2024-06,2024Q2,2024,0.2626
104413,2024-06-29,Dublin,Homeware,Lighting,223.97,1,0.0,76.35,2024-06,2024Q2,2024,0.3409
104882,2024-06-29,Dublin,Grocery,Dairy,28.74,1,0.0,11.08,2024-06,2024Q2,2024,0.3855
105667,2024-06-30,Cork,Homeware,Lighting,324.6,2,0.1,104.31,2024-06,2024Q2,2024,0.3213
101264,2024-06-30,Cork,Homeware,Storage,165.51,3,0.05,40.97,2024-06,2024Q2,2024,0.2475
105234,2024-06-30,Cork,Clothing,Womenswear,88.02,1,0.2,4.42,2024-06,2024Q2,2024,0.0502
104080,2024-06-30,Galway,Electronics,TVs,1907.01,3,0.15,321.85,2024-06,2024Q2,2024,0.1688
101765,2024-06-30,Dublin,Electronics,Headphones,1185.97,4,0.1,221.71,2024-06,2024Q2,2024,0.1869
103780,2024-06-30,Dublin,Grocery,Beverages,127.7,4,0.1,31.11,2024-06,2024Q2,2024,0.2436
103615,2024-06-30,Dublin,Homeware,Furniture,448.57,2,0.05,143.74,2024-06,2024Q2,2024,0.3204
100669,2024-06-30,Cork,Grocery,Bakery,20.68,1,0.0,6.35,2024-06,2024Q2,2024,0.3071
100132,2024-06-30,Limerick,Clothing,Footwear,370.0,4,0.1,96.28,2024-06,2024Q2,2024,0.2602
106066,2024-06-30,Galway,Homeware,Kitchenware,527.9,2,0.2,91.33,2024-06,2024Q2,2024,0.173
101846,2024-07-01,Dublin,Clothing,Womenswear,87.81,4,0.1,17.99,2024-07,2024Q3,2024,0.2049
102604,2024-07-01,Dublin,Clothing,Accessories,81.26,2,0.1,18.48,2024-07,2024Q3,2024,0.2274
101116,2024-07-01,Limerick,Electronics,Laptops,294.09,1,0.1,51.2,2024-07,2024Q3,2024,0.1741
105050,2024-07-01,Cork,Clothing,Accessories,9.22,1,0.1,3.11,2024-07,2024Q3,2024,0.3373
106459,2024-07-01,Limerick,Grocery,Snacks,43.51,1,0.05,10.45,2024-07,2024Q3,2024,0.2402
106156,2024-07-01,Cork,Clothing,Kidswear,77.21,1,0.0,24.61,2024-07,2024Q3,2024,0.3187
100423,2024-07-01,Cork,Homeware,Lighting,58.03,1,0.1,12.84,2024-07,2024Q3,2024,0.2213
100390,2024-07-01,Cork,Grocery,Fresh Produce,61.82,2,0.05,17.52,2024-07,2024Q3,2024,0.2834
104812,2024-07-01,Galway,Grocery,Beverages,64.58,2,0.15,6.71,2024-07,2024Q3,2024,0.1039
100405,2024-07-01,Galway,Electronics,TVs,538.51,1,0.05,173.61,2024-07,2024Q3,2024,0.3224
101676,2024-07-01,Dublin,Homeware,Furniture,107.51,1,0.1,32.93,2024-07,2024Q3,2024,0.3063
100534,2024-07-02,Dublin,Electronics,TVs,631.07,1,0.0,167.82,2024-07,2024Q3,2024,0.2659
103939,2024-07-02,Cork,Homeware,Storage,553.56,2,0.1,108.99,2024-07,2024Q3,2024,0.1969
100974,2024-07-02,Galway,Clothing,Kidswear,118.45,1,0.2,8.84,2024-07,2024Q3,2024,0.0746
104601,2024-07-02,Cork,Electronics,Mobile Accessories,80.34,1,0.0,20.2,2024-07,2024Q3,2024,0.2514
102655,2024-07-02,Dublin,Electronics,Headphones,48.28,1,0.0,18.02,2024-07,2024Q3,2024,0.3732
100197,2024-07-02,Limerick,Clothing,Footwear,86.61,3,0.0,5.61,2024-07,2024Q3,2024,0.0648
100886,2024-07-02,Limerick,Electronics,TVs,862.62,2,0.05,177.75,2024-07,2024Q3,2024,0.2061
100230,2024-07-02,Dublin,Electronics,TVs,135.77,1,0.1,33.22,2024-07,2024Q3,2024,0.2447
103074,2024-07-02,Dublin,Grocery,Bakery,17.15,1,0.15,3.14,2024-07,2024Q3,2024,0.1831
104101,2024-07-02,Cork,Homeware,Storage,297.81,1,0.2,19.03,2024-07,2024Q3,2024,0.0639
104687,2024-07-03,Cork,Electronics,Smart Home,301.76,2,0.0,89.78,2024-07,2024Q3,2024,0.2975
101004,2024-07-03,Dublin,Homeware,Storage,888.03,4,0.0,378.8,2024-07,2024Q3,2024,0.4266
102397,2024-07-03,Dublin,Clothing,Footwear,78.08,1,0.15,21.8,2024-07,2024Q3,2024,0.2792
104489,2024-07-03,Dublin,Clothing,Womenswear,232.05,2,0.15,29.54,2024-07,2024Q3,2024,0.1273
100570,2024-07-03,Cork,Clothing,Accessories,199.7,2,0.0,80.85,2024-07,2024Q3,2024,0.4049
104271,2024-07-03,Dublin,Electronics,Headphones,274.84,1,0.05,78.95,2024-07,2024Q3,2024,0.2873
100765,2024-07-03,Limerick,Grocery,Bakery,40.75,3,0.2,2.95,2024-07,2024Q3,2024,0.0724
105395,2024-07-03,Dublin,Electronics,Laptops,360.94,3,0.15,36.11,2024-07,2024Q3,2024,0.1
104001,2024-07-03,Cork,Grocery,Fresh Produce,5.84,1,0.0,2.32,2024-07,2024Q3,2024,0.3973
105674,2024-07-03,Cork,Grocery,Bakery,6.36,1,0.2,0.38,2024-07,2024Q3,2024,0.0597
103145,2024-07-03,Galway,Clothing,Menswear,167.24,2,0.2,21.92,2024-07,2024Q3,2024,0.1311
101127,2024-07-03,Limerick,Homeware,Furniture,407.42,2,0.2,50.52,2024-07,2024Q3,2024,0.124
103187,2024-07-03,Cork,Clothing,Menswear,194.52,2,0.0,86.24,2024-07,2024Q3,2024,0.4433
102250,2024-07-04,Dublin,Homeware,Storage,39.72,1,0.05,15.81,2024-07,2024Q3,2024,0.398
104364,2024-07-04,Galway,Electronics,Laptops,819.3,3,0.0,343.11,2024-07,2024Q3,2024,0.4188
103213,2024-07-04,Limerick,Homeware,Kitchenware,198.4,1,0.05,55.87,2024-07,2024Q3,2024,0.2816
102425,2024-07-04,Cork,Clothing,Kidswear,71.52,1,0.0,19.17,2024-07,2024Q3,2024,0.268
100201,2024-07-04,Dublin,Homeware,Lighting,119.42,1,0.0,47.51,2024-07,2024Q3,2024,0.3978
106136,2024-07-04,Limerick,Clothing,Kidswear,34.76,1,0.2,2.67,2024-07,2024Q3,2024,0.0768
102978,2024-07-04,Cork,Homeware,Lighting,21.71,1,0.0,7.48,2024-07,2024Q3,2024,0.3445
102403,2024-07-04,Limerick,Clothing,Footwear,108.0,1,0.2,11.01,2024-07,2024Q3,2024,0.1019
105970,2024-07-04,Dublin,Electronics,Smart Home,464.42,1,0.0,136.14,2024-07,2024Q3,2024,0.2931
102782,2024-07-04,Limerick,Clothing,Womenswear,216.92,2,0.2,28.58,2024-07,2024Q3,2024,0.1318
104873,2024-07-04,Dublin,Homeware,Furniture,165.77,3,0.0,47.74,2024-07,2024Q3,2024,0.288
103259,2024-07-04,Galway,Homeware,Kitchenware,178.5,1,0.2,14.05,2024-07,2024Q3,2024,0.0787
101274,2024-07-05,Dublin,Electronics,Laptops,145.11,1,0.0,48.7,2024-07,2024Q3,2024,0.3356
104051,2024-07-05,Dublin,Homeware,Kitchenware,61.55,1,0.2,3.96,2024-07,2024Q3,2024,0.0643
102845,2024-07-05,Dublin,Homeware,Storage,226.92,1,0.0,74.81,2024-07,2024Q3,2024,0.3297
103926,2024-07-05,Limerick,Electronics,Smart Home,235.02,3,0.1,54.23,2024-07,2024Q3,2024,0.2307
105348,2024-07-05,Dublin,Grocery,Bakery,34.78,2,0.0,13.22,2024-07,2024Q3,2024,0.3801
106064,2024-07-05,Dublin,Grocery,Dairy,136.72,3,0.15,35.91,2024-07,2024Q3,2024,0.2627
104331,2024-07-05,Dublin,Electronics,Headphones,346.55,3,0.2,63.15,2024-07,2024Q3,2024,0.1822
103072,2024-07-05,Galway,Homeware,Bedding,261.39,3,0.0,75.11,2024-07,2024Q3,2024,0.2873
105661,2024-07-05,Galway,Clothing,Footwear,264.68,4,0.15,41.73,2024-07,2024Q3,2024,0.1577
105048,2024-07-05,Galway,Homeware,Bedding,10.69,1,0.05,4.08,2024-07,2024Q3,2024,0.3817
106381,2024-07-05,Galway,Electronics,Headphones,464.6,2,0.2,86.43,2024-07,2024Q3,2024,0.186
102030,2024-07-05,Galway,Electronics,Laptops,355.1,1,0.2,57.92,2024-07,2024Q3,2024,0.1631
100862,2024-07-05,Dublin,Grocery,Fresh Produce,55.77,2,0.0,14.8,2024-07,2024Q3,2024,0.2654
105173,2024-07-05,Dublin,Clothing,Womenswear,86.4,1,0.05,21.33,2024-07,2024Q3,2024,0.2469
105509,2024-07-05,Galway,Homeware,Bedding,533.76,3,0.0,211.57,2024-07,2024Q3,2024,0.3964
101095,2024-07-05,Dublin,Grocery,Beverages,78.68,2,0.05,31.2,2024-07,2024Q3,2024,0.3965
101223,2024-07-06,Galway,Homeware,Bedding,744.64,4,0.0,259.54,2024-07,2024Q3,2024,0.3485
103940,2024-07-06,Limerick,Clothing,Menswear,13.56,1,0.1,4.08,2024-07,2024Q3,2024,0.3009
103280,2024-07-06,Galway,Clothing,Menswear,199.04,2,0.05,59.39,2024-07,2024Q3,2024,0.2984
102584,2024-07-06,Galway,Grocery,Fresh Produce,56.58,2,0.0,19.85,2024-07,2024Q3,2024,0.3508
105485,2024-07-06,Limerick,Homeware,Furniture,115.61,1,0.05,27.89,2024-07,2024Q3,2024,0.2412
101056,2024-07-06,Dublin,Grocery,Fresh Produce,75.0,2,0.0,19.49,2024-07,2024Q3,2024,0.2599
103368,2024-07-06,Dublin,Homeware,Kitchenware,429.59,2,0.0,171.93,2024-07,2024Q3,2024,0.4002
100142,2024-07-06,Dublin,Electronics,TVs,2331.28,4,0.15,287.36,2024-07,2024Q3,2024,0.1233
100710,2024-07-06,Dublin,Grocery,Bakery,66.31,2,0.0,16.64,2024-07,2024Q3,2024,0.2509
103138,2024-07-07,Dublin,Electronics,Smart Home,1080.42,2,0.0,308.28,2024-07,2024Q3,2024,0.2853
100934,2024-07-07,Dublin,Homeware,Storage,975.43,4,0.1,252.55,2024-07,2024Q3,2024,0.2589
102715,2024-07-07,Cork,Electronics,Laptops,307.04,2,0.2,21.2,2024-07,2024Q3,2024,0.069
104427,2024-07-07,Galway,Electronics,Mobile Accessories,291.06,1,0.0,96.42,2024-07,2024Q3,2024,0.3313
105214,2024-07-07,Dublin,Grocery,Dairy,78.57,2,0.15,21.88,2024-07,2024Q3,2024,0.2785
106205,2024-07-07,Limerick,Grocery,Beverages,9.11,1,0.2,1.2,2024-07,2024Q3,2024,0.1317
105358,2024-07-08,Cork,Grocery,Bakery,56.36,2,0.0,21.33,2024-07,2024Q3,2024,0.3785
104083,2024-07-08,Cork,Grocery,Snacks,5.68,1,0.15,1.18,2024-07,2024Q3,2024,0.2077
103863,2024-07-08,Dublin,Electronics,Laptops,641.18,3,0.1,112.74,2024-07,2024Q3,2024,0.1758
100019,2024-07-08,Cork,Clothing,Womenswear,325.99,4,0.05,117.98,2024-07,2024Q3,2024,0.3619
101230,2024-07-09,Dublin,Clothing,Womenswear,28.77,2,0.0,9.77,2024-07,2024Q3,2024,0.3396
102681,2024-07-09,Dublin,Electronics,Laptops,169.75,1,0.05,44.83,2024-07,2024Q3,2024,0.2641
100533,2024-07-09,Limerick,Grocery,Dairy,124.27,4,0.2,25.91,2024-07,2024Q3,2024,0.2085
103299,2024-07-09,Galway,Electronics,Smart Home,1125.9,2,0.0,409.22,2024-07,2024Q3,2024,0.3635
103309,2024-07-09,Limerick,Electronics,Smart Home,416.46,1,0.05,166.16,2024-07,2024Q3,2024,0.399
100214,2024-07-09,Galway,Clothing,Footwear,34.25,1,0.2,2.65,2024-07,2024Q3,2024,0.0774
102115,2024-07-09,Dublin,Electronics,Headphones,537.8,1,0.0,176.26,2024-07,2024Q3,2024,0.3277
103777,2024-07-09,Dublin,Electronics,Laptops,657.87,2,0.05,198.83,2024-07,2024Q3,2024,0.3022
101747,2024-07-10,Limerick,Electronics,Mobile Accessories,451.52,2,0.0,167.01,2024-07,2024Q3,2024,0.3699
101000,2024-07-10,Dublin,Homeware,Furniture,304.57,4,0.0,92.81,2024-07,2024Q3,2024,0.3047
105517,2024-07-10,Galway,Homeware,Furniture,413.66,2,0.1,138.0,2024-07,2024Q3,2024,0.3336
104501,2024-07-10,Galway,Electronics,TVs,237.57,1,0.15,29.98,2024-07,2024Q3,2024,0.1262
106072,2024-07-10,Galway,Clothing,Accessories,25.6,1,0.15,6.34,2024-07,2024Q3,2024,0.2477
103243,2024-07-10,Cork,Grocery,Fresh Produce,39.43,1,0.0,14.86,2024-07,2024Q3,2024,0.3769
104667,2024-07-10,Limerick,Grocery,Bakery,23.83,3,0.0,8.36,2024-07,2024Q3,2024,0.3508
101800,2024-07-10,Dublin,Grocery,Fresh Produce,26.48,1,0.2,1.62,2024-07,2024Q3,2024,0.0612
103502,2024-07-10,Cork,Grocery,Dairy,11.32,1,0.05,3.4,2024-07,2024Q3,2024,0.3004
103810,2024-07-10,Dublin,Homeware,Storage,202.34,1,0.0,61.0,2024-07,2024Q3,2024,0.3015
103001,2024-07-10,Dublin,Homeware,Lighting,116.58,1,0.05,41.09,2024-07,2024Q3,2024,0.3525
101885,2024-07-11,Dublin,Electronics,Headphones,229.03,1,0.15,30.81,2024-07,2024Q3,2024,0.1345
103374,2024-07-11,Cork,Homeware,Bedding,59.36,4,0.0,23.48,2024-07,2024Q3,2024,0.3956
101529,2024-07-11,Dublin,Grocery,Fresh Produce,45.46,1,0.15,10.56,2024-07,2024Q3,2024,0.2323
102559,2024-07-11,Limerick,Grocery,Dairy,3.53,1,0.0,0.94,2024-07,2024Q3,2024,0.2663
106420,2024-07-11,Galway,Electronics,TVs,1571.98,2,0.1,302.4,2024-07,2024Q3,2024,0.1924
105153,2024-07-11,Cork,Clothing,Kidswear,105.63,1,0.15,27.92,2024-07,2024Q3,2024,0.2643
101026,2024-07-11,Cork,Grocery,Bakery,131.72,4,0.1,32.56,2024-07,2024Q3,2024,0.2472
101324,2024-07-11,Galway,Electronics,Mobile Accessories,123.28,2,0.2,10.02,2024-07,2024Q3,2024,0.0813
104043,2024-07-11,Dublin,Homeware,Kitchenware,221.65,1,0.2,45.35,2024-07,2024Q3,2024,0.2046
101237,2024-07-11,Dublin,Clothing,Kidswear,255.8,2,0.2,54.61,2024-07,2024Q3,2024,0.2135
106181,2024-07-12,Dublin,Electronics,Headphones,1687.55,3,0.0,584.66,2024-07,2024Q3,2024,0.3465
100032,2024-07-12,Galway,Grocery,Bakery,84.48,2,0.15,18.12,2024-07,2024Q3,2024,0.2145
103981,2024-07-12,Dublin,Homeware,Kitchenware,452.81,3,0.1,143.03,2024-07,2024Q3,2024,0.3159
104991,2024-07-12,Limerick,Clothing,Kidswear,95.82,2,0.2,8.9,2024-07,2024Q3,2024,0.0929
100087,2024-07-12,Limerick,Homeware,Storage,484.24,4,0.2,81.28,2024-07,2024Q3,2024,0.1679
104023,2024-07-12,Dublin,Grocery,Fresh Produce,24.68,1,0.05,7.88,2024-07,2024Q3,2024,0.3193
101340,2024-07-12,Galway,Grocery,Fresh Produce,23.61,1,0.0,6.57,2024-07,2024Q3,2024,0.2783
104156,2024-07-12,Galway,Electronics,Mobile Accessories,803.42,2,0.05,212.11,2024-07,2024Q3,2024,0.264
102678,2024-07-12,Dublin,Homeware,Kitchenware,1111.58,3,0.1,197.94,2024-07,2024Q3,2024,0.1781
100108,2024-07-13,Limerick,Clothing,Menswear,246.69,3,0.15,44.55,2024-07,2024Q3,2024,0.1806
101930,2024-07-13,Dublin,Grocery,Snacks,88.85,2,0.05,18.29,2024-07,2024Q3,2024,0.2059
103654,2024-07-13,Dublin,Grocery,Snacks,123.82,3,0.0,51.67,2024-07,2024Q3,2024,0.4173
103607,2024-07-13,Cork,Homeware,Storage,195.01,1,0.0,59.82,2024-07,2024Q3,2024,0.3068
105800,2024-07-13,Cork,Grocery,Dairy,13.84,1,0.1,4.27,2024-07,2024Q3,2024,0.3085
100852,2024-07-13,Dublin,Grocery,Snacks,39.95,2,0.05,8.23,2024-07,2024Q3,2024,0.206
101378,2024-07-13,Dublin,Homeware,Kitchenware,483.8,2,0.05,108.37,2024-07,2024Q3,2024,0.224
100909,2024-07-13,Limerick,Electronics,Smart Home,1392.36,3,0.0,558.55,2024-07,2024Q3,2024,0.4012
102226,2024-07-13,Dublin,Grocery,Dairy,25.48,1,0.0,8.61,2024-07,2024Q3,2024,0.3379
106297,2024-07-13,Galway,Grocery,Snacks,18.45,3,0.0,7.73,2024-07,2024Q3,2024,0.419
100024,2024-07-13,Dublin,Electronics,TVs,557.57,1,0.15,132.3,2024-07,2024Q3,2024,0.2373
105561,2024-07-13,Dublin,Grocery,Bakery,153.41,4,0.0,66.51,2024-07,2024Q3,2024,0.4335
104719,2024-07-13,Limerick,Grocery,Snacks,154.7,4,0.15,26.85,2024-07,2024Q3,2024,0.1736
105738,2024-07-13,Cork,Clothing,Womenswear,114.77,1,0.05,33.76,2024-07,2024Q3,2024,0.2942
105305,2024-07-13,Dublin,Grocery,Snacks,25.37,1,0.1,6.34,2024-07,2024Q3,2024,0.2499
102954,2024-07-13,Dublin,Grocery,Fresh Produce,25.69,1,0.0,8.36,2024-07,2024Q3,2024,0.3254
100352,2024-07-13,Dublin,Homeware,Storage,448.75,2,0.15,102.45,2024-07,2024Q3,2024,0.2283
104084,2024-07-13,Dublin,Homeware,Lighting,458.37,2,0.0,193.07,2024-07,2024Q3,2024,0.4212
103574,2024-07-14,Cork,Electronics,Headphones,293.1,1,0.0,93.5,2024-07,2024Q3,2024,0.319
101261,2024-07-14,Dublin,Electronics,TVs,287.4,1,0.0,94.15,2024-07,2024Q3,2024,0.3276
103028,2024-07-14,Limerick,Homeware,Furniture,146.19,3,0.0,58.82,2024-07,2024Q3,2024,0.4024
104281,2024-07-14,Cork,Clothing,Womenswear,206.2,4,0.0,59.35,2024-07,2024Q3,2024,0.2878
103434,2024-07-14,Galway,Electronics,TVs,434.14,1,0.0,178.81,2024-07,2024Q3,2024,0.4119
106145,2024-07-14,Limerick,Electronics,Headphones,1850.91,3,0.05,450.7,2024-07,2024Q3,2024,0.2435
103444,2024-07-14,Limerick,Homeware,Bedding,470.7,2,0.0,103.47,2024-07,2024Q3,2024,0.2198
105953,2024-07-14,Limerick,Clothing,Kidswear,49.5,3,0.1,10.45,2024-07,2024Q3,2024,0.2111
104628,2024-07-14,Dublin,Homeware,Storage,231.38,1,0.0,73.47,2024-07,2024Q3,2024,0.3175
104451,2024-07-14,Dublin,Homeware,Lighting,18.64,1,0.0,5.14,2024-07,2024Q3,2024,0.2758
105189,2024-07-14,Limerick,Clothing,Accessories,97.02,1,0.2,13.96,2024-07,2024Q3,2024,0.1439
100861,2024-07-15,Dublin,Clothing,Footwear,179.88,2,0.0,49.71,2024-07,2024Q3,2024,0.2764
102745,2024-07-15,Galway,Electronics,Mobile Accessories,1154.25,3,0.15,310.44,2024-07,2024Q3,2024,0.269
104297,2024-07-15,Dublin,Clothing,Footwear,26.01,1,0.05,8.56,2024-07,2024Q3,2024,0.3291
103104,2024-07-15,Dublin,Homeware,Kitchenware,159.0,1,0.0,47.37,2024-07,2024Q3,2024,0.2979
106262,2024-07-15,Galway,Clothing,Accessories,216.86,2,0.0,72.32,2024-07,2024Q3,2024,0.3335
104262,2024-07-15,Galway,Clothing,Kidswear,144.66,3,0.1,36.35,2024-07,2024Q3,2024,0.2513
100199,2024-07-16,Galway,Grocery,Bakery,89.34,3,0.0,27.36,2024-07,2024Q3,2024,0.3062
102489,2024-07-16,Dublin,Electronics,Laptops,354.74,1,0.2,24.24,2024-07,2024Q3,2024,0.0683
103116,2024-07-16,Cork,Homeware,Bedding,291.5,2,0.15,87.15,2024-07,2024Q3,2024,0.299
104261,2024-07-16,Dublin,Clothing,Kidswear,38.89,2,0.0,16.28,2024-07,2024Q3,2024,0.4186
104750,2024-07-16,Dublin,Grocery,Bakery,17.54,1,0.2,3.6,2024-07,2024Q3,2024,0.2052
104301,2024-07-16,Galway,Clothing,Footwear,117.1,1,0.2,27.9,2024-07,2024Q3,2024,0.2383
100780,2024-07-16,Cork,Homeware,Kitchenware,689.82,3,0.15,157.58,2024-07,2024Q3,2024,0.2284
106401,2024-07-16,Galway,Homeware,Bedding,844.02,3,0.0,376.02,2024-07,2024Q3,2024,0.4455
105356,2024-07-16,Galway,Clothing,Kidswear,134.86,2,0.0,50.43,2024-07,2024Q3,2024,0.3739
101563,2024-07-16,Dublin,Homeware,Bedding,772.35,3,0.0,317.3,2024-07,2024Q3,2024,0.4108
104512,2024-07-16,Dublin,Electronics,Headphones,558.12,1,0.15,70.79,2024-07,2024Q3,2024,0.1268
104236,2024-07-16,Dublin,Grocery,Dairy,56.34,3,0.05,12.21,2024-07,2024Q3,2024,0.2167
103345,2024-07-17,Galway,Homeware,Lighting,367.58,2,0.05,129.42,2024-07,2024Q3,2024,0.3521
101991,2024-07-17,Galway,Grocery,Fresh Produce,17.62,1,0.0,4.97,2024-07,2024Q3,2024,0.2821
102903,2024-07-17,Dublin,Grocery,Bakery,46.0,2,0.0,13.07,2024-07,2024Q3,2024,0.2841
106054,2024-07-17,Limerick,Electronics,Mobile Accessories,1091.32,4,0.15,112.56,2024-07,2024Q3,2024,0.1031
103268,2024-07-17,Limerick,Clothing,Kidswear,72.53,1,0.05,23.21,2024-07,2024Q3,2024,0.32
103019,2024-07-17,Dublin,Electronics,Headphones,733.73,1,0.05,150.26,2024-07,2024Q3,2024,0.2048
103947,2024-07-17,Dublin,Clothing,Kidswear,71.6,1,0.05,21.1,2024-07,2024Q3,2024,0.2947
103520,2024-07-17,Limerick,Grocery,Dairy,39.94,2,0.15,5.69,2024-07,2024Q3,2024,0.1425
104756,2024-07-17,Galway,Clothing,Footwear,186.54,2,0.0,60.3,2024-07,2024Q3,2024,0.3233
106471,2024-07-17,Dublin,Clothing,Kidswear,77.2,1,0.1,16.32,2024-07,2024Q3,2024,0.2114
100794,2024-07-17,Limerick,Homeware,Storage,168.64,2,0.05,43.02,2024-07,2024Q3,2024,0.2551
102193,2024-07-17,Dublin,Clothing,Kidswear,92.54,1,0.15,23.48,2024-07,2024Q3,2024,0.2537
100263,2024-07-18,Galway,Clothing,Footwear,169.38,2,0.15,22.36,2024-07,2024Q3,2024,0.132
103797,2024-07-18,Dublin,Grocery,Fresh Produce,25.22,1,0.2,3.58,2024-07,2024Q3,2024,0.142
100441,2024-07-18,Dublin,Homeware,Storage,68.02,1,0.0,27.35,2024-07,2024Q3,2024,0.4021
104587,2024-07-18,Dublin,Clothing,Kidswear,68.02,1,0.2,5.77,2024-07,2024Q3,2024,0.0848
101615,2024-07-18,Limerick,Homeware,Kitchenware,254.56,4,0.2,21.92,2024-07,2024Q3,2024,0.0861
104565,2024-07-18,Cork,Homeware,Storage,1167.6,4,0.1,236.75,2024-07,2024Q3,2024,0.2028
102532,2024-07-18,Dublin,Grocery,Fresh Produce,9.18,3,0.0,3.85,2024-07,2024Q3,2024,0.4194
104313,2024-07-18,Limerick,Homeware,Lighting,141.18,1,0.15,23.78,2024-07,2024Q3,2024,0.1684
100637,2024-07-18,Cork,Homeware,Furniture,66.76,1,0.1,12.02,2024-07,2024Q3,2024,0.18
103623,2024-07-18,Dublin,Clothing,Womenswear,96.65,1,0.2,24.07,2024-07,2024Q3,2024,0.249
104559,2024-07-18,Galway,Electronics,TVs,170.14,2,0.0,67.33,2024-07,2024Q3,2024,0.3957
103968,2024-07-18,Limerick,Grocery,Dairy,45.49,1,0.0,6.05,2024-07,2024Q3,2024,0.133
101716,2024-07-19,Cork,Clothing,Footwear,19.39,1,0.05,4.99,2024-07,2024Q3,2024,0.2573
104937,2024-07-19,Galway,Homeware,Furniture,288.78,1,0.2,42.85,2024-07,2024Q3,2024,0.1484
106480,2024-07-19,Galway,Clothing,Womenswear,212.92,2,0.0,87.43,2024-07,2024Q3,2024,0.4106
105392,2024-07-19,Limerick,Electronics,Smart Home,364.37,1,0.0,95.41,2024-07,2024Q3,2024,0.2618
105151,2024-07-19,Dublin,Electronics,Laptops,929.25,2,0.1,206.83,2024-07,2024Q3,2024,0.2226
104997,2024-07-19,Galway,Electronics,Headphones,408.07,1,0.15,61.99,2024-07,2024Q3,2024,0.1519
102791,2024-07-19,Dublin,Clothing,Footwear,255.44,2,0.0,99.82,2024-07,2024Q3,2024,0.3908
102712,2024-07-19,Galway,Electronics,Mobile Accessories,164.66,1,0.0,47.47,2024-07,2024Q3,2024,0.2883
101656,2024-07-19,Dublin,Grocery,Bakery,90.6,3,0.0,28.38,2024-07,2024Q3,2024,0.3132
104509,2024-07-19,Galway,Clothing,Womenswear,229.11,3,0.0,69.42,2024-07,2024Q3,2024,0.303
103937,2024-07-19,Limerick,Clothing,Womenswear,75.69,1,0.0,26.75,2024-07,2024Q3,2024,0.3534
101080,2024-07-19,Cork,Clothing,Menswear,69.88,1,0.05,17.25,2024-07,2024Q3,2024,0.2469
106465,2024-07-19,Dublin,Grocery,Beverages,34.07,1,0.0,10.64,2024-07,2024Q3,2024,0.3123
105874,2024-07-19,Dublin,Electronics,Laptops,2456.22,4,0.1,431.44,2024-07,2024Q3,2024,0.1757
105205,2024-07-19,Galway,Homeware,Storage,415.38,3,0.0,120.2,2024-07,2024Q3,2024,0.2894
103978,2024-07-19,Galway,Grocery,Dairy,25.81,1,0.05,7.63,2024-07,2024Q3,2024,0.2956
102748,2024-07-20,Limerick,Electronics,Headphones,549.07,1,0.2,113.2,2024-07,2024Q3,2024,0.2062
105383,2024-07-20,Cork,Electronics,Headphones,160.37,2,0.1,42.05,2024-07,2024Q3,2024,0.2622
104811,2024-07-20,Cork,Grocery,Beverages,75.12,2,0.05,29.89,2024-07,2024Q3,2024,0.3979
104636,2024-07-20,Cork,Electronics,Laptops,185.66,1,0.0,56.74,2024-07,2024Q3,2024,0.3056
101489,2024-07-20,Dublin,Clothing,Kidswear,60.0,1,0.0,23.37,2024-07,2024Q3,2024,0.3895
105125,2024-07-21,Galway,Homeware,Kitchenware,213.72,3,0.0,77.49,2024-07,2024Q3,2024,0.3626
100257,2024-07-21,Cork,Clothing,Footwear,8.5,1,0.0,3.35,2024-07,2024Q3,2024,0.3941
105845,2024-07-21,Galway,Clothing,Footwear,366.72,4,0.0,95.76,2024-07,2024Q3,2024,0.2611
102544,2024-07-21,Limerick,Grocery,Snacks,40.93,1,0.05,11.47,2024-07,2024Q3,2024,0.2802
103875,2024-07-21,Limerick,Clothing,Menswear,157.29,3,0.05,60.5,2024-07,2024Q3,2024,0.3846
103609,2024-07-21,Cork,Clothing,Accessories,337.77,3,0.15,81.47,2024-07,2024Q3,2024,0.2412
105313,2024-07-21,Dublin,Clothing,Womenswear,229.65,2,0.1,77.41,2024-07,2024Q3,2024,0.3371
102206,2024-07-21,Cork,Grocery,Fresh Produce,26.81,1,0.1,7.57,2024-07,2024Q3,2024,0.2824
103874,2024-07-21,Dublin,Grocery,Beverages,25.46,1,0.15,7.3,2024-07,2024Q3,2024,0.2867
104458,2024-07-21,Cork,Electronics,Mobile Accessories,205.08,4,0.0,80.6,2024-07,2024Q3,2024,0.393
104474,2024-07-21,Dublin,Clothing,Womenswear,192.92,4,0.0,47.62,2024-07,2024Q3,2024,0.2468
104456,2024-07-21,Dublin,Grocery,Beverages,77.26,2,0.1,17.82,2024-07,2024Q3,2024,0.2306
104482,2024-07-21,Galway,Homeware,Bedding,500.8,2,0.0,63.55,2024-07,2024Q3,2024,0.1269
103086,2024-07-21,Dublin,Clothing,Menswear,77.56,3,0.05,23.41,2024-07,2024Q3,2024,0.3018
102849,2024-07-21,Cork,Grocery,Beverages,51.32,2,0.1,12.88,2024-07,2024Q3,2024,0.251
100985,2024-07-22,Dublin,Homeware,Furniture,931.87,4,0.15,186.37,2024-07,2024Q3,2024,0.2
102790,2024-07-22,Dublin,Grocery,Fresh Produce,41.61,1,0.0,15.04,2024-07,2024Q3,2024,0.3615
101125,2024-07-22,Cork,Electronics,TVs,925.19,3,0.0,415.74,2024-07,2024Q3,2024,0.4494
104711,2024-07-22,Galway,Clothing,Footwear,75.5,1,0.1,24.62,2024-07,2024Q3,2024,0.3261
100821,2024-07-22,Dublin,Clothing,Kidswear,35.72,1,0.15,6.97,2024-07,2024Q3,2024,0.1951
104502,2024-07-22,Dublin,Electronics,TVs,923.61,2,0.2,164.15,2024-07,2024Q3,2024,0.1777
102276,2024-07-23,Galway,Homeware,Lighting,119.79,1,0.0,41.04,2024-07,2024Q3,2024,0.3426
105611,2024-07-23,Limerick,Homeware,Storage,387.88,2,0.15,61.2,2024-07,2024Q3,2024,0.1578
100247,2024-07-23,Cork,Homeware,Storage,53.43,3,0.05,11.3,2024-07,2024Q3,2024,0.2115
101812,2024-07-23,Dublin,Clothing,Menswear,226.96,2,0.0,71.24,2024-07,2024Q3,2024,0.3139
101341,2024-07-24,Limerick,Electronics,Smart Home,262.52,1,0.1,88.54,2024-07,2024Q3,2024,0.3373
105249,2024-07-24,Cork,Homeware,Furniture,214.8,4,0.0,87.42,2024-07,2024Q3,2024,0.407
102433,2024-07-24,Dublin,Grocery,Beverages,26.48,1,0.0,10.81,2024-07,2024Q3,2024,0.4082
100296,2024-07-24,Dublin,Grocery,Dairy,12.9,1,0.1,2.01,2024-07,2024Q3,2024,0.1558
106314,2024-07-24,Dublin,Clothing,Menswear,170.61,2,0.15,49.79,2024-07,2024Q3,2024,0.2918
101326,2024-07-24,Dublin,Homeware,Lighting,266.13,1,0.15,57.15,2024-07,2024Q3,2024,0.2147
104713,2024-07-25,Dublin,Electronics,Smart Home,2679.59,4,0.0,874.63,2024-07,2024Q3,2024,0.3264
104623,2024-07-25,Dublin,Homeware,Kitchenware,95.56,1,0.0,35.37,2024-07,2024Q3,2024,0.3701
105531,2024-07-25,Dublin,Grocery,Fresh Produce,37.19,2,0.15,4.23,2024-07,2024Q3,2024,0.1137
102333,2024-07-25,Dublin,Clothing,Accessories,137.76,1,0.1,26.85,2024-07,2024Q3,2024,0.1949
100930,2024-07-25,Cork,Homeware,Kitchenware,94.14,2,0.1,19.55,2024-07,2024Q3,2024,0.2077
105059,2024-07-25,Cork,Homeware,Bedding,49.57,1,0.0,14.48,2024-07,2024Q3,2024,0.2921
101816,2024-07-26,Galway,Electronics,Laptops,1765.68,3,0.2,416.45,2024-07,2024Q3,2024,0.2359
105162,2024-07-26,Dublin,Homeware,Bedding,748.97,4,0.05,216.61,2024-07,2024Q3,2024,0.2892
105256,2024-07-26,Limerick,Electronics,Mobile Accessories,428.75,1,0.0,182.25,2024-07,2024Q3,2024,0.4251
100517,2024-07-26,Limerick,Grocery,Dairy,87.74,2,0.2,19.39,2024-07,2024Q3,2024,0.221
106460,2024-07-26,Galway,Grocery,Bakery,44.84,2,0.05,16.33,2024-07,2024Q3,2024,0.3642
103546,2024-07-26,Limerick,Grocery,Fresh Produce,39.84,1,0.2,4.89,2024-07,2024Q3,2024,0.1227
106196,2024-07-26,Cork,Homeware,Kitchenware,775.86,3,0.1,186.24,2024-07,2024Q3,2024,0.24
105735,2024-07-26,Dublin,Homeware,Bedding,342.98,4,0.0,95.78,2024-07,2024Q3,2024,0.2793
100824,2024-07-26,Cork,Clothing,Kidswear,30.59,1,0.05,11.84,2024-07,2024Q3,2024,0.3871
101034,2024-07-27,Dublin,Grocery,Dairy,14.88,1,0.0,6.15,2024-07,2024Q3,2024,0.4133
103846,2024-07-27,Dublin,Grocery,Beverages,54.03,2,0.0,18.99,2024-07,2024Q3,2024,0.3515
104218,2024-07-27,Cork,Clothing,Menswear,49.1,1,0.05,11.67,2024-07,2024Q3,2024,0.2377
101978,2024-07-27,Dublin,Clothing,Footwear,125.13,1,0.1,35.38,2024-07,2024Q3,2024,0.2827
104386,2024-07-27,Dublin,Electronics,Headphones,1428.78,2,0.0,481.36,2024-07,2024Q3,2024,0.3369
104693,2024-07-27,Galway,Grocery,Fresh Produce,35.77,1,0.0,11.36,2024-07,2024Q3,2024,0.3176
101331,2024-07-27,Cork,Electronics,Headphones,330.71,1,0.0,91.52,2024-07,2024Q3,2024,0.2767
102703,2024-07-27,Limerick,Electronics,TVs,446.45,1,0.0,169.17,2024-07,2024Q3,2024,0.3789
102380,2024-07-27,Galway,Clothing,Kidswear,10.89,1,0.1,2.05,2024-07,2024Q3,2024,0.1882
100623,2024-07-28,Dublin,Grocery,Bakery,77.66,3,0.05,19.61,2024-07,2024Q3,2024,0.2525
100126,2024-07-28,Dublin,Homeware,Bedding,266.35,1,0.0,113.47,2024-07,2024Q3,2024,0.426
100627,2024-07-28,Cork,Electronics,Mobile Accessories,470.81,3,0.1,77.05,2024-07,2024Q3,2024,0.1637
103362,2024-07-28,Cork,Electronics,Smart Home,83.08,3,0.2,12.37,2024-07,2024Q3,2024,0.1489
103631,2024-07-28,Dublin,Clothing,Menswear,49.68,4,0.1,8.74,2024-07,2024Q3,2024,0.1759
104816,2024-07-28,Dublin,Clothing,Menswear,92.23,2,0.2,15.73,2024-07,2024Q3,2024,0.1706
105130,2024-07-28,Limerick,Clothing,Accessories,231.52,2,0.1,41.37,2024-07,2024Q3,2024,0.1787
101412,2024-07-28,Dublin,Electronics,Smart Home,154.23,1,0.0,47.05,2024-07,2024Q3,2024,0.3051
105689,2024-07-28,Limerick,Clothing,Accessories,208.54,2,0.1,71.78,2024-07,2024Q3,2024,0.3442
103923,2024-07-29,Galway,Homeware,Furniture,154.56,2,0.05,50.29,2024-07,2024Q3,2024,0.3254
104547,2024-07-29,Dublin,Homeware,Furniture,185.32,1,0.15,27.11,2024-07,2024Q3,2024,0.1463
102165,2024-07-29,Cork,Grocery,Dairy,60.92,2,0.0,27.13,2024-07,2024Q3,2024,0.4453
103651,2024-07-29,Cork,Grocery,Beverages,38.38,1,0.05,11.48,2024-07,2024Q3,2024,0.2991
105237,2024-07-29,Dublin,Grocery,Bakery,88.62,2,0.05,19.7,2024-07,2024Q3,2024,0.2223
105988,2024-07-29,Limerick,Grocery,Bakery,20.64,1,0.0,7.78,2024-07,2024Q3,2024,0.3769
102758,2024-07-29,Galway,Clothing,Kidswear,77.43,1,0.1,15.34,2024-07,2024Q3,2024,0.1981
104813,2024-07-30,Cork,Grocery,Snacks,53.16,2,0.0,14.73,2024-07,2024Q3,2024,0.2771
104022,2024-07-30,Limerick,Clothing,Footwear,74.85,1,0.0,29.16,2024-07,2024Q3,2024,0.3896
103119,2024-07-30,Cork,Clothing,Womenswear,104.78,2,0.2,12.89,2024-07,2024Q3,2024,0.123
104683,2024-07-30,Dublin,Grocery,Fresh Produce,58.17,3,0.05,15.79,2024-07,2024Q3,2024,0.2714
100893,2024-07-30,Cork,Electronics,TVs,408.06,4,0.0,176.72,2024-07,2024Q3,2024,0.4331
106035,2024-07-30,Limerick,Clothing,Footwear,199.86,3,0.15,44.63,2024-07,2024Q3,2024,0.2233
100823,2024-07-30,Dublin,Homeware,Furniture,466.92,3,0.15,95.74,2024-07,2024Q3,2024,0.205
106379,2024-07-30,Dublin,Grocery,Bakery,139.66,4,0.05,35.61,2024-07,2024Q3,2024,0.255
102788,2024-07-30,Cork,Electronics,TVs,352.53,4,0.15,75.52,2024-07,2024Q3,2024,0.2142
105109,2024-07-30,Dublin,Clothing,Kidswear,82.54,1,0.0,31.76,2024-07,2024Q3,2024,0.3848
104444,2024-07-30,Galway,Homeware,Bedding,190.52,1,0.0,59.97,2024-07,2024Q3,2024,0.3148
102320,2024-07-31,Dublin,Clothing,Footwear,47.4,1,0.0,14.26,2024-07,2024Q3,2024,0.3008
103302,2024-07-31,Limerick,Homeware,Lighting,258.52,2,0.05,102.94,2024-07,2024Q3,2024,0.3982
104652,2024-07-31,Cork,Grocery,Bakery,107.43,3,0.0,44.26,2024-07,2024Q3,2024,0.412
105683,2024-07-31,Limerick,Homeware,Furniture,52.8,2,0.0,17.17,2024-07,2024Q3,2024,0.3252
104759,2024-07-31,Cork,Homeware,Kitchenware,37.38,1,0.0,13.0,2024-07,2024Q3,2024,0.3478
104500,2024-07-31,Dublin,Grocery,Fresh Produce,89.47,2,0.1,24.99,2024-07,2024Q3,2024,0.2793
103210,2024-07-31,Galway,Electronics,Laptops,199.66,1,0.0,51.44,2024-07,2024Q3,2024,0.2576
102959,2024-07-31,Dublin,Electronics,TVs,119.25,2,0.0,52.9,2024-07,2024Q3,2024,0.4436
100540,2024-07-31,Galway,Clothing,Footwear,13.1,1,0.0,2.47,2024-07,2024Q3,2024,0.1885
102688,2024-07-31,Cork,Homeware,Kitchenware,190.38,1,0.2,46.36,2024-07,2024Q3,2024,0.2435
102889,2024-07-31,Limerick,Homeware,Kitchenware,468.3,3,0.15,93.66,2024-07,2024Q3,2024,0.2
104607,2024-07-31,Dublin,Grocery,Dairy,31.14,4,0.05,11.2,2024-07,2024Q3,2024,0.3597
103504,2024-07-31,Cork,Homeware,Storage,335.91,3,0.0,64.48,2024-07,2024Q3,2024,0.192
105117,2024-07-31,Dublin,Clothing,Kidswear,48.44,3,0.15,10.5,2024-07,2024Q3,2024,0.2168
106382,2024-08-01,Limerick,Electronics,Smart Home,1578.25,4,0.1,284.66,2024-08,2024Q3,2024,0.1804
106095,2024-08-01,Dublin,Grocery,Fresh Produce,10.71,1,0.0,2.88,2024-08,2024Q3,2024,0.2689
106159,2024-08-01,Cork,Grocery,Bakery,58.19,2,0.1,13.29,2024-08,2024Q3,2024,0.2284
102808,2024-08-01,Dublin,Clothing,Accessories,144.63,4,0.1,37.5,2024-08,2024Q3,2024,0.2593
102385,2024-08-01,Galway,Clothing,Accessories,55.62,2,0.0,18.26,2024-08,2024Q3,2024,0.3283
104419,2024-08-01,Dublin,Electronics,Laptops,93.32,3,0.1,17.97,2024-08,2024Q3,2024,0.1926
100988,2024-08-02,Limerick,Electronics,Mobile Accessories,453.57,1,0.0,122.77,2024-08,2024Q3,2024,0.2707
100969,2024-08-02,Dublin,Homeware,Lighting,113.3,3,0.0,29.39,2024-08,2024Q3,2024,0.2594
104787,2024-08-02,Cork,Grocery,Bakery,74.78,2,0.2,17.55,2024-08,2024Q3,2024,0.2347
102642,2024-08-02,Dublin,Clothing,Womenswear,82.8,1,0.0,32.98,2024-08,2024Q3,2024,0.3983
106436,2024-08-02,Dublin,Homeware,Kitchenware,457.41,3,0.0,201.87,2024-08,2024Q3,2024,0.4413
103784,2024-08-02,Limerick,Homeware,Furniture,346.39,3,0.0,143.58,2024-08,2024Q3,2024,0.4145
102995,2024-08-02,Limerick,Grocery,Dairy,61.51,2,0.2,7.92,2024-08,2024Q3,2024,0.1288
106004,2024-08-02,Cork,Clothing,Footwear,128.88,3,0.1,24.95,2024-08,2024Q3,2024,0.1936
103739,2024-08-02,Cork,Clothing,Footwear,88.47,2,0.15,13.8,2024-08,2024Q3,2024,0.156
105246,2024-08-03,Dublin,Electronics,Headphones,380.58,3,0.0,152.58,2024-08,2024Q3,2024,0.4009
103255,2024-08-03,Dublin,Homeware,Bedding,250.24,4,0.1,71.49,2024-08,2024Q3,2024,0.2857
106327,2024-08-03,Dublin,Grocery,Snacks,11.31,1,0.15,3.36,2024-08,2024Q3,2024,0.2971
104224,2024-08-03,Dublin,Homeware,Storage,634.55,4,0.0,272.39,2024-08,2024Q3,2024,0.4293
105580,2024-08-03,Cork,Homeware,Bedding,365.21,3,0.2,52.64,2024-08,2024Q3,2024,0.1441
104089,2024-08-03,Cork,Grocery,Snacks,13.02,2,0.15,2.27,2024-08,2024Q3,2024,0.1743
104496,2024-08-03,Dublin,Grocery,Fresh Produce,74.92,2,0.05,26.33,2024-08,2024Q3,2024,0.3514
101608,2024-08-03,Limerick,Grocery,Beverages,31.1,1,0.0,12.49,2024-08,2024Q3,2024,0.4016
105458,2024-08-03,Cork,Electronics,Headphones,286.14,1,0.2,70.66,2024-08,2024Q3,2024,0.2469
104107,2024-08-04,Dublin,Electronics,TVs,379.21,1,0.0,148.89,2024-08,2024Q3,2024,0.3926
104747,2024-08-04,Limerick,Grocery,Beverages,26.02,1,0.2,5.56,2024-08,2024Q3,2024,0.2137
104945,2024-08-04,Limerick,Grocery,Dairy,47.11,2,0.2,7.34,2024-08,2024Q3,2024,0.1558
102926,2024-08-04,Galway,Grocery,Bakery,123.96,4,0.0,48.07,2024-08,2024Q3,2024,0.3878
102770,2024-08-04,Dublin,Clothing,Accessories,288.79,4,0.2,24.81,2024-08,2024Q3,2024,0.0859
102387,2024-08-04,Dublin,Grocery,Fresh Produce,75.85,4,0.05,16.57,2024-08,2024Q3,2024,0.2185
104863,2024-08-04,Dublin,Homeware,Bedding,400.98,2,0.0,151.45,2024-08,2024Q3,2024,0.3777
101128,2024-08-04,Dublin,Grocery,Snacks,44.67,1,0.0,14.18,2024-08,2024Q3,2024,0.3174
102507,2024-08-05,Cork,Clothing,Accessories,172.28,4,0.1,54.57,2024-08,2024Q3,2024,0.3168
100987,2024-08-05,Cork,Electronics,Headphones,88.9,1,0.05,23.18,2024-08,2024Q3,2024,0.2607
102551,2024-08-05,Galway,Homeware,Kitchenware,441.98,2,0.05,94.6,2024-08,2024Q3,2024,0.214
103924,2024-08-05,Dublin,Homeware,Lighting,945.28,4,0.0,324.79,2024-08,2024Q3,2024,0.3436
104510,2024-08-05,Limerick,Electronics,Smart Home,568.88,2,0.0,200.99,2024-08,2024Q3,2024,0.3533
100109,2024-08-05,Galway,Homeware,Kitchenware,501.3,2,0.0,166.79,2024-08,2024Q3,2024,0.3327
106129,2024-08-05,Dublin,Electronics,TVs,296.08,1,0.1,74.18,2024-08,2024Q3,2024,0.2505
100302,2024-08-06,Dublin,Clothing,Footwear,49.65,1,0.1,13.82,2024-08,2024Q3,2024,0.2783
104494,2024-08-06,Dublin,Electronics,Laptops,228.32,2,0.0,85.46,2024-08,2024Q3,2024,0.3743
103800,2024-08-06,Dublin,Electronics,Smart Home,148.06,1,0.2,20.61,2024-08,2024Q3,2024,0.1392
105253,2024-08-06,Galway,Homeware,Bedding,683.76,3,0.0,279.02,2024-08,2024Q3,2024,0.4081
101356,2024-08-06,Dublin,Electronics,Mobile Accessories,405.19,1,0.1,68.52,2024-08,2024Q3,2024,0.1691
101206,2024-08-06,Cork,Homeware,Storage,223.94,2,0.05,44.97,2024-08,2024Q3,2024,0.2008
105807,2024-08-06,Galway,Grocery,Snacks,14.65,1,0.1,3.88,2024-08,2024Q3,2024,0.2648
101707,2024-08-06,Dublin,Clothing,Menswear,63.62,1,0.1,20.21,2024-08,2024Q3,2024,0.3177
103915,2024-08-06,Cork,Clothing,Womenswear,44.98,1,0.1,7.51,2024-08,2024Q3,2024,0.167
106005,2024-08-07,Dublin,Homeware,Furniture,135.63,2,0.0,39.8,2024-08,2024Q3,2024,0.2934
102731,2024-08-07,Cork,Homeware,Furniture,115.16,3,0.15,28.64,2024-08,2024Q3,2024,0.2487
100983,2024-08-07,Galway,Grocery,Bakery,28.53,1,0.05,9.46,2024-08,2024Q3,2024,0.3316
101828,2024-08-07,Limerick,Homeware,Furniture,740.32,3,0.15,120.47,2024-08,2024Q3,2024,0.1627
104779,2024-08-07,Cork,Homeware,Kitchenware,46.32,1,0.1,8.89,2024-08,2024Q3,2024,0.1919
101158,2024-08-07,Limerick,Grocery,Bakery,69.2,2,0.05,20.9,2024-08,2024Q3,2024,0.302
100180,2024-08-08,Cork,Electronics,Headphones,187.79,2,0.2,28.17,2024-08,2024Q3,2024,0.15
105047,2024-08-08,Dublin,Grocery,Bakery,31.17,3,0.05,8.54,2024-08,2024Q3,2024,0.274
105893,2024-08-08,Dublin,Grocery,Beverages,10.65,1,0.0,4.34,2024-08,2024Q3,2024,0.4075
103790,2024-08-08,Cork,Electronics,Laptops,211.7,1,0.15,21.44,2024-08,2024Q3,2024,0.1013
100458,2024-08-08,Galway,Clothing,Menswear,49.62,1,0.0,18.75,2024-08,2024Q3,2024,0.3779
104341,2024-08-08,Galway,Electronics,Mobile Accessories,1038.29,2,0.05,223.26,2024-08,2024Q3,2024,0.215
101135,2024-08-08,Cork,Homeware,Kitchenware,17.39,1,0.2,1.08,2024-08,2024Q3,2024,0.0621
105170,2024-08-08,Galway,Grocery,Fresh Produce,23.3,1,0.0,9.83,2024-08,2024Q3,2024,0.4219
102734,2024-08-08,Cork,Grocery,Bakery,17.31,3,0.05,5.22,2024-08,2024Q3,2024,0.3016
105140,2024-08-08,Dublin,Grocery,Bakery,139.24,4,0.05,35.57,2024-08,2024Q3,2024,0.2555
103829,2024-08-09,Cork,Grocery,Fresh Produce,14.69,1,0.05,4.09,2024-08,2024Q3,2024,0.2784
101124,2024-08-09,Dublin,Clothing,Womenswear,95.92,1,0.05,35.46,2024-08,2024Q3,2024,0.3697
105291,2024-08-09,Galway,Grocery,Bakery,56.63,2,0.05,14.02,2024-08,2024Q3,2024,0.2476
104216,2024-08-09,Galway,Homeware,Lighting,217.74,2,0.0,63.82,2024-08,2024Q3,2024,0.2931
102031,2024-08-09,Cork,Clothing,Accessories,16.94,1,0.1,5.89,2024-08,2024Q3,2024,0.3477
102486,2024-08-09,Dublin,Electronics,Smart Home,745.29,2,0.15,85.36,2024-08,2024Q3,2024,0.1145
102172,2024-08-09,Dublin,Homeware,Furniture,589.81,2,0.0,195.57,2024-08,2024Q3,2024,0.3316
100297,2024-08-09,Dublin,Clothing,Menswear,39.21,1,0.15,7.84,2024-08,2024Q3,2024,0.1999
103142,2024-08-09,Dublin,Grocery,Bakery,146.79,4,0.1,45.45,2024-08,2024Q3,2024,0.3096
105748,2024-08-09,Galway,Clothing,Accessories,172.67,2,0.0,48.93,2024-08,2024Q3,2024,0.2834
105966,2024-08-09,Cork,Clothing,Menswear,108.09,2,0.0,44.45,2024-08,2024Q3,2024,0.4112
106489,2024-08-09,Dublin,Clothing,Menswear,34.29,3,0.15,9.75,2024-08,2024Q3,2024,0.2843
104705,2024-08-09,Dublin,Homeware,Furniture,121.44,2,0.0,54.33,2024-08,2024Q3,2024,0.4474
102755,2024-08-10,Limerick,Grocery,Snacks,41.11,2,0.0,16.13,2024-08,2024Q3,2024,0.3924
101381,2024-08-10,Dublin,Clothing,Footwear,24.23,1,0.0,10.8,2024-08,2024Q3,2024,0.4457
105555,2024-08-10,Galway,Electronics,Smart Home,999.46,2,0.15,219.42,2024-08,2024Q3,2024,0.2195
102318,2024-08-10,Limerick,Clothing,Accessories,259.92,3,0.0,73.19,2024-08,2024Q3,2024,0.2816
104661,2024-08-10,Galway,Homeware,Kitchenware,18.47,1,0.0,5.41,2024-08,2024Q3,2024,0.2929
100280,2024-08-10,Dublin,Electronics,Laptops,968.27,2,0.15,216.11,2024-08,2024Q3,2024,0.2232
102902,2024-08-10,Cork,Clothing,Accessories,237.9,4,0.0,83.94,2024-08,2024Q3,2024,0.3528
105840,2024-08-10,Galway,Clothing,Kidswear,63.64,1,0.0,21.0,2024-08,2024Q3,2024,0.33
101014,2024-08-10,Dublin,Grocery,Dairy,148.42,4,0.2,17.18,2024-08,2024Q3,2024,0.1158
104883,2024-08-10,Limerick,Clothing,Menswear,163.39,2,0.05,42.73,2024-08,2024Q3,2024,0.2615
106271,2024-08-10,Galway,Clothing,Menswear,35.65,1,0.15,9.53,2024-08,2024Q3,2024,0.2673
104757,2024-08-10,Dublin,Grocery,Bakery,116.89,4,0.0,34.92,2024-08,2024Q3,2024,0.2987
100913,2024-08-11,Limerick,Electronics,Smart Home,3263.74,4,0.05,1267.97,2024-08,2024Q3,2024,0.3885
103742,2024-08-11,Dublin,Homeware,Kitchenware,196.91,1,0.15,49.19,2024-08,2024Q3,2024,0.2498
102997,2024-08-11,Limerick,Electronics,Smart Home,1404.11,3,0.0,615.9,2024-08,2024Q3,2024,0.4386
100906,2024-08-11,Cork,Electronics,Mobile Accessories,214.88,1,0.2,49.85,2024-08,2024Q3,2024,0.232
100228,2024-08-11,Cork,Grocery,Fresh Produce,64.97,3,0.1,16.24,2024-08,2024Q3,2024,0.25
102737,2024-08-11,Dublin,Grocery,Bakery,7.02,2,0.1,1.98,2024-08,2024Q3,2024,0.2821
102188,2024-08-11,Limerick,Grocery,Beverages,16.97,2,0.05,6.22,2024-08,2024Q3,2024,0.3665
105535,2024-08-11,Galway,Grocery,Fresh Produce,101.16,3,0.0,31.36,2024-08,2024Q3,2024,0.31
100347,2024-08-11,Galway,Grocery,Snacks,201.77,4,0.0,72.27,2024-08,2024Q3,2024,0.3582
101925,2024-08-11,Limerick,Grocery,Fresh Produce,11.7,1,0.0,2.93,2024-08,2024Q3,2024,0.2504
105448,2024-08-12,Dublin,Homeware,Kitchenware,175.66,1,0.0,44.31,2024-08,2024Q3,2024,0.2522
103419,2024-08-12,Limerick,Grocery,Snacks,66.51,1,0.0,17.14,2024-08,2024Q3,2024,0.2577
105863,2024-08-12,Cork,Electronics,Smart Home,379.29,1,0.0,161.14,2024-08,2024Q3,2024,0.4248
101495,2024-08-12,Limerick,Homeware,Lighting,231.62,1,0.15,44.37,2024-08,2024Q3,2024,0.1916
100878,2024-08-12,Cork,Clothing,Womenswear,64.06,1,0.15,10.69,2024-08,2024Q3,2024,0.1669
105276,2024-08-12,Galway,Grocery,Fresh Produce,30.41,1,0.2,5.1,2024-08,2024Q3,2024,0.1677
106316,2024-08-12,Dublin,Grocery,Fresh Produce,27.76,1,0.15,7.95,2024-08,2024Q3,2024,0.2864
100313,2024-08-12,Cork,Clothing,Kidswear,383.32,4,0.0,158.99,2024-08,2024Q3,2024,0.4148
104633,2024-08-12,Cork,Homeware,Lighting,125.87,3,0.2,26.49,2024-08,2024Q3,2024,0.2105
104246,2024-08-12,Cork,Clothing,Footwear,164.89,2,0.0,55.32,2024-08,2024Q3,2024,0.3355
102989,2024-08-13,Dublin,Clothing,Accessories,313.13,3,0.0,85.64,2024-08,2024Q3,2024,0.2735
105799,2024-08-13,Galway,Grocery,Beverages,82.75,3,0.0,33.14,2024-08,2024Q3,2024,0.4005
102494,2024-08-13,Limerick,Grocery,Fresh Produce,66.52,2,0.0,16.72,2024-08,2024Q3,2024,0.2514
104334,2024-08-13,Dublin,Homeware,Furniture,207.83,1,0.15,53.85,2024-08,2024Q3,2024,0.2591
100264,2024-08-13,Dublin,Grocery,Bakery,21.93,1,0.2,3.48,2024-08,2024Q3,2024,0.1587
100408,2024-08-13,Dublin,Clothing,Accessories,120.35,3,0.0,46.98,2024-08,2024Q3,2024,0.3904
100935,2024-08-13,Dublin,Grocery,Dairy,6.38,1,0.0,2.19,2024-08,2024Q3,2024,0.3433
101842,2024-08-13,Galway,Electronics,Mobile Accessories,497.45,1,0.05,165.74,2024-08,2024Q3,2024,0.3332
103756,2024-08-13,Cork,Electronics,Laptops,200.69,1,0.0,59.23,2024-08,2024Q3,2024,0.2951
103391,2024-08-13,Cork,Electronics,TVs,402.84,2,0.0,113.25,2024-08,2024Q3,2024,0.2811
101659,2024-08-14,Limerick,Homeware,Furniture,556.31,4,0.15,125.72,2024-08,2024Q3,2024,0.226
104998,2024-08-14,Dublin,Homeware,Kitchenware,588.61,3,0.2,68.87,2024-08,2024Q3,2024,0.117
105734,2024-08-14,Dublin,Clothing,Kidswear,141.44,2,0.15,33.28,2024-08,2024Q3,2024,0.2353
100781,2024-08-14,Dublin,Clothing,Kidswear,23.69,2,0.0,3.76,2024-08,2024Q3,2024,0.1587
102950,2024-08-15,Dublin,Clothing,Kidswear,31.44,3,0.1,10.85,2024-08,2024Q3,2024,0.3451
102195,2024-08-15,Dublin,Electronics,Headphones,280.95,1,0.1,90.27,2024-08,2024Q3,2024,0.3213
100148,2024-08-15,Galway,Grocery,Fresh Produce,30.21,2,0.1,8.31,2024-08,2024Q3,2024,0.2751
103803,2024-08-15,Limerick,Electronics,Laptops,522.1,1,0.15,57.35,2024-08,2024Q3,2024,0.1098
102161,2024-08-15,Limerick,Electronics,Smart Home,423.0,1,0.0,185.2,2024-08,2024Q3,2024,0.4378
105654,2024-08-15,Cork,Clothing,Accessories,98.81,1,0.0,33.91,2024-08,2024Q3,2024,0.3432
105235,2024-08-15,Galway,Grocery,Fresh Produce,10.16,1,0.0,2.71,2024-08,2024Q3,2024,0.2667
102198,2024-08-16,Galway,Homeware,Bedding,202.38,1,0.0,65.05,2024-08,2024Q3,2024,0.3214
103470,2024-08-16,Cork,Homeware,Kitchenware,153.92,2,0.0,68.07,2024-08,2024Q3,2024,0.4422
104414,2024-08-16,Cork,Electronics,Headphones,296.46,3,0.0,105.31,2024-08,2024Q3,2024,0.3552
101919,2024-08-16,Dublin,Electronics,Mobile Accessories,1161.21,3,0.0,480.92,2024-08,2024Q3,2024,0.4142
102121,2024-08-16,Dublin,Homeware,Kitchenware,16.19,1,0.1,4.05,2024-08,2024Q3,2024,0.2502
104273,2024-08-16,Dublin,Grocery,Beverages,16.11,4,0.05,4.22,2024-08,2024Q3,2024,0.2619
100978,2024-08-16,Dublin,Clothing,Menswear,92.04,2,0.15,17.76,2024-08,2024Q3,2024,0.193
102873,2024-08-16,Galway,Grocery,Dairy,130.97,4,0.0,42.79,2024-08,2024Q3,2024,0.3267
102885,2024-08-16,Galway,Electronics,TVs,556.65,4,0.05,155.45,2024-08,2024Q3,2024,0.2793
101981,2024-08-17,Dublin,Homeware,Lighting,656.23,3,0.2,155.75,2024-08,2024Q3,2024,0.2373
103379,2024-08-17,Limerick,Homeware,Bedding,20.21,2,0.15,2.94,2024-08,2024Q3,2024,0.1455
105558,2024-08-17,Dublin,Clothing,Accessories,13.17,1,0.1,4.24,2024-08,2024Q3,2024,0.3219
101643,2024-08-17,Cork,Grocery,Bakery,8.98,2,0.0,1.13,2024-08,2024Q3,2024,0.1258
101347,2024-08-17,Dublin,Homeware,Lighting,293.01,1,0.0,88.49,2024-08,2024Q3,2024,0.302
100786,2024-08-17,Dublin,Clothing,Accessories,56.96,1,0.05,20.57,2024-08,2024Q3,2024,0.3611
101964,2024-08-17,Galway,Homeware,Kitchenware,210.37,1,0.0,58.88,2024-08,2024Q3,2024,0.2799
103277,2024-08-17,Galway,Electronics,Mobile Accessories,583.22,2,0.1,138.12,2024-08,2024Q3,2024,0.2368
106070,2024-08-17,Limerick,Grocery,Snacks,35.46,1,0.0,14.86,2024-08,2024Q3,2024,0.4191
102363,2024-08-18,Limerick,Homeware,Furniture,191.67,2,0.0,55.57,2024-08,2024Q3,2024,0.2899
101951,2024-08-18,Cork,Grocery,Fresh Produce,41.36,2,0.1,12.39,2024-08,2024Q3,2024,0.2996
105145,2024-08-18,Dublin,Electronics,Mobile Accessories,1531.7,4,0.0,498.62,2024-08,2024Q3,2024,0.3255
104651,2024-08-18,Dublin,Clothing,Menswear,40.11,1,0.0,11.08,2024-08,2024Q3,2024,0.2762
102290,2024-08-18,Cork,Electronics,TVs,32.89,2,0.0,10.08,2024-08,2024Q3,2024,0.3065
100624,2024-08-18,Dublin,Grocery,Dairy,27.22,1,0.0,11.9,2024-08,2024Q3,2024,0.4372
106435,2024-08-18,Dublin,Grocery,Bakery,8.18,3,0.0,3.0,2024-08,2024Q3,2024,0.3667
102070,2024-08-18,Galway,Grocery,Bakery,7.63,1,0.0,2.44,2024-08,2024Q3,2024,0.3198
101272,2024-08-19,Dublin,Grocery,Beverages,56.69,2,0.15,10.31,2024-08,2024Q3,2024,0.1819
105843,2024-08-19,Cork,Homeware,Bedding,447.42,2,0.1,118.79,2024-08,2024Q3,2024,0.2655
101033,2024-08-19,Limerick,Clothing,Footwear,44.2,1,0.15,5.98,2024-08,2024Q3,2024,0.1353
100787,2024-08-19,Limerick,Clothing,Menswear,94.09,1,0.0,36.15,2024-08,2024Q3,2024,0.3842
101152,2024-08-19,Dublin,Electronics,Laptops,768.75,4,0.2,126.66,2024-08,2024Q3,2024,0.1648
105287,2024-08-20,Cork,Grocery,Bakery,18.77,3,0.05,6.77,2024-08,2024Q3,2024,0.3607
102581,2024-08-20,Limerick,Homeware,Lighting,622.27,4,0.15,101.22,2024-08,2024Q3,2024,0.1627
102578,2024-08-20,Limerick,Clothing,Womenswear,174.4,2,0.0,69.07,2024-08,2024Q3,2024,0.396
101528,2024-08-20,Galway,Clothing,Accessories,160.36,2,0.0,51.55,2024-08,2024Q3,2024,0.3215
101893,2024-08-20,Cork,Electronics,TVs,113.96,1,0.05,36.53,2024-08,2024Q3,2024,0.3206
101744,2024-08-21,Cork,Clothing,Womenswear,201.14,2,0.05,74.37,2024-08,2024Q3,2024,0.3697
103486,2024-08-21,Cork,Electronics,Smart Home,281.85,2,0.15,56.36,2024-08,2024Q3,2024,0.2
103817,2024-08-21,Limerick,Homeware,Furniture,386.66,2,0.0,156.08,2024-08,2024Q3,2024,0.4037
101299,2024-08-21,Dublin,Grocery,Fresh Produce,35.91,1,0.15,7.86,2024-08,2024Q3,2024,0.2189
106291,2024-08-21,Cork,Homeware,Kitchenware,53.75,2,0.15,9.45,2024-08,2024Q3,2024,0.1758
103717,2024-08-21,Cork,Homeware,Furniture,693.78,3,0.0,186.27,2024-08,2024Q3,2024,0.2685
100037,2024-08-21,Dublin,Homeware,Lighting,411.33,4,0.0,105.56,2024-08,2024Q3,2024,0.2566
104037,2024-08-21,Cork,Grocery,Bakery,26.52,4,0.2,5.53,2024-08,2024Q3,2024,0.2085
102406,2024-08-21,Cork,Grocery,Bakery,18.4,1,0.2,3.81,2024-08,2024Q3,2024,0.2071
104128,2024-08-21,Dublin,Electronics,Headphones,2190.03,4,0.0,607.1,2024-08,2024Q3,2024,0.2772
105202,2024-08-21,Dublin,Electronics,Headphones,1042.76,2,0.0,441.97,2024-08,2024Q3,2024,0.4238
104264,2024-08-21,Dublin,Electronics,Smart Home,588.72,1,0.15,149.42,2024-08,2024Q3,2024,0.2538
103523,2024-08-21,Dublin,Homeware,Storage,144.81,1,0.0,37.9,2024-08,2024Q3,2024,0.2617
102214,2024-08-21,Galway,Clothing,Kidswear,187.78,2,0.1,56.5,2024-08,2024Q3,2024,0.3009
102781,2024-08-21,Galway,Clothing,Kidswear,60.18,1,0.05,14.15,2024-08,2024Q3,2024,0.2351
103080,2024-08-21,Dublin,Homeware,Storage,750.6,3,0.0,295.22,2024-08,2024Q3,2024,0.3933
103518,2024-08-22,Galway,Clothing,Womenswear,76.43,1,0.15,16.2,2024-08,2024Q3,2024,0.212
106153,2024-08-22,Cork,Grocery,Beverages,13.44,1,0.0,5.79,2024-08,2024Q3,2024,0.4308
105527,2024-08-22,Galway,Clothing,Accessories,188.97,2,0.15,38.16,2024-08,2024Q3,2024,0.2019
101763,2024-08-22,Limerick,Electronics,Smart Home,106.39,1,0.0,44.15,2024-08,2024Q3,2024,0.415
105712,2024-08-22,Dublin,Electronics,Smart Home,253.28,1,0.0,91.81,2024-08,2024Q3,2024,0.3625
102179,2024-08-22,Dublin,Homeware,Storage,265.58,1,0.2,59.1,2024-08,2024Q3,2024,0.2225
104571,2024-08-23,Limerick,Grocery,Beverages,69.91,2,0.0,25.09,2024-08,2024Q3,2024,0.3589
101647,2024-08-23,Galway,Clothing,Accessories,75.04,1,0.1,11.72,2024-08,2024Q3,2024,0.1562
100225,2024-08-23,Dublin,Homeware,Lighting,497.62,3,0.0,198.32,2024-08,2024Q3,2024,0.3985
104539,2024-08-23,Dublin,Grocery,Fresh Produce,66.27,4,0.15,9.06,2024-08,2024Q3,2024,0.1367
106108,2024-08-23,Cork,Electronics,Laptops,76.87,1,0.2,5.39,2024-08,2024Q3,2024,0.0701
102499,2024-08-24,Galway,Electronics,TVs,1021.8,4,0.0,407.21,2024-08,2024Q3,2024,0.3985
105416,2024-08-24,Cork,Grocery,Snacks,18.77,1,0.1,5.77,2024-08,2024Q3,2024,0.3074
104098,2024-08-24,Cork,Electronics,Laptops,486.77,2,0.0,153.71,2024-08,2024Q3,2024,0.3158
100370,2024-08-24,Cork,Grocery,Beverages,16.69,1,0.2,3.59,2024-08,2024Q3,2024,0.2151
103515,2024-08-24,Cork,Electronics,Headphones,114.01,1,0.15,14.38,2024-08,2024Q3,2024,0.1261
105635,2024-08-24,Cork,Grocery,Fresh Produce,38.86,2,0.15,11.5,2024-08,2024Q3,2024,0.2959
105910,2024-08-24,Cork,Homeware,Kitchenware,80.48,1,0.0,28.18,2024-08,2024Q3,2024,0.3501
101118,2024-08-25,Galway,Homeware,Kitchenware,237.93,4,0.1,47.35,2024-08,2024Q3,2024,0.199
106151,2024-08-25,Galway,Grocery,Dairy,21.57,2,0.0,5.97,2024-08,2024Q3,2024,0.2768
106176,2024-08-25,Galway,Homeware,Kitchenware,25.06,1,0.15,2.59,2024-08,2024Q3,2024,0.1034
101441,2024-08-25,Dublin,Grocery,Bakery,59.37,2,0.0,22.3,2024-08,2024Q3,2024,0.3756
105754,2024-08-25,Limerick,Electronics,Mobile Accessories,994.26,2,0.0,363.1,2024-08,2024Q3,2024,0.3652
102410,2024-08-25,Dublin,Electronics,Mobile Accessories,889.96,2,0.05,289.96,2024-08,2024Q3,2024,0.3258
103841,2024-08-25,Dublin,Grocery,Fresh Produce,6.36,1,0.1,1.13,2024-08,2024Q3,2024,0.1777
103060,2024-08-25,Dublin,Electronics,Laptops,912.2,2,0.15,105.12,2024-08,2024Q3,2024,0.1152
106079,2024-08-25,Cork,Clothing,Accessories,276.45,3,0.1,96.38,2024-08,2024Q3,2024,0.3486
103467,2024-08-25,Cork,Grocery,Snacks,78.26,3,0.05,29.26,2024-08,2024Q3,2024,0.3739
103127,2024-08-25,Cork,Electronics,Mobile Accessories,247.47,1,0.0,67.94,2024-08,2024Q3,2024,0.2745
101464,2024-08-25,Dublin,Electronics,Smart Home,919.38,2,0.0,277.81,2024-08,2024Q3,2024,0.3022
101098,2024-08-26,Dublin,Electronics,Laptops,1770.37,4,0.05,502.82,2024-08,2024Q3,2024,0.284
101727,2024-08-26,Galway,Grocery,Snacks,22.82,3,0.15,2.43,2024-08,2024Q3,2024,0.1065
103170,2024-08-26,Limerick,Homeware,Kitchenware,328.69,2,0.2,48.34,2024-08,2024Q3,2024,0.1471
103099,2024-08-26,Dublin,Grocery,Snacks,4.51,1,0.1,0.89,2024-08,2024Q3,2024,0.1973
105025,2024-08-26,Dublin,Electronics,Mobile Accessories,696.39,2,0.2,117.82,2024-08,2024Q3,2024,0.1692
105454,2024-08-26,Dublin,Homeware,Kitchenware,1052.42,4,0.2,73.02,2024-08,2024Q3,2024,0.0694
104050,2024-08-26,Cork,Homeware,Lighting,254.45,1,0.1,70.28,2024-08,2024Q3,2024,0.2762
101771,2024-08-26,Cork,Grocery,Beverages,27.44,1,0.0,12.18,2024-08,2024Q3,2024,0.4439
105366,2024-08-26,Dublin,Electronics,Laptops,845.07,4,0.0,327.91,2024-08,2024Q3,2024,0.388
104656,2024-08-26,Dublin,Electronics,Smart Home,1034.09,3,0.0,314.0,2024-08,2024Q3,2024,0.3036
102211,2024-08-27,Dublin,Electronics,Mobile Accessories,1281.36,3,0.0,443.49,2024-08,2024Q3,2024,0.3461
100581,2024-08-27,Dublin,Clothing,Footwear,73.14,2,0.2,11.93,2024-08,2024Q3,2024,0.1631
101824,2024-08-27,Dublin,Electronics,Headphones,614.24,2,0.0,234.06,2024-08,2024Q3,2024,0.3811
105333,2024-08-27,Dublin,Grocery,Beverages,32.28,2,0.1,7.25,2024-08,2024Q3,2024,0.2246
100215,2024-08-27,Galway,Grocery,Dairy,63.04,3,0.2,11.72,2024-08,2024Q3,2024,0.1859
100276,2024-08-27,Cork,Electronics,Headphones,24.01,2,0.0,10.17,2024-08,2024Q3,2024,0.4236
104641,2024-08-27,Dublin,Clothing,Accessories,156.63,2,0.0,45.81,2024-08,2024Q3,2024,0.2925
102255,2024-08-27,Dublin,Homeware,Kitchenware,342.85,2,0.05,107.78,2024-08,2024Q3,2024,0.3144
100507,2024-08-27,Dublin,Grocery,Bakery,120.39,4,0.0,51.47,2024-08,2024Q3,2024,0.4275
106499,2024-08-27,Limerick,Electronics,Mobile Accessories,1300.73,3,0.2,206.75,2024-08,2024Q3,2024,0.1589
101826,2024-08-27,Dublin,Grocery,Fresh Produce,27.31,1,0.0,8.65,2024-08,2024Q3,2024,0.3167
102023,2024-08-27,Galway,Grocery,Bakery,4.78,1,0.1,1.1,2024-08,2024Q3,2024,0.2301
104775,2024-08-28,Cork,Electronics,Smart Home,499.24,2,0.05,155.7,2024-08,2024Q3,2024,0.3119
103198,2024-08-28,Cork,Electronics,Headphones,163.95,1,0.0,62.95,2024-08,2024Q3,2024,0.384
105203,2024-08-28,Cork,Homeware,Storage,35.39,1,0.2,3.26,2024-08,2024Q3,2024,0.0921
103157,2024-08-28,Dublin,Grocery,Dairy,23.08,3,0.15,4.92,2024-08,2024Q3,2024,0.2132
101307,2024-08-28,Dublin,Grocery,Fresh Produce,37.55,1,0.0,10.44,2024-08,2024Q3,2024,0.278
104990,2024-08-28,Cork,Clothing,Footwear,26.77,1,0.0,11.53,2024-08,2024Q3,2024,0.4307
105419,2024-08-28,Cork,Clothing,Womenswear,190.55,2,0.2,26.78,2024-08,2024Q3,2024,0.1405
103658,2024-08-28,Limerick,Electronics,Smart Home,356.35,1,0.2,81.65,2024-08,2024Q3,2024,0.2291
103527,2024-08-28,Dublin,Grocery,Dairy,71.28,2,0.1,14.66,2024-08,2024Q3,2024,0.2057
102639,2024-08-28,Galway,Electronics,Laptops,277.22,1,0.15,71.09,2024-08,2024Q3,2024,0.2564
102005,2024-08-29,Dublin,Grocery,Snacks,31.42,1,0.05,10.64,2024-08,2024Q3,2024,0.3386
105165,2024-08-29,Cork,Clothing,Womenswear,76.56,1,0.0,32.71,2024-08,2024Q3,2024,0.4272
103000,2024-08-29,Limerick,Clothing,Accessories,62.76,1,0.0,16.27,2024-08,2024Q3,2024,0.2592
106057,2024-08-29,Cork,Homeware,Storage,100.57,1,0.15,11.04,2024-08,2024Q3,2024,0.1098
105284,2024-08-29,Cork,Clothing,Kidswear,59.19,1,0.2,10.44,2024-08,2024Q3,2024,0.1764
101642,2024-08-29,Limerick,Homeware,Kitchenware,98.5,1,0.05,28.75,2024-08,2024Q3,2024,0.2919
103578,2024-08-29,Cork,Grocery,Fresh Produce,18.56,1,0.0,5.64,2024-08,2024Q3,2024,0.3039
102928,2024-08-29,Dublin,Clothing,Womenswear,452.35,4,0.0,134.5,2024-08,2024Q3,2024,0.2973
104605,2024-08-29,Galway,Grocery,Beverages,20.53,1,0.0,8.51,2024-08,2024Q3,2024,0.4145
103297,2024-08-29,Limerick,Electronics,Smart Home,67.58,1,0.0,18.39,2024-08,2024Q3,2024,0.2721
102350,2024-08-29,Dublin,Homeware,Bedding,195.1,1,0.0,53.67,2024-08,2024Q3,2024,0.2751
100035,2024-08-30,Limerick,Homeware,Lighting,43.83,3,0.0,12.87,2024-08,2024Q3,2024,0.2936
103384,2024-08-30,Limerick,Homeware,Kitchenware,196.7,1,0.0,61.54,2024-08,2024Q3,2024,0.3129
104615,2024-08-30,Dublin,Clothing,Menswear,113.05,1,0.1,39.18,2024-08,2024Q3,2024,0.3466
103318,2024-08-30,Cork,Electronics,Mobile Accessories,524.78,2,0.0,185.14,2024-08,2024Q3,2024,0.3528
105584,2024-08-30,Dublin,Grocery,Dairy,112.33,4,0.2,26.6,2024-08,2024Q3,2024,0.2368
101693,2024-08-30,Cork,Clothing,Menswear,331.33,4,0.2,16.73,2024-08,2024Q3,2024,0.0505
102284,2024-08-30,Dublin,Clothing,Womenswear,55.33,1,0.0,24.41,2024-08,2024Q3,2024,0.4412
103933,2024-08-30,Dublin,Clothing,Womenswear,204.08,2,0.0,75.74,2024-08,2024Q3,2024,0.3711
103834,2024-08-30,Dublin,Electronics,Headphones,151.61,2,0.2,19.64,2024-08,2024Q3,2024,0.1295
100571,2024-08-30,Galway,Grocery,Snacks,63.26,2,0.0,28.04,2024-08,2024Q3,2024,0.4433
100267,2024-08-30,Dublin,Grocery,Dairy,25.46,1,0.1,8.2,2024-08,2024Q3,2024,0.3221
102009,2024-08-30,Limerick,Homeware,Lighting,260.86,2,0.2,51.09,2024-08,2024Q3,2024,0.1959
106282,2024-08-30,Cork,Homeware,Lighting,421.67,4,0.1,111.53,2024-08,2024Q3,2024,0.2645
105825,2024-08-31,Dublin,Clothing,Menswear,138.47,3,0.0,41.34,2024-08,2024Q3,2024,0.2985
101634,2024-08-31,Galway,Grocery,Bakery,33.61,2,0.1,5.2,2024-08,2024Q3,2024,0.1547
101346,2024-08-31,Galway,Grocery,Beverages,100.06,3,0.05,30.44,2024-08,2024Q3,2024,0.3042
105349,2024-08-31,Dublin,Grocery,Dairy,7.41,2,0.05,2.87,2024-08,2024Q3,2024,0.3873
100111,2024-08-31,Cork,Electronics,Laptops,89.22,1,0.15,19.25,2024-08,2024Q3,2024,0.2158
101665,2024-08-31,Galway,Clothing,Kidswear,22.32,2,0.0,5.79,2024-08,2024Q3,2024,0.2594
101785,2024-08-31,Cork,Electronics,Laptops,890.41,3,0.15,169.23,2024-08,2024Q3,2024,0.1901
102744,2024-09-01,Limerick,Electronics,TVs,622.13,1,0.15,123.89,2024-09,2024Q3,2024,0.1991
100277,2024-09-01,Galway,Electronics,Smart Home,917.54,2,0.0,370.88,2024-09,2024Q3,2024,0.4042
105581,2024-09-01,Dublin,Homeware,Bedding,228.11,2,0.1,55.0,2024-09,2024Q3,2024,0.2411
105576,2024-09-01,Galway,Homeware,Kitchenware,264.58,2,0.05,72.47,2024-09,2024Q3,2024,0.2739
102306,2024-09-01,Galway,Electronics,TVs,251.1,3,0.0,109.72,2024-09,2024Q3,2024,0.437
103669,2024-09-01,Galway,Clothing,Womenswear,127.68,3,0.0,32.23,2024-09,2024Q3,2024,0.2524
105791,2024-09-01,Dublin,Grocery,Dairy,39.58,1,0.0,10.01,2024-09,2024Q3,2024,0.2529
104969,2024-09-01,Limerick,Electronics,TVs,1327.04,4,0.2,182.66,2024-09,2024Q3,2024,0.1376
105929,2024-09-01,Dublin,Electronics,Smart Home,288.4,1,0.0,129.26,2024-09,2024Q3,2024,0.4482
101294,2024-09-01,Dublin,Clothing,Footwear,101.72,1,0.0,32.61,2024-09,2024Q3,2024,0.3206
103566,2024-09-01,Dublin,Electronics,Headphones,106.73,1,0.2,8.14,2024-09,2024Q3,2024,0.0763
105006,2024-09-01,Cork,Clothing,Womenswear,277.8,4,0.2,44.39,2024-09,2024Q3,2024,0.1598
102461,2024-09-02,Galway,Clothing,Accessories,72.48,1,0.2,13.31,2024-09,2024Q3,2024,0.1836
101869,2024-09-02,Limerick,Grocery,Snacks,46.82,1,0.0,14.83,2024-09,2024Q3,2024,0.3167
103819,2024-09-02,Cork,Grocery,Beverages,11.4,3,0.2,2.32,2024-09,2024Q3,2024,0.2035
103934,2024-09-02,Cork,Electronics,TVs,602.82,2,0.05,214.88,2024-09,2024Q3,2024,0.3565
101123,2024-09-02,Cork,Grocery,Bakery,101.91,3,0.2,7.59,2024-09,2024Q3,2024,0.0745
102685,2024-09-02,Limerick,Grocery,Bakery,116.74,4,0.0,42.12,2024-09,2024Q3,2024,0.3608
102116,2024-09-02,Cork,Electronics,TVs,146.11,1,0.0,60.98,2024-09,2024Q3,2024,0.4174
103059,2024-09-02,Limerick,Electronics,Smart Home,85.28,2,0.0,27.92,2024-09,2024Q3,2024,0.3274
105382,2024-09-03,Dublin,Electronics,Mobile Accessories,466.69,2,0.15,94.72,2024-09,2024Q3,2024,0.203
101844,2024-09-03,Dublin,Homeware,Kitchenware,306.57,1,0.05,99.94,2024-09,2024Q3,2024,0.326
105919,2024-09-03,Dublin,Clothing,Footwear,104.13,1,0.2,20.2,2024-09,2024Q3,2024,0.194
101157,2024-09-03,Cork,Clothing,Footwear,87.1,1,0.0,24.59,2024-09,2024Q3,2024,0.2823
100335,2024-09-03,Dublin,Clothing,Accessories,51.21,1,0.1,13.23,2024-09,2024Q3,2024,0.2583
101284,2024-09-03,Dublin,Clothing,Womenswear,110.86,4,0.0,32.93,2024-09,2024Q3,2024,0.297
100218,2024-09-03,Galway,Grocery,Bakery,32.62,1,0.1,8.72,2024-09,2024Q3,2024,0.2673
102710,2024-09-04,Limerick,Electronics,TVs,484.69,1,0.0,211.97,2024-09,2024Q3,2024,0.4373
102787,2024-09-04,Galway,Grocery,Fresh Produce,20.26,2,0.0,7.05,2024-09,2024Q3,2024,0.348
105623,2024-09-04,Galway,Grocery,Snacks,119.72,4,0.05,34.58,2024-09,2024Q3,2024,0.2888
103182,2024-09-04,Limerick,Clothing,Kidswear,93.18,3,0.05,33.03,2024-09,2024Q3,2024,0.3545
102891,2024-09-04,Dublin,Homeware,Kitchenware,413.21,3,0.1,104.87,2024-09,2024Q3,2024,0.2538
101290,2024-09-04,Limerick,Clothing,Footwear,165.69,3,0.0,45.89,2024-09,2024Q3,2024,0.277
105079,2024-09-04,Limerick,Electronics,Headphones,1473.87,3,0.0,470.35,2024-09,2024Q3,2024,0.3191
103490,2024-09-04,Limerick,Clothing,Kidswear,120.6,4,0.0,45.73,2024-09,2024Q3,2024,0.3792
106332,2024-09-04,Cork,Electronics,TVs,632.65,2,0.0,229.15,2024-09,2024Q3,2024,0.3622
104293,2024-09-04,Dublin,Grocery,Beverages,30.89,1,0.2,2.89,2024-09,2024Q3,2024,0.0936
103655,2024-09-05,Cork,Clothing,Footwear,59.78,2,0.2,8.63,2024-09,2024Q3,2024,0.1444
105098,2024-09-05,Galway,Homeware,Kitchenware,319.29,3,0.0,114.09,2024-09,2024Q3,2024,0.3573
100480,2024-09-05,Dublin,Electronics,TVs,1183.74,2,0.15,213.97,2024-09,2024Q3,2024,0.1808
101106,2024-09-05,Galway,Grocery,Bakery,57.96,3,0.0,18.05,2024-09,2024Q3,2024,0.3114
102881,2024-09-05,Cork,Electronics,Smart Home,692.23,2,0.15,133.51,2024-09,2024Q3,2024,0.1929
105338,2024-09-05,Cork,Electronics,TVs,100.1,2,0.1,27.16,2024-09,2024Q3,2024,0.2713
104136,2024-09-05,Dublin,Homeware,Kitchenware,644.05,4,0.1,161.5,2024-09,2024Q3,2024,0.2508
105255,2024-09-05,Limerick,Clothing,Womenswear,156.66,2,0.15,15.69,2024-09,2024Q3,2024,0.1002
100219,2024-09-05,Dublin,Grocery,Fresh Produce,170.38,4,0.0,73.52,2024-09,2024Q3,2024,0.4315
106452,2024-09-06,Dublin,Grocery,Dairy,38.87,2,0.0,16.84,2024-09,2024Q3,2024,0.4332
100946,2024-09-06,Dublin,Grocery,Dairy,30.73,4,0.0,13.2,2024-09,2024Q3,2024,0.4295
103067,2024-09-06,Limerick,Grocery,Snacks,42.68,1,0.0,18.83,2024-09,2024Q3,2024,0.4412
104017,2024-09-06,Dublin,Clothing,Womenswear,201.03,3,0.05,62.76,2024-09,2024Q3,2024,0.3122
102169,2024-09-06,Dublin,Homeware,Bedding,80.29,1,0.0,32.2,2024-09,2024Q3,2024,0.401
103759,2024-09-06,Dublin,Grocery,Dairy,7.62,3,0.0,3.02,2024-09,2024Q3,2024,0.3963
103985,2024-09-06,Galway,Grocery,Beverages,5.82,1,0.0,1.52,2024-09,2024Q3,2024,0.2612
101834,2024-09-06,Limerick,Grocery,Bakery,8.98,2,0.0,3.98,2024-09,2024Q3,2024,0.4432
106063,2024-09-07,Dublin,Electronics,Laptops,395.76,1,0.15,116.86,2024-09,2024Q3,2024,0.2953
104562,2024-09-07,Cork,Grocery,Beverages,13.64,2,0.15,3.22,2024-09,2024Q3,2024,0.2361
102301,2024-09-07,Limerick,Clothing,Footwear,97.74,1,0.1,29.02,2024-09,2024Q3,2024,0.2969
101472,2024-09-07,Dublin,Grocery,Bakery,25.05,1,0.2,5.8,2024-09,2024Q3,2024,0.2315
101216,2024-09-07,Cork,Electronics,Headphones,813.25,3,0.15,177.88,2024-09,2024Q3,2024,0.2187
102302,2024-09-07,Dublin,Grocery,Snacks,23.67,1,0.0,6.63,2024-09,2024Q3,2024,0.2801
105806,2024-09-08,Dublin,Grocery,Snacks,33.37,1,0.0,10.4,2024-09,2024Q3,2024,0.3117
104978,2024-09-08,Limerick,Grocery,Fresh Produce,31.26,1,0.0,12.57,2024-09,2024Q3,2024,0.4021
105104,2024-09-08,Cork,Electronics,TVs,223.98,3,0.1,50.11,2024-09,2024Q3,2024,0.2237
101898,2024-09-08,Limerick,Homeware,Bedding,729.71,3,0.1,252.93,2024-09,2024Q3,2024,0.3466
100547,2024-09-08,Cork,Homeware,Kitchenware,100.74,1,0.2,21.11,2024-09,2024Q3,2024,0.2095
104911,2024-09-08,Galway,Grocery,Snacks,30.04,2,0.0,12.27,2024-09,2024Q3,2024,0.4085
102827,2024-09-08,Dublin,Electronics,Mobile Accessories,148.58,1,0.0,39.98,2024-09,2024Q3,2024,0.2691
104316,2024-09-08,Galway,Grocery,Dairy,14.89,1,0.05,3.03,2024-09,2024Q3,2024,0.2035
102699,2024-09-08,Limerick,Clothing,Footwear,19.74,2,0.0,7.1,2024-09,2024Q3,2024,0.3597
102227,2024-09-08,Galway,Homeware,Kitchenware,290.22,2,0.0,101.58,2024-09,2024Q3,2024,0.35
101477,2024-09-08,Cork,Electronics,Laptops,138.93,2,0.2,33.56,2024-09,2024Q3,2024,0.2416
106358,2024-09-08,Galway,Electronics,TVs,554.69,2,0.0,151.42,2024-09,2024Q3,2024,0.273
102692,2024-09-08,Galway,Grocery,Snacks,9.92,2,0.15,1.46,2024-09,2024Q3,2024,0.1472
100309,2024-09-08,Cork,Clothing,Footwear,213.74,2,0.0,92.43,2024-09,2024Q3,2024,0.4324
100505,2024-09-09,Dublin,Grocery,Snacks,32.87,2,0.0,14.05,2024-09,2024Q3,2024,0.4274
100026,2024-09-09,Cork,Electronics,TVs,125.8,3,0.1,29.81,2024-09,2024Q3,2024,0.237
104858,2024-09-09,Limerick,Homeware,Bedding,228.08,1,0.15,46.92,2024-09,2024Q3,2024,0.2057
106172,2024-09-09,Cork,Grocery,Bakery,25.68,3,0.0,8.99,2024-09,2024Q3,2024,0.3501
103437,2024-09-09,Limerick,Grocery,Bakery,26.86,2,0.05,6.45,2024-09,2024Q3,2024,0.2401
104730,2024-09-09,Cork,Grocery,Dairy,15.61,1,0.05,4.19,2024-09,2024Q3,2024,0.2684
103549,2024-09-10,Limerick,Electronics,Headphones,1544.88,3,0.1,516.19,2024-09,2024Q3,2024,0.3341
101394,2024-09-10,Dublin,Clothing,Kidswear,30.18,1,0.0,7.81,2024-09,2024Q3,2024,0.2588
100809,2024-09-11,Cork,Clothing,Accessories,143.42,4,0.0,57.24,2024-09,2024Q3,2024,0.3991
103343,2024-09-11,Galway,Grocery,Bakery,60.18,2,0.0,23.48,2024-09,2024Q3,2024,0.3902
105367,2024-09-11,Limerick,Homeware,Kitchenware,293.2,1,0.2,19.62,2024-09,2024Q3,2024,0.0669
104754,2024-09-11,Dublin,Homeware,Lighting,849.08,2,0.1,209.62,2024-09,2024Q3,2024,0.2469
104543,2024-09-11,Dublin,Homeware,Furniture,312.35,1,0.0,96.59,2024-09,2024Q3,2024,0.3092
105225,2024-09-11,Dublin,Homeware,Lighting,337.84,1,0.2,72.35,2024-09,2024Q3,2024,0.2142
102495,2024-09-11,Cork,Grocery,Snacks,55.72,4,0.05,15.45,2024-09,2024Q3,2024,0.2773
106298,2024-09-11,Limerick,Electronics,Mobile Accessories,2296.2,4,0.0,969.76,2024-09,2024Q3,2024,0.4223
100036,2024-09-11,Dublin,Electronics,Smart Home,2622.46,4,0.05,932.32,2024-09,2024Q3,2024,0.3555
100630,2024-09-11,Dublin,Grocery,Bakery,32.84,1,0.2,2.66,2024-09,2024Q3,2024,0.081
101409,2024-09-11,Dublin,Electronics,Headphones,1283.24,2,0.0,357.47,2024-09,2024Q3,2024,0.2786
100471,2024-09-12,Dublin,Clothing,Footwear,37.62,1,0.05,10.34,2024-09,2024Q3,2024,0.2749
104553,2024-09-12,Dublin,Clothing,Footwear,30.36,2,0.2,6.16,2024-09,2024Q3,2024,0.2029
101083,2024-09-12,Galway,Electronics,Headphones,104.2,1,0.0,45.98,2024-09,2024Q3,2024,0.4413
105968,2024-09-12,Dublin,Clothing,Footwear,125.48,1,0.0,46.94,2024-09,2024Q3,2024,0.3741
100835,2024-09-12,Dublin,Homeware,Bedding,83.95,2,0.0,21.17,2024-09,2024Q3,2024,0.2522
104799,2024-09-12,Galway,Electronics,Laptops,128.35,1,0.2,9.93,2024-09,2024Q3,2024,0.0774
105665,2024-09-12,Cork,Homeware,Kitchenware,161.37,3,0.0,44.57,2024-09,2024Q3,2024,0.2762
100047,2024-09-12,Limerick,Electronics,Smart Home,216.68,2,0.15,41.99,2024-09,2024Q3,2024,0.1938
102204,2024-09-12,Galway,Clothing,Accessories,102.54,2,0.2,5.18,2024-09,2024Q3,2024,0.0505
102441,2024-09-12,Dublin,Electronics,Smart Home,1281.59,2,0.15,336.92,2024-09,2024Q3,2024,0.2629
100322,2024-09-12,Cork,Grocery,Bakery,16.07,1,0.0,6.41,2024-09,2024Q3,2024,0.3989
104396,2024-09-13,Dublin,Homeware,Furniture,239.44,1,0.0,95.96,2024-09,2024Q3,2024,0.4008
101560,2024-09-13,Galway,Homeware,Kitchenware,148.04,1,0.1,46.87,2024-09,2024Q3,2024,0.3166
104840,2024-09-13,Dublin,Grocery,Fresh Produce,128.34,3,0.0,47.02,2024-09,2024Q3,2024,0.3664
105479,2024-09-13,Dublin,Homeware,Lighting,332.98,1,0.0,149.12,2024-09,2024Q3,2024,0.4478
100591,2024-09-13,Galway,Electronics,Smart Home,354.09,3,0.0,93.27,2024-09,2024Q3,2024,0.2634
104495,2024-09-13,Dublin,Homeware,Storage,16.97,1,0.0,5.35,2024-09,2024Q3,2024,0.3153
101068,2024-09-13,Dublin,Electronics,Smart Home,1154.81,2,0.15,152.28,2024-09,2024Q3,2024,0.1319
103436,2024-09-14,Dublin,Clothing,Footwear,349.73,3,0.0,87.5,2024-09,2024Q3,2024,0.2502
103567,2024-09-14,Cork,Grocery,Beverages,21.88,1,0.0,9.26,2024-09,2024Q3,2024,0.4232
105112,2024-09-14,Cork,Homeware,Lighting,59.92,1,0.2,6.14,2024-09,2024Q3,2024,0.1025
105989,2024-09-14,Dublin,Homeware,Storage,674.47,2,0.2,111.31,2024-09,2024Q3,2024,0.165
101291,2024-09-14,Cork,Grocery,Snacks,27.35,1,0.0,11.85,2024-09,2024Q3,2024,0.4333
101451,2024-09-14,Cork,Grocery,Beverages,24.59,1,0.0,6.51,2024-09,2024Q3,2024,0.2647
102430,2024-09-14,Limerick,Electronics,Headphones,275.29,1,0.1,60.32,2024-09,2024Q3,2024,0.2191
104729,2024-09-14,Dublin,Grocery,Fresh Produce,12.55,1,0.1,2.8,2024-09,2024Q3,2024,0.2231
105954,2024-09-14,Limerick,Clothing,Menswear,101.25,3,0.05,25.68,2024-09,2024Q3,2024,0.2536
103507,2024-09-15,Cork,Clothing,Accessories,24.05,1,0.0,7.61,2024-09,2024Q3,2024,0.3164
106190,2024-09-15,Cork,Clothing,Footwear,117.42,2,0.15,32.87,2024-09,2024Q3,2024,0.2799
104242,2024-09-15,Dublin,Electronics,Smart Home,730.27,1,0.05,259.1,2024-09,2024Q3,2024,0.3548
101407,2024-09-15,Dublin,Electronics,Mobile Accessories,150.56,4,0.0,41.84,2024-09,2024Q3,2024,0.2779
101194,2024-09-15,Cork,Grocery,Fresh Produce,22.62,1,0.0,8.56,2024-09,2024Q3,2024,0.3784
105606,2024-09-15,Galway,Homeware,Lighting,442.74,2,0.05,125.61,2024-09,2024Q3,2024,0.2837
102229,2024-09-15,Limerick,Homeware,Storage,37.01,1,0.0,9.7,2024-09,2024Q3,2024,0.2621
101509,2024-09-15,Dublin,Clothing,Footwear,187.98,2,0.2,20.33,2024-09,2024Q3,2024,0.1081
102938,2024-09-15,Limerick,Electronics,Laptops,2468.88,4,0.0,1110.4,2024-09,2024Q3,2024,0.4498
102539,2024-09-15,Dublin,Clothing,Footwear,357.21,3,0.0,72.15,2024-09,2024Q3,2024,0.202
105961,2024-09-15,Limerick,Clothing,Menswear,59.79,1,0.0,22.99,2024-09,2024Q3,2024,0.3845
100655,2024-09-16,Dublin,Grocery,Fresh Produce,141.08,4,0.0,37.52,2024-09,2024Q3,2024,0.2659
101011,2024-09-16,Cork,Grocery,Dairy,100.23,3,0.1,28.02,2024-09,2024Q3,2024,0.2796
101857,2024-09-16,Dublin,Electronics,Headphones,1105.24,4,0.1,335.81,2024-09,2024Q3,2024,0.3038
106308,2024-09-16,Dublin,Homeware,Bedding,255.85,2,0.0,110.56,2024-09,2024Q3,2024,0.4321
103824,2024-09-16,Dublin,Clothing,Accessories,196.37,2,0.0,61.2,2024-09,2024Q3,2024,0.3117
101543,2024-09-16,Galway,Homeware,Storage,134.37,3,0.0,56.91,2024-09,2024Q3,2024,0.4235
106498,2024-09-16,Dublin,Homeware,Furniture,445.67,2,0.05,122.23,2024-09,2024Q3,2024,0.2743
104389,2024-09-17,Galway,Clothing,Footwear,28.89,1,0.1,9.95,2024-09,2024Q3,2024,0.3444
102765,2024-09-17,Dublin,Grocery,Beverages,91.87,3,0.15,18.6,2024-09,2024Q3,2024,0.2025
103897,2024-09-17,Dublin,Homeware,Storage,774.39,3,0.2,38.8,2024-09,2024Q3,2024,0.0501
102641,2024-09-17,Galway,Clothing,Womenswear,109.32,1,0.2,11.95,2024-09,2024Q3,2024,0.1093
102979,2024-09-17,Limerick,Grocery,Dairy,86.04,2,0.0,26.56,2024-09,2024Q3,2024,0.3087
104133,2024-09-17,Limerick,Clothing,Womenswear,58.71,1,0.0,23.5,2024-09,2024Q3,2024,0.4003
103076,2024-09-17,Dublin,Homeware,Furniture,125.61,1,0.05,37.15,2024-09,2024Q3,2024,0.2958
101779,2024-09-17,Dublin,Grocery,Beverages,13.74,1,0.2,1.97,2024-09,2024Q3,2024,0.1434
104118,2024-09-17,Galway,Grocery,Snacks,31.32,2,0.0,14.06,2024-09,2024Q3,2024,0.4489
100384,2024-09-17,Cork,Homeware,Kitchenware,559.52,2,0.0,200.64,2024-09,2024Q3,2024,0.3586
105055,2024-09-17,Dublin,Homeware,Bedding,741.2,4,0.05,182.37,2024-09,2024Q3,2024,0.246
105551,2024-09-17,Limerick,Homeware,Furniture,372.8,2,0.0,130.71,2024-09,2024Q3,2024,0.3506
105431,2024-09-17,Dublin,Electronics,Mobile Accessories,295.87,2,0.0,132.65,2024-09,2024Q3,2024,0.4483
105252,2024-09-18,Cork,Grocery,Snacks,63.24,2,0.0,28.24,2024-09,2024Q3,2024,0.4466
101866,2024-09-18,Dublin,Clothing,Womenswear,382.95,3,0.0,100.27,2024-09,2024Q3,2024,0.2618
105019,2024-09-18,Dublin,Grocery,Fresh Produce,31.87,1,0.0,8.98,2024-09,2024Q3,2024,0.2818
106431,2024-09-18,Dublin,Electronics,Headphones,516.44,2,0.15,87.54,2024-09,2024Q3,2024,0.1695
103847,2024-09-18,Dublin,Electronics,Mobile Accessories,567.62,1,0.0,248.72,2024-09,2024Q3,2024,0.4382
101724,2024-09-18,Cork,Electronics,TVs,464.24,4,0.1,86.19,2024-09,2024Q3,2024,0.1857
100397,2024-09-18,Dublin,Clothing,Womenswear,14.34,1,0.1,4.87,2024-09,2024Q3,2024,0.3396
104106,2024-09-18,Galway,Homeware,Lighting,152.94,1,0.05,60.92,2024-09,2024Q3,2024,0.3983
104724,2024-09-18,Galway,Clothing,Kidswear,32.61,3,0.0,14.27,2024-09,2024Q3,2024,0.4376
103323,2024-09-18,Dublin,Grocery,Fresh Produce,12.67,1,0.0,4.58,2024-09,2024Q3,2024,0.3615
105272,2024-09-18,Limerick,Homeware,Kitchenware,85.91,1,0.2,15.75,2024-09,2024Q3,2024,0.1833
103636,2024-09-19,Galway,Clothing,Footwear,34.19,1,0.0,14.22,2024-09,2024Q3,2024,0.4159
103008,2024-09-19,Dublin,Grocery,Beverages,27.67,1,0.0,7.09,2024-09,2024Q3,2024,0.2562
104483,2024-09-19,Galway,Clothing,Footwear,115.87,1,0.05,26.21,2024-09,2024Q3,2024,0.2262
105671,2024-09-19,Dublin,Grocery,Dairy,10.21,2,0.0,4.43,2024-09,2024Q3,2024,0.4339
105339,2024-09-19,Dublin,Grocery,Snacks,8.51,1,0.05,2.12,2024-09,2024Q3,2024,0.2491
103677,2024-09-20,Dublin,Clothing,Womenswear,117.68,1,0.0,36.35,2024-09,2024Q3,2024,0.3089
104673,2024-09-20,Cork,Grocery,Beverages,26.17,1,0.15,6.12,2024-09,2024Q3,2024,0.2339
102289,2024-09-20,Galway,Homeware,Kitchenware,307.56,3,0.1,48.43,2024-09,2024Q3,2024,0.1575
100577,2024-09-20,Dublin,Electronics,TVs,308.5,2,0.15,83.22,2024-09,2024Q3,2024,0.2698
105072,2024-09-20,Galway,Electronics,Mobile Accessories,1225.62,2,0.15,318.23,2024-09,2024Q3,2024,0.2596
105670,2024-09-20,Cork,Clothing,Menswear,120.76,2,0.15,21.44,2024-09,2024Q3,2024,0.1775
102150,2024-09-20,Galway,Grocery,Bakery,83.73,3,0.0,30.79,2024-09,2024Q3,2024,0.3677
106246,2024-09-21,Dublin,Clothing,Menswear,19.1,1,0.05,4.86,2024-09,2024Q3,2024,0.2545
106268,2024-09-21,Galway,Homeware,Lighting,876.42,3,0.2,130.23,2024-09,2024Q3,2024,0.1486
106288,2024-09-21,Dublin,Clothing,Menswear,274.97,3,0.0,111.16,2024-09,2024Q3,2024,0.4043
102101,2024-09-21,Dublin,Electronics,Mobile Accessories,499.59,1,0.05,157.97,2024-09,2024Q3,2024,0.3162
101333,2024-09-21,Limerick,Clothing,Accessories,262.62,3,0.0,107.42,2024-09,2024Q3,2024,0.409
100769,2024-09-21,Dublin,Electronics,Headphones,697.36,4,0.1,162.34,2024-09,2024Q3,2024,0.2328
100589,2024-09-21,Limerick,Grocery,Bakery,44.98,2,0.0,14.75,2024-09,2024Q3,2024,0.3279
101175,2024-09-21,Dublin,Grocery,Fresh Produce,85.17,2,0.15,14.8,2024-09,2024Q3,2024,0.1738
100064,2024-09-21,Dublin,Grocery,Dairy,2.75,1,0.0,1.1,2024-09,2024Q3,2024,0.4
102840,2024-09-22,Dublin,Homeware,Bedding,112.77,2,0.0,44.7,2024-09,2024Q3,2024,0.3964
103460,2024-09-22,Galway,Electronics,Headphones,343.6,2,0.0,119.61,2024-09,2024Q3,2024,0.3481
104736,2024-09-22,Galway,Electronics,Mobile Accessories,923.6,2,0.1,252.1,2024-09,2024Q3,2024,0.273
101255,2024-09-22,Limerick,Grocery,Dairy,69.8,3,0.0,20.66,2024-09,2024Q3,2024,0.296
106339,2024-09-22,Cork,Homeware,Bedding,48.88,1,0.1,16.21,2024-09,2024Q3,2024,0.3316
105803,2024-09-22,Galway,Electronics,Headphones,1808.1,3,0.0,494.03,2024-09,2024Q3,2024,0.2732
101099,2024-09-22,Limerick,Electronics,Mobile Accessories,362.78,1,0.1,109.94,2024-09,2024Q3,2024,0.303
104062,2024-09-22,Dublin,Electronics,TVs,298.49,4,0.2,35.82,2024-09,2024Q3,2024,0.12
105608,2024-09-23,Limerick,Grocery,Snacks,42.53,4,0.0,15.95,2024-09,2024Q3,2024,0.375
104552,2024-09-23,Galway,Electronics,Smart Home,284.99,1,0.1,73.55,2024-09,2024Q3,2024,0.2581
105982,2024-09-23,Galway,Electronics,Mobile Accessories,997.38,2,0.0,351.83,2024-09,2024Q3,2024,0.3528
104454,2024-09-23,Dublin,Homeware,Lighting,103.66,2,0.0,28.68,2024-09,2024Q3,2024,0.2767
105648,2024-09-23,Dublin,Grocery,Beverages,13.55,1,0.0,4.8,2024-09,2024Q3,2024,0.3542
102267,2024-09-23,Dublin,Clothing,Kidswear,123.75,3,0.0,32.87,2024-09,2024Q3,2024,0.2656
106118,2024-09-23,Galway,Homeware,Lighting,133.18,2,0.15,30.17,2024-09,2024Q3,2024,0.2265
105904,2024-09-23,Cork,Homeware,Lighting,108.24,4,0.2,20.1,2024-09,2024Q3,2024,0.1857
101870,2024-09-23,Limerick,Electronics,Laptops,220.41,3,0.2,38.98,2024-09,2024Q3,2024,0.1769
101757,2024-09-23,Dublin,Electronics,Smart Home,377.71,1,0.0,125.09,2024-09,2024Q3,2024,0.3312
105599,2024-09-24,Dublin,Grocery,Beverages,37.25,1,0.0,11.88,2024-09,2024Q3,2024,0.3189
102567,2024-09-24,Galway,Clothing,Footwear,70.68,3,0.2,9.55,2024-09,2024Q3,2024,0.1351
106169,2024-09-24,Cork,Clothing,Kidswear,71.58,1,0.0,31.02,2024-09,2024Q3,2024,0.4334
104179,2024-09-24,Galway,Clothing,Accessories,318.57,3,0.15,51.47,2024-09,2024Q3,2024,0.1616
106143,2024-09-24,Dublin,Grocery,Bakery,20.49,1,0.2,4.21,2024-09,2024Q3,2024,0.2055
103356,2024-09-24,Cork,Grocery,Bakery,38.79,1,0.0,13.83,2024-09,2024Q3,2024,0.3565
101577,2024-09-24,Dublin,Homeware,Storage,468.65,2,0.05,160.54,2024-09,2024Q3,2024,0.3426
104394,2024-09-24,Limerick,Electronics,Headphones,430.48,1,0.0,125.33,2024-09,2024Q3,2024,0.2911
105449,2024-09-25,Cork,Homeware,Storage,385.1,2,0.1,127.51,2024-09,2024Q3,2024,0.3311
101922,2024-09-25,Limerick,Grocery,Bakery,16.42,1,0.2,3.87,2024-09,2024Q3,2024,0.2357
102701,2024-09-25,Dublin,Electronics,Laptops,687.36,1,0.2,102.48,2024-09,2024Q3,2024,0.1491
104764,2024-09-25,Dublin,Electronics,Headphones,114.79,1,0.0,38.47,2024-09,2024Q3,2024,0.3351
104822,2024-09-25,Dublin,Clothing,Womenswear,266.09,2,0.0,113.97,2024-09,2024Q3,2024,0.4283
101897,2024-09-25,Cork,Grocery,Snacks,20.18,1,0.05,5.03,2024-09,2024Q3,2024,0.2493
104572,2024-09-25,Dublin,Homeware,Storage,283.65,1,0.0,108.83,2024-09,2024Q3,2024,0.3837
104556,2024-09-25,Dublin,Electronics,Headphones,498.9,1,0.15,72.25,2024-09,2024Q3,2024,0.1448
104953,2024-09-25,Limerick,Grocery,Beverages,29.78,1,0.0,10.42,2024-09,2024Q3,2024,0.3499
103749,2024-09-26,Cork,Grocery,Bakery,82.47,3,0.2,16.39,2024-09,2024Q3,2024,0.1987
103010,2024-09-26,Galway,Clothing,Menswear,11.27,1,0.15,1.71,2024-09,2024Q3,2024,0.1517
101076,2024-09-26,Cork,Electronics,Mobile Accessories,158.61,1,0.0,43.2,2024-09,2024Q3,2024,0.2724
101110,2024-09-26,Galway,Clothing,Menswear,22.16,1,0.2,3.63,2024-09,2024Q3,2024,0.1638
104208,2024-09-26,Cork,Homeware,Lighting,399.82,2,0.0,167.14,2024-09,2024Q3,2024,0.418
101121,2024-09-26,Dublin,Homeware,Furniture,255.5,1,0.0,73.91,2024-09,2024Q3,2024,0.2893
104666,2024-09-26,Dublin,Clothing,Menswear,185.1,2,0.0,82.91,2024-09,2024Q3,2024,0.4479
104913,2024-09-26,Galway,Electronics,Laptops,761.52,3,0.1,229.51,2024-09,2024Q3,2024,0.3014
103248,2024-09-26,Dublin,Electronics,Headphones,607.53,1,0.0,161.36,2024-09,2024Q3,2024,0.2656
104113,2024-09-26,Dublin,Clothing,Kidswear,263.49,2,0.15,42.32,2024-09,2024Q3,2024,0.1606
102370,2024-09-26,Dublin,Clothing,Accessories,113.55,1,0.2,5.91,2024-09,2024Q3,2024,0.052
101836,2024-09-26,Dublin,Homeware,Lighting,535.72,3,0.15,147.29,2024-09,2024Q3,2024,0.2749
106265,2024-09-26,Dublin,Homeware,Lighting,332.13,3,0.05,101.58,2024-09,2024Q3,2024,0.3058
105812,2024-09-27,Limerick,Grocery,Snacks,52.61,2,0.2,7.89,2024-09,2024Q3,2024,0.15
104797,2024-09-27,Galway,Clothing,Womenswear,71.45,1,0.15,19.12,2024-09,2024Q3,2024,0.2676
103284,2024-09-27,Galway,Clothing,Footwear,51.12,1,0.2,6.82,2024-09,2024Q3,2024,0.1334
104058,2024-09-27,Dublin,Electronics,Smart Home,317.89,1,0.0,85.53,2024-09,2024Q3,2024,0.2691
100075,2024-09-27,Galway,Homeware,Lighting,43.29,1,0.15,11.7,2024-09,2024Q3,2024,0.2703
100090,2024-09-28,Dublin,Clothing,Menswear,475.64,4,0.15,60.94,2024-09,2024Q3,2024,0.1281
103211,2024-09-28,Dublin,Electronics,Laptops,1116.94,3,0.0,293.61,2024-09,2024Q3,2024,0.2629
100016,2024-09-28,Cork,Clothing,Womenswear,448.16,4,0.15,72.61,2024-09,2024Q3,2024,0.162
104406,2024-09-28,Dublin,Homeware,Furniture,150.53,2,0.05,44.61,2024-09,2024Q3,2024,0.2964
105537,2024-09-28,Limerick,Grocery,Fresh Produce,65.54,2,0.15,11.06,2024-09,2024Q3,2024,0.1688
104663,2024-09-28,Cork,Grocery,Fresh Produce,14.62,1,0.1,4.09,2024-09,2024Q3,2024,0.2798
105585,2024-09-28,Galway,Clothing,Accessories,84.24,1,0.1,26.82,2024-09,2024Q3,2024,0.3184
103662,2024-09-28,Limerick,Grocery,Beverages,47.62,1,0.05,12.94,2024-09,2024Q3,2024,0.2717
105747,2024-09-29,Dublin,Electronics,Smart Home,92.37,1,0.2,16.02,2024-09,2024Q3,2024,0.1734
103539,2024-09-29,Dublin,Homeware,Furniture,678.11,2,0.0,235.36,2024-09,2024Q3,2024,0.3471
102157,2024-09-29,Dublin,Clothing,Kidswear,73.01,1,0.0,26.69,2024-09,2024Q3,2024,0.3656
101389,2024-09-29,Dublin,Clothing,Womenswear,111.11,1,0.15,30.15,2024-09,2024Q3,2024,0.2714
105071,2024-09-29,Limerick,Homeware,Lighting,219.15,1,0.0,72.67,2024-09,2024Q3,2024,0.3316
101623,2024-09-30,Dublin,Homeware,Bedding,829.89,4,0.0,232.41,2024-09,2024Q3,2024,0.28
105829,2024-09-30,Dublin,Grocery,Dairy,51.98,4,0.2,7.67,2024-09,2024Q3,2024,0.1476
103130,2024-09-30,Galway,Electronics,Smart Home,1959.36,4,0.0,728.66,2024-09,2024Q3,2024,0.3719
102870,2024-09-30,Cork,Electronics,Mobile Accessories,197.88,3,0.2,22.28,2024-09,2024Q3,2024,0.1126
102722,2024-09-30,Cork,Clothing,Womenswear,36.46,1,0.1,9.38,2024-09,2024Q3,2024,0.2573
103593,2024-09-30,Dublin,Homeware,Bedding,522.42,2,0.2,47.6,2024-09,2024Q3,2024,0.0911
104586,2024-09-30,Cork,Grocery,Fresh Produce,84.76,4,0.0,23.07,2024-09,2024Q3,2024,0.2722
104650,2024-09-30,Dublin,Grocery,Beverages,106.5,3,0.0,47.43,2024-09,2024Q3,2024,0.4454
103308,2024-09-30,Limerick,Grocery,Fresh Produce,82.55,3,0.1,14.02,2024-09,2024Q3,2024,0.1698
103870,2024-09-30,Dublin,Homeware,Bedding,378.36,3,0.1,88.34,2024-09,2024Q3,2024,0.2335
103114,2024-10-01,Galway,Clothing,Menswear,38.73,1,0.1,10.3,2024-10,2024Q4,2024,0.2659
101831,2024-10-01,Limerick,Grocery,Dairy,12.26,1,0.2,1.3,2024-10,2024Q4,2024,0.106
105939,2024-10-01,Galway,Clothing,Kidswear,196.66,2,0.05,60.6,2024-10,2024Q4,2024,0.3081
105598,2024-10-01,Cork,Clothing,Kidswear,30.8,1,0.0,12.04,2024-10,2024Q4,2024,0.3909
102730,2024-10-01,Limerick,Clothing,Accessories,156.12,4,0.05,34.27,2024-10,2024Q4,2024,0.2195
103832,2024-10-01,Dublin,Homeware,Storage,84.94,1,0.1,16.77,2024-10,2024Q4,2024,0.1974
103620,2024-10-01,Cork,Electronics,Laptops,942.44,4,0.0,330.99,2024-10,2024Q4,2024,0.3512
101007,2024-10-01,Dublin,Homeware,Kitchenware,255.48,2,0.15,61.61,2024-10,2024Q4,2024,0.2412
100290,2024-10-02,Galway,Electronics,Headphones,468.76,2,0.0,161.83,2024-10,2024Q4,2024,0.3452
101240,2024-10-02,Dublin,Grocery,Snacks,172.5,4,0.0,64.83,2024-10,2024Q4,2024,0.3758
106058,2024-10-02,Galway,Homeware,Kitchenware,494.8,4,0.2,73.99,2024-10,2024Q4,2024,0.1495
100771,2024-10-02,Cork,Electronics,Laptops,828.07,3,0.2,186.22,2024-10,2024Q4,2024,0.2249
105651,2024-10-02,Galway,Homeware,Kitchenware,228.01,1,0.05,61.16,2024-10,2024Q4,2024,0.2682
104898,2024-10-02,Limerick,Electronics,Smart Home,881.84,2,0.1,249.23,2024-10,2024Q4,2024,0.2826
103445,2024-10-02,Dublin,Homeware,Furniture,625.83,2,0.2,75.04,2024-10,2024Q4,2024,0.1199
101486,2024-10-03,Dublin,Homeware,Storage,270.64,2,0.05,90.18,2024-10,2024Q4,2024,0.3332
100982,2024-10-03,Dublin,Homeware,Kitchenware,58.77,1,0.05,22.55,2024-10,2024Q4,2024,0.3837
102338,2024-10-03,Cork,Grocery,Beverages,73.5,2,0.0,27.87,2024-10,2024Q4,2024,0.3792
101550,2024-10-03,Dublin,Homeware,Lighting,313.25,1,0.2,63.63,2024-10,2024Q4,2024,0.2031
105208,2024-10-03,Dublin,Grocery,Snacks,51.84,2,0.15,15.04,2024-10,2024Q4,2024,0.2901
104069,2024-10-03,Cork,Grocery,Fresh Produce,73.4,4,0.0,23.55,2024-10,2024Q4,2024,0.3208
106218,2024-10-03,Cork,Clothing,Menswear,56.62,1,0.0,22.45,2024-10,2024Q4,2024,0.3965
103352,2024-10-03,Dublin,Clothing,Menswear,70.89,2,0.05,15.31,2024-10,2024Q4,2024,0.216
104052,2024-10-04,Dublin,Clothing,Kidswear,104.83,1,0.0,40.99,2024-10,2024Q4,2024,0.391
102601,2024-10-04,Cork,Homeware,Lighting,174.49,1,0.2,32.38,2024-10,2024Q4,2024,0.1856
105095,2024-10-04,Dublin,Homeware,Kitchenware,38.47,3,0.0,11.29,2024-10,2024Q4,2024,0.2935
101211,2024-10-04,Dublin,Clothing,Footwear,186.13,3,0.0,60.72,2024-10,2024Q4,2024,0.3262
106126,2024-10-04,Dublin,Electronics,Smart Home,127.01,1,0.0,42.11,2024-10,2024Q4,2024,0.3315
104928,2024-10-04,Dublin,Electronics,TVs,1287.24,2,0.0,328.63,2024-10,2024Q4,2024,0.2553
106102,2024-10-04,Cork,Clothing,Womenswear,20.7,1,0.1,4.99,2024-10,2024Q4,2024,0.2411
105377,2024-10-04,Limerick,Clothing,Accessories,177.68,4,0.0,70.1,2024-10,2024Q4,2024,0.3945
100092,2024-10-04,Galway,Electronics,Smart Home,128.98,1,0.0,56.85,2024-10,2024Q4,2024,0.4408
104598,2024-10-04,Cork,Homeware,Furniture,469.82,2,0.15,51.82,2024-10,2024Q4,2024,0.1103
102837,2024-10-04,Dublin,Clothing,Accessories,66.81,1,0.0,19.04,2024-10,2024Q4,2024,0.285
102413,2024-10-04,Limerick,Clothing,Footwear,265.8,3,0.0,101.64,2024-10,2024Q4,2024,0.3824
102986,2024-10-05,Cork,Electronics,Laptops,733.85,3,0.1,126.5,2024-10,2024Q4,2024,0.1724
102606,2024-10-05,Dublin,Homeware,Furniture,442.81,3,0.05,116.95,2024-10,2024Q4,2024,0.2641
101751,2024-10-05,Dublin,Grocery,Snacks,24.89,1,0.2,5.1,2024-10,2024Q4,2024,0.2049
103835,2024-10-05,Galway,Homeware,Lighting,258.3,1,0.0,76.93,2024-10,2024Q4,2024,0.2978
105111,2024-10-05,Dublin,Clothing,Kidswear,23.4,1,0.1,7.68,2024-10,2024Q4,2024,0.3282
101918,2024-10-05,Cork,Homeware,Lighting,138.0,1,0.15,25.79,2024-10,2024Q4,2024,0.1869
100962,2024-10-05,Limerick,Clothing,Womenswear,182.46,2,0.1,61.82,2024-10,2024Q4,2024,0.3388
100467,2024-10-05,Cork,Homeware,Storage,122.68,2,0.05,33.59,2024-10,2024Q4,2024,0.2738
100583,2024-10-06,Dublin,Grocery,Fresh Produce,26.91,2,0.05,8.28,2024-10,2024Q4,2024,0.3077
106227,2024-10-06,Cork,Grocery,Snacks,39.0,2,0.0,14.6,2024-10,2024Q4,2024,0.3744
102279,2024-10-06,Dublin,Grocery,Beverages,69.86,3,0.2,16.67,2024-10,2024Q4,2024,0.2386
101960,2024-10-06,Dublin,Grocery,Fresh Produce,21.67,4,0.2,3.64,2024-10,2024Q4,2024,0.168
105921,2024-10-06,Dublin,Clothing,Menswear,106.23,1,0.0,46.98,2024-10,2024Q4,2024,0.4422
100932,2024-10-07,Galway,Homeware,Furniture,46.36,2,0.0,13.5,2024-10,2024Q4,2024,0.2912
105967,2024-10-07,Dublin,Homeware,Storage,134.61,1,0.1,35.22,2024-10,2024Q4,2024,0.2616
100069,2024-10-07,Dublin,Electronics,TVs,238.73,1,0.15,47.75,2024-10,2024Q4,2024,0.2
100275,2024-10-07,Dublin,Grocery,Beverages,17.7,3,0.15,4.72,2024-10,2024Q4,2024,0.2667
100725,2024-10-07,Dublin,Electronics,TVs,645.39,3,0.0,234.43,2024-10,2024Q4,2024,0.3632
106113,2024-10-07,Dublin,Homeware,Storage,239.25,2,0.2,49.96,2024-10,2024Q4,2024,0.2088
101475,2024-10-07,Dublin,Electronics,Mobile Accessories,2574.3,4,0.0,894.19,2024-10,2024Q4,2024,0.3474
100173,2024-10-08,Dublin,Grocery,Dairy,51.22,2,0.15,13.64,2024-10,2024Q4,2024,0.2663
101001,2024-10-08,Dublin,Homeware,Kitchenware,448.8,2,0.2,102.92,2024-10,2024Q4,2024,0.2293
102493,2024-10-08,Galway,Electronics,Smart Home,527.39,1,0.15,113.08,2024-10,2024Q4,2024,0.2144
104702,2024-10-08,Dublin,Electronics,TVs,59.41,1,0.1,17.3,2024-10,2024Q4,2024,0.2912
101433,2024-10-08,Galway,Clothing,Accessories,81.21,1,0.0,27.03,2024-10,2024Q4,2024,0.3328
102448,2024-10-08,Dublin,Homeware,Kitchenware,681.21,2,0.1,150.1,2024-10,2024Q4,2024,0.2203
106235,2024-10-08,Dublin,Grocery,Bakery,44.63,1,0.15,6.09,2024-10,2024Q4,2024,0.1365
105460,2024-10-09,Galway,Homeware,Kitchenware,339.06,3,0.1,60.05,2024-10,2024Q4,2024,0.1771
101043,2024-10-09,Dublin,Electronics,TVs,402.56,1,0.2,51.34,2024-10,2024Q4,2024,0.1275
101311,2024-10-09,Cork,Electronics,TVs,547.4,3,0.2,33.64,2024-10,2024Q4,2024,0.0615
100442,2024-10-09,Galway,Grocery,Snacks,17.41,1,0.1,6.04,2024-10,2024Q4,2024,0.3469
106077,2024-10-09,Limerick,Electronics,TVs,396.31,1,0.0,140.15,2024-10,2024Q4,2024,0.3536
102697,2024-10-09,Galway,Homeware,Bedding,11.05,1,0.1,2.31,2024-10,2024Q4,2024,0.209
102741,2024-10-10,Dublin,Electronics,Mobile Accessories,1452.93,2,0.15,178.04,2024-10,2024Q4,2024,0.1225
101457,2024-10-10,Cork,Clothing,Womenswear,75.52,2,0.15,7.83,2024-10,2024Q4,2024,0.1037
103290,2024-10-10,Galway,Electronics,Smart Home,163.38,1,0.0,57.18,2024-10,2024Q4,2024,0.35
100588,2024-10-10,Galway,Grocery,Beverages,8.15,1,0.0,2.4,2024-10,2024Q4,2024,0.2945
100414,2024-10-10,Galway,Homeware,Furniture,529.18,2,0.05,173.7,2024-10,2024Q4,2024,0.3282
101460,2024-10-10,Dublin,Homeware,Bedding,170.04,2,0.1,33.95,2024-10,2024Q4,2024,0.1997
100645,2024-10-10,Cork,Electronics,TVs,540.08,2,0.05,154.94,2024-10,2024Q4,2024,0.2869
104715,2024-10-10,Galway,Electronics,Laptops,403.86,1,0.1,61.24,2024-10,2024Q4,2024,0.1516
101297,2024-10-10,Cork,Electronics,Mobile Accessories,513.78,3,0.0,152.22,2024-10,2024Q4,2024,0.2963
105335,2024-10-10,Dublin,Electronics,Mobile Accessories,103.5,1,0.0,32.78,2024-10,2024Q4,2024,0.3167
100281,2024-10-10,Cork,Homeware,Storage,552.87,3,0.0,162.0,2024-10,2024Q4,2024,0.293
102645,2024-10-11,Limerick,Electronics,TVs,1281.58,2,0.1,226.52,2024-10,2024Q4,2024,0.1768
101672,2024-10-11,Dublin,Homeware,Storage,318.35,1,0.0,82.23,2024-10,2024Q4,2024,0.2583
105510,2024-10-11,Galway,Electronics,TVs,619.09,1,0.0,164.79,2024-10,2024Q4,2024,0.2662
104161,2024-10-11,Limerick,Grocery,Dairy,27.24,2,0.0,10.11,2024-10,2024Q4,2024,0.3711
102897,2024-10-11,Dublin,Clothing,Kidswear,273.52,2,0.2,47.18,2024-10,2024Q4,2024,0.1725
103962,2024-10-11,Dublin,Homeware,Kitchenware,117.44,2,0.0,40.75,2024-10,2024Q4,2024,0.347
103976,2024-10-11,Galway,Grocery,Dairy,10.88,2,0.2,0.88,2024-10,2024Q4,2024,0.0809
105723,2024-10-11,Limerick,Clothing,Menswear,158.31,3,0.05,43.23,2024-10,2024Q4,2024,0.2731
106410,2024-10-11,Limerick,Homeware,Storage,496.16,2,0.2,88.11,2024-10,2024Q4,2024,0.1776
103451,2024-10-12,Dublin,Homeware,Kitchenware,725.53,2,0.0,275.55,2024-10,2024Q4,2024,0.3798
105363,2024-10-12,Galway,Electronics,Mobile Accessories,572.29,1,0.0,229.97,2024-10,2024Q4,2024,0.4018
103466,2024-10-12,Dublin,Clothing,Accessories,67.6,1,0.15,13.89,2024-10,2024Q4,2024,0.2055
106229,2024-10-12,Limerick,Homeware,Bedding,97.51,1,0.0,41.72,2024-10,2024Q4,2024,0.4279
105376,2024-10-12,Cork,Homeware,Bedding,151.9,2,0.05,32.91,2024-10,2024Q4,2024,0.2167
103082,2024-10-12,Limerick,Clothing,Kidswear,23.12,2,0.0,7.46,2024-10,2024Q4,2024,0.3227
101815,2024-10-12,Limerick,Electronics,Smart Home,547.71,1,0.1,104.83,2024-10,2024Q4,2024,0.1914
101748,2024-10-12,Galway,Clothing,Womenswear,74.72,2,0.0,27.21,2024-10,2024Q4,2024,0.3642
101177,2024-10-12,Cork,Electronics,Laptops,458.7,1,0.0,163.59,2024-10,2024Q4,2024,0.3566
104430,2024-10-13,Dublin,Electronics,Headphones,227.8,1,0.2,50.1,2024-10,2024Q4,2024,0.2199
106038,2024-10-13,Dublin,Electronics,Laptops,226.99,2,0.0,61.91,2024-10,2024Q4,2024,0.2727
105494,2024-10-13,Limerick,Homeware,Storage,173.86,2,0.15,51.26,2024-10,2024Q4,2024,0.2948
101808,2024-10-13,Dublin,Electronics,Smart Home,1610.51,4,0.1,504.81,2024-10,2024Q4,2024,0.3134
102473,2024-10-13,Dublin,Homeware,Storage,156.6,1,0.15,27.65,2024-10,2024Q4,2024,0.1766
100299,2024-10-13,Dublin,Homeware,Storage,149.26,1,0.05,30.61,2024-10,2024Q4,2024,0.2051
103288,2024-10-13,Cork,Electronics,Smart Home,194.21,1,0.0,66.73,2024-10,2024Q4,2024,0.3436
104324,2024-10-13,Limerick,Electronics,Mobile Accessories,828.84,2,0.05,213.56,2024-10,2024Q4,2024,0.2577
105828,2024-10-13,Cork,Grocery,Beverages,21.14,1,0.15,2.95,2024-10,2024Q4,2024,0.1395
102789,2024-10-13,Limerick,Electronics,Mobile Accessories,263.75,1,0.0,117.22,2024-10,2024Q4,2024,0.4444
101363,2024-10-13,Limerick,Electronics,Smart Home,224.1,1,0.0,71.74,2024-10,2024Q4,2024,0.3201
102366,2024-10-13,Dublin,Grocery,Beverages,90.41,2,0.0,38.79,2024-10,2024Q4,2024,0.429
102140,2024-10-13,Cork,Clothing,Footwear,23.83,1,0.0,8.62,2024-10,2024Q4,2024,0.3617
101411,2024-10-13,Dublin,Electronics,Mobile Accessories,582.51,1,0.0,245.61,2024-10,2024Q4,2024,0.4216
105317,2024-10-13,Cork,Grocery,Fresh Produce,34.98,1,0.0,9.82,2024-10,2024Q4,2024,0.2807
102739,2024-10-14,Cork,Clothing,Kidswear,24.41,1,0.0,7.88,2024-10,2024Q4,2024,0.3228
103128,2024-10-14,Limerick,Grocery,Snacks,38.33,1,0.0,15.48,2024-10,2024Q4,2024,0.4039
103682,2024-10-14,Galway,Homeware,Storage,26.15,1,0.0,6.68,2024-10,2024Q4,2024,0.2554
106083,2024-10-14,Limerick,Homeware,Bedding,85.46,1,0.0,32.08,2024-10,2024Q4,2024,0.3754
104034,2024-10-14,Galway,Electronics,Laptops,823.9,2,0.0,366.44,2024-10,2024Q4,2024,0.4448
106296,2024-10-14,Dublin,Electronics,Mobile Accessories,348.08,2,0.1,60.01,2024-10,2024Q4,2024,0.1724
101415,2024-10-14,Galway,Clothing,Womenswear,97.82,1,0.15,24.03,2024-10,2024Q4,2024,0.2457
103792,2024-10-14,Dublin,Homeware,Bedding,232.07,4,0.15,69.58,2024-10,2024Q4,2024,0.2998
104487,2024-10-14,Galway,Clothing,Footwear,167.3,2,0.0,65.16,2024-10,2024Q4,2024,0.3895
102196,2024-10-14,Dublin,Clothing,Menswear,140.51,2,0.2,31.48,2024-10,2024Q4,2024,0.224
101385,2024-10-15,Dublin,Grocery,Bakery,36.89,2,0.0,16.47,2024-10,2024Q4,2024,0.4465
100698,2024-10-15,Dublin,Clothing,Kidswear,65.25,2,0.0,4.77,2024-10,2024Q4,2024,0.0731
105476,2024-10-15,Dublin,Grocery,Beverages,59.2,2,0.0,8.97,2024-10,2024Q4,2024,0.1515
104121,2024-10-15,Dublin,Homeware,Furniture,159.4,1,0.0,40.93,2024-10,2024Q4,2024,0.2568
100474,2024-10-15,Dublin,Clothing,Menswear,39.18,1,0.0,13.76,2024-10,2024Q4,2024,0.3512
106150,2024-10-15,Dublin,Grocery,Bakery,39.77,1,0.0,12.16,2024-10,2024Q4,2024,0.3058
102515,2024-10-15,Cork,Clothing,Footwear,69.48,1,0.0,17.9,2024-10,2024Q4,2024,0.2576
100541,2024-10-15,Dublin,Electronics,Mobile Accessories,489.16,2,0.0,145.08,2024-10,2024Q4,2024,0.2966
102225,2024-10-16,Dublin,Clothing,Footwear,25.3,2,0.1,7.95,2024-10,2024Q4,2024,0.3142
101185,2024-10-16,Galway,Clothing,Accessories,52.11,1,0.0,18.36,2024-10,2024Q4,2024,0.3523
100367,2024-10-16,Dublin,Electronics,Smart Home,171.52,1,0.2,33.86,2024-10,2024Q4,2024,0.1974
101507,2024-10-16,Galway,Grocery,Dairy,22.18,2,0.05,7.05,2024-10,2024Q4,2024,0.3179
103529,2024-10-16,Limerick,Clothing,Kidswear,37.28,4,0.15,9.1,2024-10,2024Q4,2024,0.2441
102443,2024-10-16,Cork,Electronics,Smart Home,428.82,2,0.15,76.02,2024-10,2024Q4,2024,0.1773
104284,2024-10-17,Cork,Clothing,Menswear,48.45,1,0.15,12.37,2024-10,2024Q4,2024,0.2553
103802,2024-10-17,Galway,Clothing,Kidswear,215.85,3,0.0,78.44,2024-10,2024Q4,2024,0.3634
105540,2024-10-17,Cork,Electronics,TVs,29.8,1,0.0,7.71,2024-10,2024Q4,2024,0.2587
101235,2024-10-17,Limerick,Grocery,Beverages,41.95,1,0.0,16.57,2024-10,2024Q4,2024,0.395
103140,2024-10-17,Cork,Grocery,Snacks,17.39,1,0.15,2.65,2024-10,2024Q4,2024,0.1524
103550,2024-10-17,Dublin,Clothing,Menswear,282.76,3,0.2,22.76,2024-10,2024Q4,2024,0.0805
106266,2024-10-17,Limerick,Electronics,Headphones,1046.68,2,0.2,115.78,2024-10,2024Q4,2024,0.1106
104241,2024-10-17,Galway,Electronics,Smart Home,885.82,2,0.0,350.77,2024-10,2024Q4,2024,0.396
100273,2024-10-17,Dublin,Homeware,Storage,1183.12,4,0.0,320.83,2024-10,2024Q4,2024,0.2712
101619,2024-10-18,Galway,Grocery,Snacks,35.72,1,0.0,9.63,2024-10,2024Q4,2024,0.2696
101337,2024-10-18,Limerick,Grocery,Fresh Produce,74.21,2,0.2,5.41,2024-10,2024Q4,2024,0.0729
106441,2024-10-18,Limerick,Grocery,Beverages,43.86,1,0.2,6.46,2024-10,2024Q4,2024,0.1473
100345,2024-10-18,Dublin,Electronics,Laptops,2569.74,4,0.0,715.87,2024-10,2024Q4,2024,0.2786
106027,2024-10-18,Galway,Clothing,Womenswear,9.91,1,0.1,2.04,2024-10,2024Q4,2024,0.2059
103135,2024-10-18,Cork,Clothing,Footwear,72.52,1,0.0,20.52,2024-10,2024Q4,2024,0.283
101487,2024-10-18,Dublin,Electronics,Smart Home,1147.84,2,0.2,168.97,2024-10,2024Q4,2024,0.1472
101017,2024-10-18,Dublin,Clothing,Menswear,249.16,2,0.0,95.31,2024-10,2024Q4,2024,0.3825
103430,2024-10-18,Limerick,Clothing,Kidswear,25.23,1,0.2,5.49,2024-10,2024Q4,2024,0.2176
100070,2024-10-18,Cork,Clothing,Kidswear,28.65,1,0.0,7.5,2024-10,2024Q4,2024,0.2618
100460,2024-10-18,Dublin,Clothing,Footwear,247.57,2,0.1,72.46,2024-10,2024Q4,2024,0.2927
101246,2024-10-18,Dublin,Homeware,Kitchenware,478.95,4,0.15,104.05,2024-10,2024Q4,2024,0.2172
100443,2024-10-18,Galway,Grocery,Beverages,38.6,1,0.0,12.69,2024-10,2024Q4,2024,0.3288
101188,2024-10-18,Dublin,Clothing,Menswear,85.63,2,0.0,35.73,2024-10,2024Q4,2024,0.4173
104579,2024-10-19,Limerick,Grocery,Snacks,17.06,1,0.15,2.02,2024-10,2024Q4,2024,0.1184
101772,2024-10-19,Cork,Grocery,Bakery,140.24,4,0.0,59.98,2024-10,2024Q4,2024,0.4277
104465,2024-10-19,Cork,Grocery,Beverages,11.9,1,0.0,4.26,2024-10,2024Q4,2024,0.358
104147,2024-10-19,Dublin,Grocery,Fresh Produce,9.54,2,0.1,1.75,2024-10,2024Q4,2024,0.1834
100926,2024-10-19,Cork,Electronics,Smart Home,154.58,2,0.0,54.1,2024-10,2024Q4,2024,0.35
101878,2024-10-19,Dublin,Grocery,Dairy,27.8,1,0.2,1.96,2024-10,2024Q4,2024,0.0705
105504,2024-10-19,Dublin,Homeware,Kitchenware,289.91,2,0.0,95.79,2024-10,2024Q4,2024,0.3304
105477,2024-10-19,Cork,Clothing,Footwear,65.67,3,0.05,16.36,2024-10,2024Q4,2024,0.2491
106132,2024-10-20,Dublin,Grocery,Dairy,106.12,3,0.0,38.71,2024-10,2024Q4,2024,0.3648
106403,2024-10-20,Dublin,Electronics,Laptops,823.95,2,0.15,222.6,2024-10,2024Q4,2024,0.2702
105152,2024-10-20,Cork,Grocery,Dairy,27.38,2,0.0,8.71,2024-10,2024Q4,2024,0.3181
104592,2024-10-20,Dublin,Electronics,Mobile Accessories,1850.61,3,0.15,439.94,2024-10,2024Q4,2024,0.2377
100098,2024-10-20,Galway,Homeware,Storage,242.56,1,0.15,63.54,2024-10,2024Q4,2024,0.262
104839,2024-10-20,Galway,Electronics,Smart Home,1299.36,3,0.0,516.12,2024-10,2024Q4,2024,0.3972
105662,2024-10-20,Limerick,Homeware,Bedding,616.83,3,0.0,156.89,2024-10,2024Q4,2024,0.2543
105763,2024-10-21,Dublin,Electronics,Laptops,1012.78,2,0.05,314.08,2024-10,2024Q4,2024,0.3101
104584,2024-10-21,Cork,Clothing,Kidswear,59.3,1,0.0,15.49,2024-10,2024Q4,2024,0.2612
101717,2024-10-21,Dublin,Grocery,Snacks,61.69,4,0.05,18.51,2024-10,2024Q4,2024,0.3
102458,2024-10-21,Galway,Homeware,Storage,20.56,1,0.15,4.07,2024-10,2024Q4,2024,0.198
106219,2024-10-21,Galway,Clothing,Menswear,72.6,1,0.15,15.44,2024-10,2024Q4,2024,0.2127
100119,2024-10-21,Cork,Grocery,Fresh Produce,23.96,1,0.0,7.63,2024-10,2024Q4,2024,0.3184
100095,2024-10-21,Galway,Homeware,Kitchenware,138.1,1,0.1,40.07,2024-10,2024Q4,2024,0.2902
106329,2024-10-21,Galway,Clothing,Menswear,13.95,1,0.0,5.05,2024-10,2024Q4,2024,0.362
102191,2024-10-21,Cork,Homeware,Storage,13.32,1,0.1,2.79,2024-10,2024Q4,2024,0.2095
100191,2024-10-22,Galway,Clothing,Kidswear,123.48,2,0.2,13.05,2024-10,2024Q4,2024,0.1057
101837,2024-10-22,Dublin,Grocery,Bakery,6.39,2,0.05,1.92,2024-10,2024Q4,2024,0.3005
100182,2024-10-22,Dublin,Clothing,Accessories,90.46,2,0.15,16.08,2024-10,2024Q4,2024,0.1778
104818,2024-10-22,Cork,Clothing,Accessories,90.98,1,0.15,25.01,2024-10,2024Q4,2024,0.2749
105016,2024-10-22,Cork,Electronics,Smart Home,214.37,2,0.0,70.0,2024-10,2024Q4,2024,0.3265
106374,2024-10-22,Dublin,Electronics,Mobile Accessories,1650.48,4,0.0,566.5,2024-10,2024Q4,2024,0.3432
100151,2024-10-22,Dublin,Electronics,Headphones,600.37,3,0.2,75.31,2024-10,2024Q4,2024,0.1254
101789,2024-10-22,Dublin,Homeware,Storage,108.01,1,0.15,27.13,2024-10,2024Q4,2024,0.2512
106128,2024-10-22,Dublin,Homeware,Lighting,61.2,1,0.15,9.76,2024-10,2024Q4,2024,0.1595
102155,2024-10-22,Dublin,Clothing,Accessories,80.49,1,0.0,33.39,2024-10,2024Q4,2024,0.4148
101074,2024-10-23,Limerick,Grocery,Snacks,34.46,1,0.2,2.61,2024-10,2024Q4,2024,0.0757
101113,2024-10-23,Galway,Homeware,Bedding,439.76,2,0.2,65.96,2024-10,2024Q4,2024,0.15
100595,2024-10-23,Cork,Homeware,Storage,42.82,2,0.15,11.21,2024-10,2024Q4,2024,0.2618
105889,2024-10-23,Dublin,Grocery,Dairy,14.35,2,0.1,2.39,2024-10,2024Q4,2024,0.1666
101687,2024-10-23,Dublin,Electronics,TVs,1071.29,4,0.0,358.32,2024-10,2024Q4,2024,0.3345
103442,2024-10-23,Limerick,Clothing,Accessories,74.37,1,0.1,23.38,2024-10,2024Q4,2024,0.3144
100643,2024-10-23,Cork,Electronics,Mobile Accessories,300.64,1,0.05,86.63,2024-10,2024Q4,2024,0.2882
103855,2024-10-23,Limerick,Electronics,Mobile Accessories,63.29,1,0.0,23.71,2024-10,2024Q4,2024,0.3746
105764,2024-10-23,Cork,Clothing,Womenswear,200.0,4,0.0,50.21,2024-10,2024Q4,2024,0.251
101357,2024-10-23,Dublin,Homeware,Bedding,65.94,1,0.1,11.07,2024-10,2024Q4,2024,0.1679
104657,2024-10-23,Cork,Electronics,Mobile Accessories,445.22,3,0.0,116.43,2024-10,2024Q4,2024,0.2615
102437,2024-10-23,Dublin,Homeware,Storage,494.11,3,0.0,191.01,2024-10,2024Q4,2024,0.3866
100407,2024-10-23,Galway,Grocery,Dairy,21.16,4,0.05,6.85,2024-10,2024Q4,2024,0.3237
100635,2024-10-23,Limerick,Homeware,Storage,442.56,2,0.0,138.15,2024-10,2024Q4,2024,0.3122
101749,2024-10-23,Dublin,Clothing,Footwear,236.09,2,0.2,24.07,2024-10,2024Q4,2024,0.102
102529,2024-10-24,Cork,Electronics,Mobile Accessories,535.47,2,0.2,45.87,2024-10,2024Q4,2024,0.0857
102325,2024-10-24,Dublin,Electronics,Smart Home,1590.31,3,0.0,493.66,2024-10,2024Q4,2024,0.3104
100721,2024-10-24,Cork,Electronics,Smart Home,117.01,1,0.15,13.97,2024-10,2024Q4,2024,0.1194
103685,2024-10-24,Dublin,Homeware,Bedding,552.51,4,0.15,134.18,2024-10,2024Q4,2024,0.2429
102893,2024-10-24,Dublin,Electronics,Headphones,745.19,1,0.1,112.89,2024-10,2024Q4,2024,0.1515
100971,2024-10-24,Dublin,Clothing,Menswear,495.7,4,0.15,110.28,2024-10,2024Q4,2024,0.2225
100383,2024-10-25,Cork,Grocery,Fresh Produce,3.74,1,0.05,1.39,2024-10,2024Q4,2024,0.3717
102159,2024-10-25,Cork,Homeware,Bedding,259.7,2,0.0,103.68,2024-10,2024Q4,2024,0.3992
100329,2024-10-25,Limerick,Clothing,Menswear,85.08,2,0.05,25.71,2024-10,2024Q4,2024,0.3022
104769,2024-10-25,Dublin,Grocery,Beverages,29.9,1,0.15,7.37,2024-10,2024Q4,2024,0.2465
100564,2024-10-25,Dublin,Clothing,Womenswear,35.68,1,0.0,11.99,2024-10,2024Q4,2024,0.336
103988,2024-10-25,Galway,Clothing,Womenswear,13.2,1,0.0,5.18,2024-10,2024Q4,2024,0.3924
102502,2024-10-25,Galway,Electronics,Smart Home,40.14,1,0.15,7.14,2024-10,2024Q4,2024,0.1779
104449,2024-10-25,Galway,Clothing,Accessories,119.72,2,0.0,41.66,2024-10,2024Q4,2024,0.348
104920,2024-10-25,Limerick,Clothing,Womenswear,66.62,1,0.1,10.26,2024-10,2024Q4,2024,0.154
100246,2024-10-25,Galway,Clothing,Accessories,95.58,1,0.05,32.87,2024-10,2024Q4,2024,0.3439
100828,2024-10-25,Galway,Electronics,Laptops,1185.92,2,0.2,165.36,2024-10,2024Q4,2024,0.1394
102201,2024-10-26,Dublin,Electronics,Mobile Accessories,2645.0,4,0.0,939.83,2024-10,2024Q4,2024,0.3553
106232,2024-10-26,Dublin,Electronics,Mobile Accessories,456.68,1,0.1,77.03,2024-10,2024Q4,2024,0.1687
101726,2024-10-26,Dublin,Clothing,Menswear,56.65,2,0.0,14.7,2024-10,2024Q4,2024,0.2595
100741,2024-10-26,Galway,Clothing,Menswear,25.28,1,0.0,7.23,2024-10,2024Q4,2024,0.286
101296,2024-10-26,Limerick,Electronics,Smart Home,555.89,1,0.0,159.17,2024-10,2024Q4,2024,0.2863
105890,2024-10-26,Dublin,Homeware,Lighting,313.82,1,0.0,80.05,2024-10,2024Q4,2024,0.2551
101084,2024-10-26,Dublin,Clothing,Footwear,281.69,3,0.0,122.46,2024-10,2024Q4,2024,0.4347
106075,2024-10-26,Dublin,Homeware,Lighting,65.54,1,0.1,20.23,2024-10,2024Q4,2024,0.3087
103916,2024-10-26,Galway,Clothing,Footwear,215.58,3,0.05,62.35,2024-10,2024Q4,2024,0.2892
102496,2024-10-27,Cork,Homeware,Bedding,363.28,4,0.1,106.22,2024-10,2024Q4,2024,0.2924
101774,2024-10-27,Cork,Homeware,Lighting,59.22,1,0.2,4.94,2024-10,2024Q4,2024,0.0834
101303,2024-10-27,Cork,Electronics,Mobile Accessories,714.62,2,0.2,172.83,2024-10,2024Q4,2024,0.2418
105178,2024-10-27,Cork,Clothing,Menswear,176.34,2,0.05,45.09,2024-10,2024Q4,2024,0.2557
105760,2024-10-27,Dublin,Homeware,Storage,140.0,2,0.0,62.35,2024-10,2024Q4,2024,0.4454
105312,2024-10-27,Dublin,Clothing,Footwear,51.58,1,0.0,16.13,2024-10,2024Q4,2024,0.3127
103336,2024-10-27,Dublin,Clothing,Menswear,56.92,1,0.15,11.71,2024-10,2024Q4,2024,0.2057
105638,2024-10-27,Galway,Clothing,Accessories,14.19,1,0.05,4.75,2024-10,2024Q4,2024,0.3347
102262,2024-10-27,Limerick,Grocery,Beverages,41.0,1,0.1,9.36,2024-10,2024Q4,2024,0.2283
100388,2024-10-28,Cork,Homeware,Bedding,389.1,3,0.15,76.86,2024-10,2024Q4,2024,0.1975
103501,2024-10-28,Limerick,Grocery,Bakery,45.58,3,0.05,13.74,2024-10,2024Q4,2024,0.3014
104019,2024-10-28,Cork,Homeware,Storage,187.92,2,0.1,58.49,2024-10,2024Q4,2024,0.3112
106277,2024-10-28,Galway,Clothing,Womenswear,408.36,4,0.2,54.9,2024-10,2024Q4,2024,0.1344
103322,2024-10-28,Cork,Grocery,Dairy,90.3,3,0.2,16.7,2024-10,2024Q4,2024,0.1849
102000,2024-10-28,Cork,Electronics,TVs,826.2,3,0.0,263.78,2024-10,2024Q4,2024,0.3193
101603,2024-10-28,Dublin,Clothing,Menswear,348.14,3,0.0,102.49,2024-10,2024Q4,2024,0.2944
104103,2024-10-28,Dublin,Homeware,Bedding,518.93,2,0.2,128.06,2024-10,2024Q4,2024,0.2468
105143,2024-10-28,Galway,Homeware,Kitchenware,20.17,1,0.05,7.52,2024-10,2024Q4,2024,0.3728
104039,2024-10-29,Cork,Grocery,Beverages,10.92,1,0.1,2.65,2024-10,2024Q4,2024,0.2427
104925,2024-10-29,Cork,Electronics,Laptops,503.43,2,0.05,161.98,2024-10,2024Q4,2024,0.3218
101172,2024-10-29,Dublin,Clothing,Kidswear,21.1,1,0.1,5.85,2024-10,2024Q4,2024,0.2773
105781,2024-10-29,Dublin,Homeware,Kitchenware,194.0,1,0.0,67.9,2024-10,2024Q4,2024,0.35
101825,2024-10-29,Galway,Clothing,Footwear,42.15,3,0.0,17.55,2024-10,2024Q4,2024,0.4164
106479,2024-10-29,Dublin,Clothing,Footwear,38.61,1,0.0,14.6,2024-10,2024Q4,2024,0.3781
105361,2024-10-29,Galway,Electronics,TVs,1957.0,4,0.2,197.32,2024-10,2024Q4,2024,0.1008
102711,2024-10-29,Dublin,Electronics,Mobile Accessories,548.93,1,0.0,219.63,2024-10,2024Q4,2024,0.4001
102723,2024-10-29,Dublin,Electronics,Mobile Accessories,1030.54,2,0.2,125.21,2024-10,2024Q4,2024,0.1215
102474,2024-10-29,Limerick,Homeware,Bedding,17.67,1,0.05,5.43,2024-10,2024Q4,2024,0.3073
102002,2024-10-29,Dublin,Grocery,Bakery,28.59,1,0.05,8.67,2024-10,2024Q4,2024,0.3033
103421,2024-10-29,Dublin,Clothing,Footwear,507.2,4,0.1,83.59,2024-10,2024Q4,2024,0.1648
103858,2024-10-29,Dublin,Clothing,Womenswear,165.09,2,0.0,51.59,2024-10,2024Q4,2024,0.3125
106248,2024-10-30,Cork,Homeware,Bedding,117.15,1,0.15,29.41,2024-10,2024Q4,2024,0.251
106472,2024-10-30,Galway,Electronics,Smart Home,142.98,2,0.15,24.53,2024-10,2024Q4,2024,0.1716
100843,2024-10-30,Dublin,Clothing,Womenswear,91.9,1,0.15,16.58,2024-10,2024Q4,2024,0.1804
106350,2024-10-30,Cork,Electronics,TVs,216.67,1,0.0,91.53,2024-10,2024Q4,2024,0.4224
101374,2024-10-30,Cork,Grocery,Bakery,72.84,4,0.0,22.06,2024-10,2024Q4,2024,0.3029
100260,2024-10-31,Limerick,Electronics,Laptops,220.74,1,0.0,94.17,2024-10,2024Q4,2024,0.4266
106001,2024-10-31,Dublin,Electronics,Mobile Accessories,402.06,3,0.05,135.49,2024-10,2024Q4,2024,0.337
100677,2024-10-31,Limerick,Clothing,Womenswear,77.95,1,0.15,10.22,2024-10,2024Q4,2024,0.1311
102415,2024-10-31,Dublin,Clothing,Menswear,58.77,2,0.2,7.11,2024-10,2024Q4,2024,0.121
105876,2024-10-31,Galway,Homeware,Lighting,182.28,1,0.0,50.73,2024-10,2024Q4,2024,0.2783
101115,2024-10-31,Cork,Electronics,TVs,383.41,2,0.1,95.22,2024-10,2024Q4,2024,0.2484
105886,2024-10-31,Dublin,Homeware,Furniture,606.86,2,0.05,163.86,2024-10,2024Q4,2024,0.27
104357,2024-10-31,Galway,Electronics,TVs,1279.22,2,0.05,427.4,2024-10,2024Q4,2024,0.3341
106223,2024-10-31,Galway,Homeware,Bedding,251.0,1,0.15,52.96,2024-10,2024Q4,2024,0.211
106216,2024-10-31,Dublin,Grocery,Snacks,119.44,3,0.05,40.96,2024-10,2024Q4,2024,0.3429
105789,2024-10-31,Cork,Electronics,Headphones,612.38,2,0.0,273.75,2024-10,2024Q4,2024,0.447
104989,2024-10-31,Limerick,Clothing,Kidswear,64.5,2,0.0,16.86,2024-10,2024Q4,2024,0.2614
102422,2024-10-31,Galway,Clothing,Footwear,85.8,3,0.0,24.22,2024-10,2024Q4,2024,0.2823
104842,2024-10-31,Galway,Electronics,Smart Home,1223.73,3,0.2,297.42,2024-10,2024Q4,2024,0.243
102802,2024-11-01,Dublin,Electronics,Headphones,902.12,2,0.0,246.21,2024-11,2024Q4,2024,0.2729
101019,2024-11-01,Galway,Clothing,Footwear,144.27,1,0.2,25.28,2024-11,2024Q4,2024,0.1752
104761,2024-11-01,Cork,Clothing,Menswear,317.35,4,0.0,96.91,2024-11,2024Q4,2024,0.3054
101988,2024-11-01,Limerick,Electronics,Smart Home,539.2,2,0.0,160.16,2024-11,2024Q4,2024,0.297
106133,2024-11-01,Dublin,Homeware,Furniture,1093.85,3,0.0,368.02,2024-11,2024Q4,2024,0.3364
105737,2024-11-01,Dublin,Grocery,Dairy,96.12,2,0.15,21.44,2024-11,2024Q4,2024,0.2231
100086,2024-11-01,Galway,Clothing,Womenswear,162.43,2,0.0,62.29,2024-11,2024Q4,2024,0.3835
100349,2024-11-01,Galway,Clothing,Menswear,63.92,1,0.15,15.02,2024-11,2024Q4,2024,0.235
105258,2024-11-01,Dublin,Homeware,Lighting,104.89,1,0.2,20.59,2024-11,2024Q4,2024,0.1963
101758,2024-11-01,Cork,Grocery,Bakery,10.58,2,0.05,2.79,2024-11,2024Q4,2024,0.2637
106114,2024-11-01,Dublin,Electronics,Mobile Accessories,713.44,2,0.15,156.24,2024-11,2024Q4,2024,0.219
102232,2024-11-02,Galway,Grocery,Fresh Produce,37.94,1,0.05,14.06,2024-11,2024Q4,2024,0.3706
101402,2024-11-02,Dublin,Electronics,Laptops,387.41,2,0.0,147.26,2024-11,2024Q4,2024,0.3801
104638,2024-11-02,Dublin,Grocery,Beverages,59.78,1,0.1,9.12,2024-11,2024Q4,2024,0.1526
101197,2024-11-02,Dublin,Grocery,Fresh Produce,26.15,3,0.15,3.6,2024-11,2024Q4,2024,0.1377
105706,2024-11-02,Dublin,Electronics,Smart Home,750.53,3,0.0,312.25,2024-11,2024Q4,2024,0.416
100185,2024-11-02,Cork,Clothing,Accessories,232.85,4,0.0,87.63,2024-11,2024Q4,2024,0.3763
103641,2024-11-02,Dublin,Homeware,Furniture,120.78,1,0.0,42.33,2024-11,2024Q4,2024,0.3505
103418,2024-11-02,Cork,Clothing,Menswear,448.11,4,0.2,75.1,2024-11,2024Q4,2024,0.1676
103105,2024-11-03,Limerick,Electronics,Smart Home,437.75,4,0.15,112.27,2024-11,2024Q4,2024,0.2565
106101,2024-11-03,Dublin,Homeware,Bedding,513.3,2,0.1,155.82,2024-11,2024Q4,2024,0.3036
103587,2024-11-03,Dublin,Electronics,Laptops,2658.52,4,0.2,546.28,2024-11,2024Q4,2024,0.2055
100496,2024-11-03,Limerick,Homeware,Furniture,91.22,4,0.15,12.36,2024-11,2024Q4,2024,0.1355
100041,2024-11-03,Cork,Clothing,Kidswear,74.3,1,0.1,24.11,2024-11,2024Q4,2024,0.3245
104515,2024-11-03,Dublin,Grocery,Beverages,32.23,1,0.05,12.58,2024-11,2024Q4,2024,0.3903
100498,2024-11-03,Dublin,Clothing,Accessories,535.16,3,0.0,163.38,2024-11,2024Q4,2024,0.3053
102412,2024-11-03,Dublin,Clothing,Kidswear,104.81,2,0.2,14.01,2024-11,2024Q4,2024,0.1337
104752,2024-11-03,Dublin,Grocery,Dairy,142.55,4,0.05,43.59,2024-11,2024Q4,2024,0.3058
103192,2024-11-03,Dublin,Clothing,Womenswear,137.06,1,0.1,35.9,2024-11,2024Q4,2024,0.2619
101179,2024-11-03,Dublin,Homeware,Storage,132.92,2,0.2,26.07,2024-11,2024Q4,2024,0.1961
102376,2024-11-03,Dublin,Clothing,Footwear,281.46,2,0.0,85.72,2024-11,2024Q4,2024,0.3046
101532,2024-11-03,Galway,Homeware,Furniture,345.17,1,0.0,131.86,2024-11,2024Q4,2024,0.382
105900,2024-11-04,Cork,Grocery,Dairy,118.92,4,0.0,35.76,2024-11,2024Q4,2024,0.3007
106180,2024-11-04,Cork,Grocery,Fresh Produce,66.44,4,0.0,23.25,2024-11,2024Q4,2024,0.3499
101050,2024-11-04,Dublin,Grocery,Dairy,119.88,2,0.1,37.56,2024-11,2024Q4,2024,0.3133
103856,2024-11-04,Dublin,Clothing,Footwear,69.07,1,0.05,16.9,2024-11,2024Q4,2024,0.2447
100791,2024-11-04,Cork,Clothing,Menswear,27.16,1,0.1,9.22,2024-11,2024Q4,2024,0.3395
105044,2024-11-04,Galway,Clothing,Kidswear,62.45,1,0.15,15.3,2024-11,2024Q4,2024,0.245
100997,2024-11-05,Limerick,Clothing,Womenswear,53.15,1,0.1,16.92,2024-11,2024Q4,2024,0.3183
104861,2024-11-05,Dublin,Homeware,Bedding,484.06,2,0.0,204.65,2024-11,2024Q4,2024,0.4228
103098,2024-11-05,Dublin,Electronics,TVs,945.92,1,0.2,214.94,2024-11,2024Q4,2024,0.2272
100096,2024-11-05,Dublin,Clothing,Footwear,64.24,2,0.1,17.87,2024-11,2024Q4,2024,0.2782
103980,2024-11-05,Cork,Grocery,Snacks,45.62,2,0.05,11.12,2024-11,2024Q4,2024,0.2438
103148,2024-11-05,Limerick,Clothing,Womenswear,646.69,4,0.2,74.95,2024-11,2024Q4,2024,0.1159
103439,2024-11-05,Dublin,Clothing,Footwear,168.53,1,0.0,60.71,2024-11,2024Q4,2024,0.3602
104801,2024-11-05,Galway,Homeware,Kitchenware,256.98,2,0.15,52.52,2024-11,2024Q4,2024,0.2044
106055,2024-11-05,Dublin,Clothing,Accessories,137.38,1,0.0,53.28,2024-11,2024Q4,2024,0.3878
101955,2024-11-05,Cork,Electronics,Mobile Accessories,521.88,2,0.05,156.56,2024-11,2024Q4,2024,0.3
101365,2024-11-05,Dublin,Clothing,Footwear,248.74,3,0.15,61.18,2024-11,2024Q4,2024,0.246
103941,2024-11-05,Dublin,Homeware,Lighting,566.86,2,0.0,237.33,2024-11,2024Q4,2024,0.4187
104950,2024-11-05,Galway,Clothing,Womenswear,131.33,1,0.0,51.56,2024-11,2024Q4,2024,0.3926
101063,2024-11-06,Dublin,Homeware,Furniture,625.0,2,0.05,185.87,2024-11,2024Q4,2024,0.2974
105717,2024-11-06,Galway,Homeware,Bedding,143.68,3,0.05,28.91,2024-11,2024Q4,2024,0.2012
105023,2024-11-06,Dublin,Homeware,Lighting,337.2,2,0.0,112.27,2024-11,2024Q4,2024,0.3329
105495,2024-11-06,Cork,Grocery,Fresh Produce,37.33,1,0.05,8.52,2024-11,2024Q4,2024,0.2282
101224,2024-11-06,Dublin,Electronics,Mobile Accessories,813.37,2,0.15,102.45,2024-11,2024Q4,2024,0.126
100469,2024-11-06,Dublin,Homeware,Furniture,299.98,2,0.0,93.73,2024-11,2024Q4,2024,0.3125
103884,2024-11-06,Dublin,Homeware,Kitchenware,91.16,1,0.05,18.91,2024-11,2024Q4,2024,0.2074
103795,2024-11-06,Cork,Clothing,Footwear,88.11,3,0.0,24.3,2024-11,2024Q4,2024,0.2758
102804,2024-11-07,Dublin,Electronics,Laptops,956.82,1,0.0,413.96,2024-11,2024Q4,2024,0.4326
104703,2024-11-07,Dublin,Homeware,Bedding,1314.98,4,0.05,288.24,2024-11,2024Q4,2024,0.2192
101989,2024-11-07,Dublin,Clothing,Accessories,248.91,2,0.0,84.01,2024-11,2024Q4,2024,0.3375
102323,2024-11-07,Limerick,Grocery,Bakery,168.44,3,0.0,64.31,2024-11,2024Q4,2024,0.3818
104209,2024-11-07,Dublin,Electronics,Mobile Accessories,2763.27,4,0.0,747.68,2024-11,2024Q4,2024,0.2706
101028,2024-11-07,Dublin,Clothing,Womenswear,390.36,4,0.1,86.01,2024-11,2024Q4,2024,0.2203
102646,2024-11-07,Dublin,Electronics,Smart Home,316.58,1,0.0,86.91,2024-11,2024Q4,2024,0.2745
106369,2024-11-07,Cork,Homeware,Lighting,65.12,1,0.0,20.42,2024-11,2024Q4,2024,0.3136
105054,2024-11-07,Limerick,Grocery,Snacks,32.84,1,0.0,10.26,2024-11,2024Q4,2024,0.3124
103850,2024-11-08,Dublin,Homeware,Furniture,273.7,2,0.15,55.54,2024-11,2024Q4,2024,0.2029
106029,2024-11-08,Dublin,Grocery,Bakery,9.69,1,0.2,1.7,2024-11,2024Q4,2024,0.1754
100266,2024-11-08,Limerick,Electronics,Laptops,179.41,1,0.05,62.33,2024-11,2024Q4,2024,0.3474
104057,2024-11-08,Limerick,Clothing,Womenswear,68.59,3,0.0,24.78,2024-11,2024Q4,2024,0.3613
104800,2024-11-08,Dublin,Homeware,Furniture,250.69,1,0.0,112.05,2024-11,2024Q4,2024,0.447
101860,2024-11-08,Dublin,Electronics,Mobile Accessories,527.73,3,0.1,98.03,2024-11,2024Q4,2024,0.1858
103596,2024-11-08,Dublin,Grocery,Bakery,3.42,1,0.1,1.17,2024-11,2024Q4,2024,0.3421
106023,2024-11-08,Dublin,Homeware,Furniture,233.82,1,0.0,102.77,2024-11,2024Q4,2024,0.4395
102576,2024-11-08,Dublin,Electronics,Mobile Accessories,1040.99,1,0.1,327.94,2024-11,2024Q4,2024,0.315
103378,2024-11-08,Cork,Electronics,Mobile Accessories,133.33,2,0.0,54.92,2024-11,2024Q4,2024,0.4119
105765,2024-11-08,Galway,Homeware,Furniture,467.04,2,0.15,99.78,2024-11,2024Q4,2024,0.2136
101902,2024-11-08,Galway,Grocery,Bakery,10.54,3,0.0,4.28,2024-11,2024Q4,2024,0.4061
101996,2024-11-08,Galway,Homeware,Storage,511.14,2,0.0,144.82,2024-11,2024Q4,2024,0.2833
103577,2024-11-08,Galway,Grocery,Snacks,39.44,1,0.0,17.01,2024-11,2024Q4,2024,0.4313
102326,2024-11-09,Cork,Grocery,Snacks,12.31,3,0.0,4.27,2024-11,2024Q4,2024,0.3469
105755,2024-11-09,Cork,Grocery,Beverages,36.17,1,0.1,10.38,2024-11,2024Q4,2024,0.287
104476,2024-11-09,Galway,Grocery,Beverages,5.92,1,0.15,1.23,2024-11,2024Q4,2024,0.2078
101519,2024-11-09,Galway,Electronics,Smart Home,900.26,1,0.1,196.02,2024-11,2024Q4,2024,0.2177
101585,2024-11-09,Cork,Clothing,Womenswear,67.17,1,0.05,23.27,2024-11,2024Q4,2024,0.3464
104679,2024-11-09,Galway,Clothing,Menswear,201.62,2,0.15,53.87,2024-11,2024Q4,2024,0.2672
102949,2024-11-09,Galway,Clothing,Accessories,56.72,1,0.2,3.15,2024-11,2024Q4,2024,0.0555
102471,2024-11-10,Dublin,Clothing,Menswear,160.03,4,0.0,64.92,2024-11,2024Q4,2024,0.4057
100844,2024-11-10,Dublin,Electronics,TVs,1195.68,2,0.15,164.36,2024-11,2024Q4,2024,0.1375
105410,2024-11-10,Galway,Clothing,Accessories,24.63,1,0.0,10.62,2024-11,2024Q4,2024,0.4312
105852,2024-11-10,Galway,Grocery,Beverages,10.86,1,0.05,3.71,2024-11,2024Q4,2024,0.3416
102716,2024-11-10,Galway,Electronics,Headphones,401.93,1,0.15,60.43,2024-11,2024Q4,2024,0.1503
105870,2024-11-10,Galway,Grocery,Snacks,124.78,3,0.05,34.28,2024-11,2024Q4,2024,0.2747
100936,2024-11-10,Limerick,Grocery,Fresh Produce,31.69,1,0.0,6.59,2024-11,2024Q4,2024,0.208
102404,2024-11-10,Dublin,Grocery,Bakery,80.55,2,0.0,33.28,2024-11,2024Q4,2024,0.4132
104658,2024-11-10,Galway,Electronics,Headphones,559.08,2,0.0,159.16,2024-11,2024Q4,2024,0.2847
102672,2024-11-10,Dublin,Electronics,Mobile Accessories,1180.96,2,0.2,128.16,2024-11,2024Q4,2024,0.1085
104532,2024-11-10,Dublin,Clothing,Womenswear,151.95,2,0.2,28.54,2024-11,2024Q4,2024,0.1878
101908,2024-11-10,Dublin,Homeware,Storage,389.59,3,0.05,85.25,2024-11,2024Q4,2024,0.2188
100186,2024-11-11,Galway,Electronics,TVs,1350.8,3,0.2,75.09,2024-11,2024Q4,2024,0.0556
100546,2024-11-11,Galway,Grocery,Fresh Produce,17.25,1,0.05,3.87,2024-11,2024Q4,2024,0.2243
105618,2024-11-11,Dublin,Grocery,Snacks,62.44,1,0.0,19.61,2024-11,2024Q4,2024,0.3141
101686,2024-11-11,Dublin,Electronics,Smart Home,1539.13,2,0.15,232.82,2024-11,2024Q4,2024,0.1513
103037,2024-11-12,Dublin,Homeware,Furniture,260.29,3,0.15,42.66,2024-11,2024Q4,2024,0.1639
106328,2024-11-12,Galway,Grocery,Fresh Produce,24.33,1,0.0,8.88,2024-11,2024Q4,2024,0.365
100362,2024-11-12,Cork,Homeware,Furniture,836.86,2,0.0,251.04,2024-11,2024Q4,2024,0.3
103787,2024-11-12,Galway,Homeware,Lighting,184.21,2,0.0,52.54,2024-11,2024Q4,2024,0.2852
106428,2024-11-12,Galway,Clothing,Menswear,83.05,1,0.0,30.79,2024-11,2024Q4,2024,0.3707
105602,2024-11-12,Limerick,Clothing,Footwear,300.38,4,0.1,78.78,2024-11,2024Q4,2024,0.2623
106458,2024-11-12,Cork,Electronics,Smart Home,287.03,4,0.0,107.23,2024-11,2024Q4,2024,0.3736
105972,2024-11-12,Cork,Electronics,Laptops,148.31,1,0.2,33.21,2024-11,2024Q4,2024,0.2239
103774,2024-11-12,Cork,Grocery,Fresh Produce,58.52,4,0.2,13.4,2024-11,2024Q4,2024,0.229
105442,2024-11-12,Dublin,Homeware,Bedding,1380.51,3,0.0,347.67,2024-11,2024Q4,2024,0.2518
105035,2024-11-12,Dublin,Electronics,Headphones,167.31,2,0.15,29.81,2024-11,2024Q4,2024,0.1782
101900,2024-11-12,Dublin,Electronics,Smart Home,852.01,3,0.2,89.96,2024-11,2024Q4,2024,0.1056
101352,2024-11-12,Cork,Homeware,Lighting,788.96,2,0.0,206.2,2024-11,2024Q4,2024,0.2614
102103,2024-11-12,Cork,Homeware,Furniture,218.71,2,0.05,83.85,2024-11,2024Q4,2024,0.3834
102922,2024-11-13,Cork,Homeware,Kitchenware,194.32,1,0.0,51.24,2024-11,2024Q4,2024,0.2637
100130,2024-11-13,Galway,Homeware,Furniture,330.32,1,0.1,73.78,2024-11,2024Q4,2024,0.2234
101161,2024-11-13,Dublin,Grocery,Beverages,33.99,1,0.1,10.04,2024-11,2024Q4,2024,0.2954
106106,2024-11-13,Dublin,Clothing,Footwear,56.4,1,0.0,16.27,2024-11,2024Q4,2024,0.2885
103771,2024-11-13,Dublin,Homeware,Storage,603.59,2,0.1,184.96,2024-11,2024Q4,2024,0.3064
102867,2024-11-13,Dublin,Homeware,Bedding,305.9,2,0.0,136.33,2024-11,2024Q4,2024,0.4457
103718,2024-11-13,Galway,Clothing,Footwear,152.36,1,0.2,18.73,2024-11,2024Q4,2024,0.1229
104688,2024-11-13,Cork,Homeware,Lighting,214.28,1,0.1,74.38,2024-11,2024Q4,2024,0.3471
101552,2024-11-13,Galway,Electronics,Headphones,531.26,1,0.0,143.57,2024-11,2024Q4,2024,0.2702
105364,2024-11-13,Dublin,Homeware,Storage,326.01,1,0.0,145.62,2024-11,2024Q4,2024,0.4467
105462,2024-11-13,Cork,Electronics,Mobile Accessories,1362.67,3,0.1,274.07,2024-11,2024Q4,2024,0.2011
104303,2024-11-14,Galway,Electronics,Smart Home,3072.5,4,0.05,644.75,2024-11,2024Q4,2024,0.2098
101760,2024-11-14,Dublin,Grocery,Snacks,49.49,1,0.1,8.49,2024-11,2024Q4,2024,0.1715
106454,2024-11-14,Dublin,Clothing,Accessories,356.65,2,0.0,154.54,2024-11,2024Q4,2024,0.4333
106263,2024-11-14,Limerick,Electronics,Laptops,1130.7,2,0.0,435.96,2024-11,2024Q4,2024,0.3856
105063,2024-11-14,Limerick,Electronics,Headphones,1386.45,4,0.1,455.32,2024-11,2024Q4,2024,0.3284
103242,2024-11-14,Dublin,Homeware,Bedding,314.63,1,0.0,134.24,2024-11,2024Q4,2024,0.4267
104310,2024-11-14,Galway,Clothing,Accessories,191.49,2,0.0,76.37,2024-11,2024Q4,2024,0.3988
100551,2024-11-15,Cork,Homeware,Furniture,95.42,1,0.0,32.78,2024-11,2024Q4,2024,0.3435
105508,2024-11-15,Dublin,Grocery,Fresh Produce,6.86,2,0.1,1.99,2024-11,2024Q4,2024,0.2901
104251,2024-11-15,Dublin,Electronics,Mobile Accessories,1755.77,2,0.0,645.98,2024-11,2024Q4,2024,0.3679
103860,2024-11-15,Dublin,Electronics,Smart Home,684.6,1,0.1,230.47,2024-11,2024Q4,2024,0.3366
105030,2024-11-15,Galway,Grocery,Fresh Produce,71.76,2,0.0,22.1,2024-11,2024Q4,2024,0.308
100661,2024-11-15,Galway,Clothing,Womenswear,98.06,1,0.2,16.12,2024-11,2024Q4,2024,0.1644
105613,2024-11-15,Galway,Electronics,Mobile Accessories,187.85,1,0.15,18.94,2024-11,2024Q4,2024,0.1008
100478,2024-11-15,Limerick,Homeware,Kitchenware,632.72,2,0.1,206.0,2024-11,2024Q4,2024,0.3256
105232,2024-11-15,Galway,Clothing,Kidswear,50.51,1,0.0,17.68,2024-11,2024Q4,2024,0.35
104686,2024-11-15,Galway,Grocery,Fresh Produce,47.71,1,0.0,16.7,2024-11,2024Q4,2024,0.35
105223,2024-11-16,Dublin,Homeware,Furniture,64.88,1,0.1,10.27,2024-11,2024Q4,2024,0.1583
100524,2024-11-16,Dublin,Electronics,TVs,300.49,2,0.2,22.37,2024-11,2024Q4,2024,0.0744
101458,2024-11-16,Dublin,Homeware,Kitchenware,739.25,4,0.0,326.6,2024-11,2024Q4,2024,0.4418
101957,2024-11-16,Dublin,Clothing,Footwear,177.89,3,0.0,65.92,2024-11,2024Q4,2024,0.3706
102207,2024-11-16,Cork,Grocery,Bakery,22.97,3,0.0,9.26,2024-11,2024Q4,2024,0.4031
102018,2024-11-16,Dublin,Clothing,Kidswear,346.21,4,0.15,89.13,2024-11,2024Q4,2024,0.2574
100278,2024-11-16,Dublin,Grocery,Bakery,106.52,4,0.2,8.0,2024-11,2024Q4,2024,0.0751
102632,2024-11-16,Dublin,Homeware,Kitchenware,479.8,1,0.2,110.92,2024-11,2024Q4,2024,0.2312
100358,2024-11-16,Cork,Electronics,Smart Home,603.53,4,0.2,130.53,2024-11,2024Q4,2024,0.2163
105212,2024-11-17,Galway,Homeware,Lighting,413.0,4,0.05,130.05,2024-11,2024Q4,2024,0.3149
102874,2024-11-17,Dublin,Electronics,Smart Home,475.19,1,0.0,122.71,2024-11,2024Q4,2024,0.2582
100462,2024-11-17,Dublin,Grocery,Beverages,80.5,2,0.0,21.93,2024-11,2024Q4,2024,0.2724
103839,2024-11-17,Cork,Grocery,Bakery,17.92,4,0.15,2.11,2024-11,2024Q4,2024,0.1177
101754,2024-11-17,Galway,Electronics,Headphones,143.6,1,0.15,25.87,2024-11,2024Q4,2024,0.1802
102693,2024-11-17,Limerick,Electronics,TVs,124.08,1,0.1,38.09,2024-11,2024Q4,2024,0.307
100188,2024-11-17,Dublin,Clothing,Womenswear,347.5,4,0.1,57.65,2024-11,2024Q4,2024,0.1659
100027,2024-11-17,Dublin,Clothing,Womenswear,134.0,1,0.0,45.13,2024-11,2024Q4,2024,0.3368
102454,2024-11-17,Dublin,Clothing,Womenswear,127.75,3,0.1,29.59,2024-11,2024Q4,2024,0.2316
105622,2024-11-17,Cork,Homeware,Storage,273.2,2,0.05,82.49,2024-11,2024Q4,2024,0.3019
105220,2024-11-17,Galway,Clothing,Kidswear,27.13,2,0.0,9.78,2024-11,2024Q4,2024,0.3605
102996,2024-11-17,Cork,Homeware,Lighting,443.77,3,0.2,61.94,2024-11,2024Q4,2024,0.1396
105323,2024-11-18,Cork,Electronics,Headphones,868.87,4,0.2,168.9,2024-11,2024Q4,2024,0.1944
105626,2024-11-18,Dublin,Homeware,Furniture,357.92,1,0.0,137.82,2024-11,2024Q4,2024,0.3851
105959,2024-11-18,Limerick,Clothing,Womenswear,37.69,1,0.0,11.62,2024-11,2024Q4,2024,0.3083
100745,2024-11-18,Dublin,Homeware,Lighting,179.23,4,0.0,56.99,2024-11,2024Q4,2024,0.318
100451,2024-11-18,Cork,Grocery,Snacks,50.12,4,0.1,14.73,2024-11,2024Q4,2024,0.2939
101241,2024-11-18,Cork,Clothing,Accessories,145.82,2,0.0,43.39,2024-11,2024Q4,2024,0.2976
105158,2024-11-18,Dublin,Clothing,Womenswear,122.23,4,0.1,39.1,2024-11,2024Q4,2024,0.3199
104447,2024-11-18,Cork,Grocery,Fresh Produce,11.0,2,0.0,3.24,2024-11,2024Q4,2024,0.2945
103500,2024-11-19,Dublin,Clothing,Accessories,86.26,3,0.15,11.71,2024-11,2024Q4,2024,0.1358
102956,2024-11-19,Galway,Electronics,TVs,3505.82,4,0.0,1398.92,2024-11,2024Q4,2024,0.399
103066,2024-11-19,Galway,Grocery,Snacks,102.44,3,0.1,25.08,2024-11,2024Q4,2024,0.2448
100447,2024-11-19,Dublin,Grocery,Dairy,107.95,3,0.2,21.3,2024-11,2024Q4,2024,0.1973
103495,2024-11-19,Galway,Electronics,Headphones,763.45,1,0.15,181.29,2024-11,2024Q4,2024,0.2375
103018,2024-11-19,Dublin,Grocery,Snacks,96.41,2,0.05,23.34,2024-11,2024Q4,2024,0.2421
105478,2024-11-19,Galway,Clothing,Womenswear,102.7,2,0.0,29.16,2024-11,2024Q4,2024,0.2839
103763,2024-11-19,Cork,Clothing,Menswear,17.61,1,0.1,3.8,2024-11,2024Q4,2024,0.2158
105908,2024-11-20,Cork,Grocery,Beverages,98.78,4,0.1,21.72,2024-11,2024Q4,2024,0.2199
103911,2024-11-20,Dublin,Electronics,Smart Home,2272.18,3,0.15,466.16,2024-11,2024Q4,2024,0.2052
101879,2024-11-20,Limerick,Homeware,Kitchenware,395.67,2,0.0,126.0,2024-11,2024Q4,2024,0.3184
106417,2024-11-20,Dublin,Homeware,Kitchenware,1396.45,4,0.2,176.62,2024-11,2024Q4,2024,0.1265
104919,2024-11-20,Dublin,Grocery,Snacks,66.51,3,0.0,17.91,2024-11,2024Q4,2024,0.2693
103497,2024-11-20,Cork,Homeware,Lighting,687.5,3,0.15,120.33,2024-11,2024Q4,2024,0.175
103958,2024-11-20,Cork,Electronics,Smart Home,761.7,2,0.15,193.19,2024-11,2024Q4,2024,0.2536
104065,2024-11-20,Limerick,Clothing,Footwear,135.41,4,0.1,43.44,2024-11,2024Q4,2024,0.3208
104403,2024-11-21,Galway,Grocery,Snacks,58.3,2,0.0,19.25,2024-11,2024Q4,2024,0.3302
101653,2024-11-21,Galway,Electronics,Smart Home,1794.32,3,0.15,253.93,2024-11,2024Q4,2024,0.1415
102104,2024-11-21,Galway,Homeware,Lighting,285.28,1,0.05,88.26,2024-11,2024Q4,2024,0.3094
102465,2024-11-21,Dublin,Clothing,Menswear,359.87,2,0.15,67.65,2024-11,2024Q4,2024,0.188
102643,2024-11-21,Dublin,Grocery,Snacks,16.53,1,0.1,4.98,2024-11,2024Q4,2024,0.3013
102743,2024-11-21,Dublin,Grocery,Snacks,22.23,1,0.1,5.99,2024-11,2024Q4,2024,0.2695
103595,2024-11-22,Dublin,Electronics,TVs,1896.71,2,0.1,542.61,2024-11,2024Q4,2024,0.2861
103822,2024-11-22,Galway,Grocery,Fresh Produce,42.91,1,0.15,8.49,2024-11,2024Q4,2024,0.1979
104068,2024-11-22,Dublin,Clothing,Kidswear,89.47,1,0.0,26.64,2024-11,2024Q4,2024,0.2978
105146,2024-11-22,Dublin,Clothing,Footwear,43.84,1,0.0,16.65,2024-11,2024Q4,2024,0.3798
101086,2024-11-22,Galway,Electronics,Headphones,676.62,2,0.15,74.35,2024-11,2024Q4,2024,0.1099
105374,2024-11-22,Cork,Homeware,Storage,300.34,3,0.0,115.91,2024-11,2024Q4,2024,0.3859
103087,2024-11-22,Limerick,Grocery,Dairy,61.82,2,0.0,22.1,2024-11,2024Q4,2024,0.3575
102081,2024-11-22,Dublin,Homeware,Bedding,349.66,1,0.0,152.74,2024-11,2024Q4,2024,0.4368
102178,2024-11-22,Dublin,Clothing,Kidswear,81.97,1,0.15,24.17,2024-11,2024Q4,2024,0.2949
101761,2024-11-22,Limerick,Homeware,Storage,340.94,1,0.05,127.45,2024-11,2024Q4,2024,0.3738
104520,2024-11-23,Cork,Grocery,Snacks,52.36,1,0.2,2.9,2024-11,2024Q4,2024,0.0554
105441,2024-11-23,Dublin,Homeware,Storage,114.05,2,0.0,35.02,2024-11,2024Q4,2024,0.3071
106337,2024-11-23,Dublin,Electronics,Smart Home,327.22,2,0.05,126.95,2024-11,2024Q4,2024,0.388
103694,2024-11-23,Dublin,Grocery,Fresh Produce,46.48,1,0.15,5.19,2024-11,2024Q4,2024,0.1117
100294,2024-11-23,Dublin,Electronics,TVs,830.79,2,0.15,99.37,2024-11,2024Q4,2024,0.1196
101401,2024-11-23,Dublin,Clothing,Menswear,104.89,1,0.05,41.46,2024-11,2024Q4,2024,0.3953
103956,2024-11-23,Limerick,Electronics,Mobile Accessories,1796.31,4,0.05,709.03,2024-11,2024Q4,2024,0.3947
102514,2024-11-23,Dublin,Electronics,Laptops,247.73,3,0.0,106.37,2024-11,2024Q4,2024,0.4294
102714,2024-11-23,Cork,Clothing,Womenswear,128.69,1,0.0,32.48,2024-11,2024Q4,2024,0.2524
103764,2024-11-23,Dublin,Clothing,Womenswear,379.88,3,0.05,130.45,2024-11,2024Q4,2024,0.3434
105450,2024-11-23,Cork,Clothing,Womenswear,50.46,1,0.15,12.36,2024-11,2024Q4,2024,0.2449
102050,2024-11-23,Galway,Grocery,Fresh Produce,48.33,1,0.2,4.05,2024-11,2024Q4,2024,0.0838
103639,2024-11-23,Dublin,Grocery,Snacks,120.14,2,0.0,48.47,2024-11,2024Q4,2024,0.4034
101680,2024-11-24,Dublin,Grocery,Dairy,83.24,2,0.0,31.15,2024-11,2024Q4,2024,0.3742
100506,2024-11-24,Dublin,Electronics,Mobile Accessories,210.56,1,0.1,39.1,2024-11,2024Q4,2024,0.1857
102948,2024-11-24,Galway,Homeware,Bedding,282.18,2,0.05,69.89,2024-11,2024Q4,2024,0.2477
100766,2024-11-24,Dublin,Electronics,Smart Home,907.61,1,0.0,329.1,2024-11,2024Q4,2024,0.3626
105594,2024-11-24,Dublin,Homeware,Storage,499.45,2,0.0,56.0,2024-11,2024Q4,2024,0.1121
105881,2024-11-24,Dublin,Clothing,Kidswear,146.19,4,0.1,40.18,2024-11,2024Q4,2024,0.2748
101267,2024-11-24,Dublin,Electronics,Mobile Accessories,137.85,2,0.0,41.77,2024-11,2024Q4,2024,0.303
103417,2024-11-24,Dublin,Grocery,Dairy,57.53,1,0.0,24.86,2024-11,2024Q4,2024,0.4321
106119,2024-11-24,Dublin,Grocery,Snacks,48.53,1,0.0,15.23,2024-11,2024Q4,2024,0.3138
103585,2024-11-24,Dublin,Electronics,Mobile Accessories,511.34,1,0.0,137.13,2024-11,2024Q4,2024,0.2682
104141,2024-11-24,Cork,Grocery,Bakery,67.49,3,0.0,23.75,2024-11,2024Q4,2024,0.3519
100043,2024-11-25,Cork,Clothing,Womenswear,365.4,4,0.2,37.57,2024-11,2024Q4,2024,0.1028
105636,2024-11-25,Dublin,Electronics,Laptops,600.85,1,0.0,158.22,2024-11,2024Q4,2024,0.2633
100311,2024-11-25,Dublin,Homeware,Kitchenware,164.98,1,0.0,44.68,2024-11,2024Q4,2024,0.2708
106236,2024-11-25,Dublin,Homeware,Kitchenware,335.01,4,0.15,44.46,2024-11,2024Q4,2024,0.1327
103046,2024-11-25,Cork,Homeware,Kitchenware,450.24,4,0.1,120.48,2024-11,2024Q4,2024,0.2676
101975,2024-11-25,Cork,Grocery,Bakery,34.36,2,0.0,11.68,2024-11,2024Q4,2024,0.3399
102395,2024-11-25,Dublin,Clothing,Footwear,260.4,2,0.0,90.42,2024-11,2024Q4,2024,0.3472
101387,2024-11-25,Galway,Homeware,Storage,1045.63,4,0.2,156.84,2024-11,2024Q4,2024,0.15
104893,2024-11-25,Dublin,Homeware,Bedding,70.21,1,0.0,22.92,2024-11,2024Q4,2024,0.3264
101024,2024-11-25,Galway,Clothing,Womenswear,102.37,4,0.0,31.5,2024-11,2024Q4,2024,0.3077
104773,2024-11-26,Dublin,Electronics,Smart Home,613.99,1,0.0,188.19,2024-11,2024Q4,2024,0.3065
104876,2024-11-26,Dublin,Homeware,Furniture,959.0,3,0.0,242.68,2024-11,2024Q4,2024,0.2531
106238,2024-11-26,Limerick,Homeware,Lighting,342.9,1,0.1,85.73,2024-11,2024Q4,2024,0.25
102796,2024-11-26,Galway,Homeware,Storage,581.56,2,0.2,39.35,2024-11,2024Q4,2024,0.0677
102300,2024-11-26,Galway,Clothing,Kidswear,219.1,2,0.05,70.29,2024-11,2024Q4,2024,0.3208
103652,2024-11-26,Limerick,Homeware,Kitchenware,264.61,1,0.15,48.26,2024-11,2024Q4,2024,0.1824
104189,2024-11-26,Dublin,Clothing,Footwear,46.17,3,0.2,3.5,2024-11,2024Q4,2024,0.0758
106484,2024-11-26,Cork,Homeware,Kitchenware,206.0,2,0.05,82.29,2024-11,2024Q4,2024,0.3995
100133,2024-11-26,Limerick,Grocery,Bakery,62.87,2,0.05,17.21,2024-11,2024Q4,2024,0.2737
100172,2024-11-26,Limerick,Homeware,Furniture,797.36,2,0.0,223.91,2024-11,2024Q4,2024,0.2808
105590,2024-11-26,Dublin,Homeware,Furniture,1417.25,4,0.0,400.81,2024-11,2024Q4,2024,0.2828
102732,2024-11-26,Galway,Homeware,Storage,131.68,1,0.1,27.36,2024-11,2024Q4,2024,0.2078
103231,2024-11-26,Dublin,Homeware,Bedding,174.94,1,0.0,17.75,2024-11,2024Q4,2024,0.1015
104412,2024-11-27,Limerick,Clothing,Kidswear,82.08,1,0.0,26.23,2024-11,2024Q4,2024,0.3196
104589,2024-11-27,Limerick,Grocery,Fresh Produce,99.25,2,0.2,17.18,2024-11,2024Q4,2024,0.1731
101156,2024-11-27,Dublin,Electronics,Laptops,1110.32,2,0.05,296.49,2024-11,2024Q4,2024,0.267
103679,2024-11-27,Cork,Clothing,Womenswear,303.18,2,0.15,44.57,2024-11,2024Q4,2024,0.147
100129,2024-11-28,Dublin,Clothing,Kidswear,115.08,4,0.0,46.19,2024-11,2024Q4,2024,0.4014
105861,2024-11-28,Limerick,Grocery,Bakery,241.32,4,0.1,59.66,2024-11,2024Q4,2024,0.2472
106259,2024-11-28,Galway,Clothing,Accessories,92.27,1,0.2,12.14,2024-11,2024Q4,2024,0.1316
103117,2024-11-28,Limerick,Homeware,Furniture,237.47,1,0.15,58.21,2024-11,2024Q4,2024,0.2451
102860,2024-11-28,Dublin,Homeware,Bedding,298.62,1,0.1,102.25,2024-11,2024Q4,2024,0.3424
104225,2024-11-28,Dublin,Homeware,Lighting,23.63,1,0.0,6.96,2024-11,2024Q4,2024,0.2945
106335,2024-11-28,Galway,Electronics,TVs,720.3,2,0.0,214.81,2024-11,2024Q4,2024,0.2982
106289,2024-11-28,Galway,Grocery,Beverages,12.5,1,0.15,3.67,2024-11,2024Q4,2024,0.2936
102006,2024-11-29,Dublin,Homeware,Storage,220.17,1,0.0,61.73,2024-11,2024Q4,2024,0.2804
105093,2024-11-29,Limerick,Homeware,Storage,563.25,2,0.2,100.92,2024-11,2024Q4,2024,0.1792
103144,2024-11-29,Dublin,Clothing,Footwear,30.17,1,0.0,10.45,2024-11,2024Q4,2024,0.3464
100829,2024-11-29,Dublin,Homeware,Furniture,112.93,1,0.05,44.57,2024-11,2024Q4,2024,0.3947
104369,2024-11-29,Limerick,Electronics,Mobile Accessories,1545.4,2,0.0,578.64,2024-11,2024Q4,2024,0.3744
103972,2024-11-29,Limerick,Electronics,Headphones,635.35,1,0.0,159.35,2024-11,2024Q4,2024,0.2508
101618,2024-11-29,Galway,Grocery,Bakery,101.19,2,0.0,32.23,2024-11,2024Q4,2024,0.3185
103354,2024-11-29,Galway,Clothing,Footwear,340.16,3,0.2,18.31,2024-11,2024Q4,2024,0.0538
100868,2024-11-29,Galway,Homeware,Storage,632.18,3,0.1,120.88,2024-11,2024Q4,2024,0.1912
104036,2024-11-30,Limerick,Clothing,Accessories,186.54,2,0.2,26.87,2024-11,2024Q4,2024,0.144
101386,2024-11-30,Galway,Grocery,Snacks,89.32,2,0.0,29.88,2024-11,2024Q4,2024,0.3345
102452,2024-11-30,Limerick,Homeware,Furniture,839.94,2,0.1,244.06,2024-11,2024Q4,2024,0.2906
101449,2024-11-30,Limerick,Clothing,Accessories,350.73,4,0.2,28.79,2024-11,2024Q4,2024,0.0821
104932,2024-11-30,Limerick,Electronics,Laptops,824.8,2,0.0,264.99,2024-11,2024Q4,2024,0.3213
103348,2024-11-30,Dublin,Clothing,Footwear,68.96,1,0.0,22.55,2024-11,2024Q4,2024,0.327
103433,2024-11-30,Limerick,Electronics,Smart Home,308.15,1,0.15,53.05,2024-11,2024Q4,2024,0.1722
100695,2024-11-30,Cork,Electronics,Headphones,327.91,1,0.15,69.29,2024-11,2024Q4,2024,0.2113
101122,2024-11-30,Dublin,Grocery,Beverages,92.88,3,0.1,20.02,2024-11,2024Q4,2024,0.2155
101706,2024-11-30,Cork,Clothing,Kidswear,130.77,1,0.0,36.71,2024-11,2024Q4,2024,0.2807
104784,2024-11-30,Limerick,Clothing,Womenswear,61.88,1,0.05,23.78,2024-11,2024Q4,2024,0.3843
103353,2024-11-30,Cork,Homeware,Kitchenware,1563.46,4,0.0,601.04,2024-11,2024Q4,2024,0.3844
105640,2024-12-01,Limerick,Electronics,Headphones,451.21,1,0.1,115.28,2024-12,2024Q4,2024,0.2555
104178,2024-12-01,Dublin,Grocery,Snacks,24.76,2,0.0,11.1,2024-12,2024Q4,2024,0.4483
101664,2024-12-01,Dublin,Homeware,Bedding,187.03,1,0.2,31.07,2024-12,2024Q4,2024,0.1661
103296,2024-12-01,Dublin,Grocery,Dairy,38.54,2,0.05,11.05,2024-12,2024Q4,2024,0.2867
101645,2024-12-01,Cork,Clothing,Accessories,321.86,2,0.1,78.26,2024-12,2024Q4,2024,0.2431
100501,2024-12-01,Cork,Clothing,Menswear,42.14,1,0.0,14.41,2024-12,2024Q4,2024,0.342
101742,2024-12-01,Dublin,Grocery,Fresh Produce,19.17,1,0.0,6.4,2024-12,2024Q4,2024,0.3339
104210,2024-12-01,Limerick,Grocery,Beverages,68.28,2,0.1,13.32,2024-12,2024Q4,2024,0.1951
103643,2024-12-01,Dublin,Electronics,Laptops,74.19,1,0.0,32.97,2024-12,2024Q4,2024,0.4444
101658,2024-12-01,Dublin,Grocery,Snacks,14.1,1,0.05,5.17,2024-12,2024Q4,2024,0.3667
101408,2024-12-01,Cork,Clothing,Accessories,258.8,2,0.05,74.49,2024-12,2024Q4,2024,0.2878
106355,2024-12-01,Dublin,Electronics,Laptops,106.29,1,0.15,17.94,2024-12,2024Q4,2024,0.1688
104175,2024-12-02,Galway,Clothing,Menswear,30.36,2,0.15,3.93,2024-12,2024Q4,2024,0.1294
102026,2024-12-02,Cork,Grocery,Dairy,19.04,2,0.15,5.29,2024-12,2024Q4,2024,0.2778
102029,2024-12-02,Galway,Grocery,Bakery,101.75,4,0.2,22.18,2024-12,2024Q4,2024,0.218
100157,2024-12-02,Dublin,Grocery,Dairy,78.8,4,0.1,20.12,2024-12,2024Q4,2024,0.2553
105911,2024-12-02,Cork,Electronics,Mobile Accessories,407.55,4,0.1,67.38,2024-12,2024Q4,2024,0.1653
100825,2024-12-02,Limerick,Clothing,Footwear,83.75,1,0.15,23.6,2024-12,2024Q4,2024,0.2818
103004,2024-12-02,Limerick,Homeware,Kitchenware,21.88,1,0.05,7.65,2024-12,2024Q4,2024,0.3496
106215,2024-12-03,Galway,Electronics,Headphones,598.74,1,0.0,238.67,2024-12,2024Q4,2024,0.3986
106212,2024-12-03,Cork,Electronics,Headphones,203.13,3,0.0,62.81,2024-12,2024Q4,2024,0.3092
100592,2024-12-03,Limerick,Electronics,TVs,2616.6,4,0.05,796.42,2024-12,2024Q4,2024,0.3044
101077,2024-12-03,Limerick,Electronics,Laptops,1867.43,4,0.1,315.85,2024-12,2024Q4,2024,0.1691
103561,2024-12-03,Limerick,Homeware,Kitchenware,213.35,1,0.0,71.55,2024-12,2024Q4,2024,0.3354
106201,2024-12-03,Cork,Homeware,Lighting,422.4,2,0.2,26.24,2024-12,2024Q4,2024,0.0621
103925,2024-12-03,Dublin,Clothing,Accessories,21.07,1,0.05,4.58,2024-12,2024Q4,2024,0.2174
102942,2024-12-03,Cork,Homeware,Kitchenware,467.82,2,0.0,150.99,2024-12,2024Q4,2024,0.3228
105268,2024-12-03,Dublin,Homeware,Kitchenware,93.91,3,0.15,20.56,2024-12,2024Q4,2024,0.2189
101872,2024-12-04,Galway,Clothing,Accessories,368.59,3,0.2,19.14,2024-12,2024Q4,2024,0.0519
104237,2024-12-04,Dublin,Electronics,Smart Home,1602.59,3,0.15,347.75,2024-12,2024Q4,2024,0.217
105097,2024-12-04,Cork,Electronics,Smart Home,391.16,4,0.0,106.74,2024-12,2024Q4,2024,0.2729
104608,2024-12-04,Cork,Electronics,Laptops,194.1,1,0.0,49.99,2024-12,2024Q4,2024,0.2575
100412,2024-12-04,Dublin,Homeware,Kitchenware,149.23,1,0.0,57.67,2024-12,2024Q4,2024,0.3865
101221,2024-12-04,Galway,Grocery,Dairy,17.44,1,0.2,3.87,2024-12,2024Q4,2024,0.2219
104182,2024-12-04,Dublin,Clothing,Menswear,226.53,2,0.05,57.18,2024-12,2024Q4,2024,0.2524
105426,2024-12-04,Galway,Clothing,Womenswear,286.36,4,0.05,90.56,2024-12,2024Q4,2024,0.3162
103703,2024-12-04,Cork,Electronics,Laptops,279.31,2,0.0,91.42,2024-12,2024Q4,2024,0.3273
102450,2024-12-04,Cork,Homeware,Kitchenware,146.8,1,0.0,51.34,2024-12,2024Q4,2024,0.3497
101714,2024-12-04,Cork,Grocery,Fresh Produce,41.16,2,0.1,14.06,2024-12,2024Q4,2024,0.3416
104307,2024-12-05,Cork,Grocery,Fresh Produce,27.51,3,0.2,3.72,2024-12,2024Q4,2024,0.1352
101315,2024-12-05,Dublin,Clothing,Accessories,417.79,3,0.05,99.86,2024-12,2024Q4,2024,0.239
106162,2024-12-05,Galway,Grocery,Dairy,12.91,1,0.05,2.65,2024-12,2024Q4,2024,0.2053
106391,2024-12-05,Dublin,Homeware,Bedding,442.07,2,0.15,80.31,2024-12,2024Q4,2024,0.1817
104063,2024-12-05,Galway,Electronics,Smart Home,370.6,1,0.2,71.09,2024-12,2024Q4,2024,0.1918
104940,2024-12-05,Dublin,Clothing,Menswear,68.86,1,0.05,23.93,2024-12,2024Q4,2024,0.3475
104122,2024-12-05,Galway,Electronics,TVs,399.29,3,0.0,116.38,2024-12,2024Q4,2024,0.2915
105628,2024-12-05,Dublin,Electronics,Smart Home,1225.09,2,0.0,379.71,2024-12,2024Q4,2024,0.3099
106084,2024-12-05,Limerick,Electronics,TVs,494.37,1,0.15,98.87,2024-12,2024Q4,2024,0.2
106239,2024-12-05,Cork,Homeware,Bedding,211.22,1,0.1,65.49,2024-12,2024Q4,2024,0.3101
102674,2024-12-05,Galway,Electronics,Mobile Accessories,3496.36,4,0.0,1342.3,2024-12,2024Q4,2024,0.3839
101499,2024-12-06,Cork,Clothing,Menswear,19.27,1,0.2,1.98,2024-12,2024Q4,2024,0.1028
105546,2024-12-06,Dublin,Homeware,Furniture,890.04,2,0.0,259.35,2024-12,2024Q4,2024,0.2914
100221,2024-12-06,Dublin,Electronics,Laptops,2949.78,3,0.0,886.78,2024-12,2024Q4,2024,0.3006
101421,2024-12-06,Limerick,Homeware,Bedding,498.32,2,0.0,142.18,2024-12,2024Q4,2024,0.2853
100694,2024-12-06,Galway,Electronics,Laptops,1292.34,2,0.0,490.61,2024-12,2024Q4,2024,0.3796
104006,2024-12-06,Dublin,Grocery,Beverages,50.09,1,0.0,18.23,2024-12,2024Q4,2024,0.3639
105487,2024-12-06,Dublin,Clothing,Kidswear,60.1,1,0.0,21.03,2024-12,2024Q4,2024,0.3499
103524,2024-12-06,Galway,Clothing,Kidswear,303.72,4,0.15,89.49,2024-12,2024Q4,2024,0.2946
103122,2024-12-06,Dublin,Homeware,Storage,445.2,2,0.0,155.82,2024-12,2024Q4,2024,0.35
103222,2024-12-06,Galway,Electronics,Smart Home,2277.7,3,0.05,791.6,2024-12,2024Q4,2024,0.3475
103600,2024-12-06,Dublin,Grocery,Snacks,62.79,4,0.0,17.99,2024-12,2024Q4,2024,0.2865
106182,2024-12-06,Dublin,Clothing,Accessories,60.44,1,0.15,10.72,2024-12,2024Q4,2024,0.1774
102951,2024-12-07,Dublin,Grocery,Dairy,178.0,4,0.15,51.41,2024-12,2024Q4,2024,0.2888
106411,2024-12-07,Dublin,Electronics,Headphones,1571.54,3,0.1,508.11,2024-12,2024Q4,2024,0.3233
100594,2024-12-07,Galway,Clothing,Menswear,331.0,3,0.0,124.76,2024-12,2024Q4,2024,0.3769
102498,2024-12-07,Limerick,Homeware,Kitchenware,1463.0,4,0.0,438.7,2024-12,2024Q4,2024,0.2999
101525,2024-12-07,Cork,Grocery,Fresh Produce,73.22,2,0.2,4.11,2024-12,2024Q4,2024,0.0561
104614,2024-12-07,Dublin,Clothing,Womenswear,171.06,1,0.0,46.47,2024-12,2024Q4,2024,0.2717
102190,2024-12-07,Cork,Grocery,Bakery,26.55,1,0.2,1.62,2024-12,2024Q4,2024,0.061
104748,2024-12-07,Dublin,Electronics,TVs,2028.5,2,0.2,496.57,2024-12,2024Q4,2024,0.2448
101719,2024-12-07,Dublin,Homeware,Storage,816.27,4,0.2,53.96,2024-12,2024Q4,2024,0.0661
105113,2024-12-07,Dublin,Homeware,Furniture,611.72,3,0.05,206.62,2024-12,2024Q4,2024,0.3378
105945,2024-12-07,Cork,Clothing,Kidswear,37.23,1,0.0,11.58,2024-12,2024Q4,2024,0.311
102186,2024-12-07,Cork,Grocery,Dairy,124.1,4,0.15,23.79,2024-12,2024Q4,2024,0.1917
101181,2024-12-07,Galway,Electronics,Headphones,1222.48,4,0.0,354.15,2024-12,2024Q4,2024,0.2897
105295,2024-12-08,Dublin,Clothing,Womenswear,115.29,3,0.0,29.78,2024-12,2024Q4,2024,0.2583
100500,2024-12-08,Dublin,Clothing,Footwear,180.63,1,0.2,17.33,2024-12,2024Q4,2024,0.0959
102391,2024-12-08,Dublin,Homeware,Furniture,1140.12,3,0.0,313.53,2024-12,2024Q4,2024,0.275
103953,2024-12-08,Dublin,Clothing,Footwear,76.19,2,0.05,15.63,2024-12,2024Q4,2024,0.2051
104110,2024-12-08,Dublin,Clothing,Accessories,77.42,1,0.0,22.23,2024-12,2024Q4,2024,0.2871
106457,2024-12-08,Dublin,Grocery,Dairy,218.32,4,0.0,79.55,2024-12,2024Q4,2024,0.3644
105080,2024-12-08,Limerick,Homeware,Furniture,176.53,1,0.05,40.86,2024-12,2024Q4,2024,0.2315
104049,2024-12-08,Galway,Grocery,Fresh Produce,64.57,2,0.15,19.22,2024-12,2024Q4,2024,0.2977
100802,2024-12-08,Limerick,Homeware,Furniture,217.41,1,0.0,89.31,2024-12,2024Q4,2024,0.4108
102064,2024-12-09,Galway,Homeware,Lighting,753.34,2,0.15,205.58,2024-12,2024Q4,2024,0.2729
102401,2024-12-09,Limerick,Grocery,Fresh Produce,185.88,4,0.0,77.39,2024-12,2024Q4,2024,0.4163
105975,2024-12-09,Cork,Electronics,Smart Home,295.36,1,0.0,98.68,2024-12,2024Q4,2024,0.3341
104409,2024-12-09,Cork,Electronics,Laptops,694.36,2,0.0,285.69,2024-12,2024Q4,2024,0.4114
102088,2024-12-09,Cork,Electronics,Laptops,341.37,1,0.0,117.88,2024-12,2024Q4,2024,0.3453
102676,2024-12-09,Cork,Grocery,Dairy,33.87,3,0.05,7.73,2024-12,2024Q4,2024,0.2282
104830,2024-12-09,Limerick,Grocery,Beverages,46.1,1,0.0,17.09,2024-12,2024Q4,2024,0.3707
103492,2024-12-10,Dublin,Electronics,Headphones,635.82,1,0.0,173.26,2024-12,2024Q4,2024,0.2725
104029,2024-12-10,Dublin,Homeware,Lighting,465.1,1,0.2,44.06,2024-12,2024Q4,2024,0.0947
101853,2024-12-10,Cork,Grocery,Bakery,89.34,3,0.2,12.96,2024-12,2024Q4,2024,0.1451
105741,2024-12-10,Cork,Homeware,Kitchenware,96.18,2,0.05,31.45,2024-12,2024Q4,2024,0.327
105916,2024-12-10,Limerick,Homeware,Kitchenware,315.2,1,0.0,97.4,2024-12,2024Q4,2024,0.309
106445,2024-12-10,Galway,Homeware,Furniture,55.52,1,0.0,15.31,2024-12,2024Q4,2024,0.2758
102340,2024-12-10,Cork,Electronics,Laptops,671.69,2,0.0,279.61,2024-12,2024Q4,2024,0.4163
102012,2024-12-10,Limerick,Electronics,Mobile Accessories,304.95,1,0.0,109.89,2024-12,2024Q4,2024,0.3604
102080,2024-12-10,Cork,Clothing,Kidswear,58.29,1,0.1,18.56,2024-12,2024Q4,2024,0.3184
103944,2024-12-10,Cork,Homeware,Bedding,103.36,1,0.0,28.26,2024-12,2024Q4,2024,0.2734
101112,2024-12-10,Cork,Electronics,Headphones,54.75,1,0.05,11.93,2024-12,2024Q4,2024,0.2179
103168,2024-12-11,Galway,Homeware,Kitchenware,113.4,4,0.0,34.76,2024-12,2024Q4,2024,0.3065
101648,2024-12-11,Galway,Electronics,Headphones,566.24,2,0.15,108.07,2024-12,2024Q4,2024,0.1909
102644,2024-12-11,Galway,Electronics,TVs,1230.22,3,0.0,464.44,2024-12,2024Q4,2024,0.3775
104894,2024-12-11,Dublin,Grocery,Dairy,137.99,3,0.0,45.05,2024-12,2024Q4,2024,0.3265
101144,2024-12-11,Galway,Electronics,Mobile Accessories,1275.74,2,0.05,287.95,2024-12,2024Q4,2024,0.2257
101703,2024-12-11,Limerick,Grocery,Bakery,12.94,1,0.05,4.84,2024-12,2024Q4,2024,0.374
104402,2024-12-11,Dublin,Clothing,Footwear,195.55,2,0.15,46.73,2024-12,2024Q4,2024,0.239
101276,2024-12-11,Dublin,Homeware,Furniture,701.25,4,0.05,172.23,2024-12,2024Q4,2024,0.2456
102543,2024-12-12,Dublin,Homeware,Lighting,851.53,2,0.15,220.9,2024-12,2024Q4,2024,0.2594
100945,2024-12-12,Limerick,Electronics,Laptops,627.31,4,0.1,107.6,2024-12,2024Q4,2024,0.1715
105798,2024-12-12,Cork,Grocery,Dairy,13.13,2,0.05,3.83,2024-12,2024Q4,2024,0.2917
105379,2024-12-12,Galway,Clothing,Accessories,277.93,4,0.0,104.69,2024-12,2024Q4,2024,0.3767
102470,2024-12-12,Dublin,Grocery,Dairy,120.01,2,0.0,42.0,2024-12,2024Q4,2024,0.35
102272,2024-12-12,Dublin,Clothing,Kidswear,413.01,3,0.1,127.48,2024-12,2024Q4,2024,0.3087
102803,2024-12-12,Limerick,Clothing,Accessories,136.0,3,0.15,31.41,2024-12,2024Q4,2024,0.231
104131,2024-12-13,Limerick,Grocery,Snacks,73.38,4,0.1,23.41,2024-12,2024Q4,2024,0.319
106139,2024-12-13,Dublin,Homeware,Lighting,569.91,2,0.1,173.83,2024-12,2024Q4,2024,0.305
104437,2024-12-13,Cork,Clothing,Menswear,285.6,3,0.2,42.09,2024-12,2024Q4,2024,0.1474
101829,2024-12-13,Dublin,Grocery,Fresh Produce,123.39,2,0.0,36.65,2024-12,2024Q4,2024,0.297
100183,2024-12-13,Cork,Grocery,Bakery,26.77,2,0.05,8.03,2024-12,2024Q4,2024,0.3
104581,2024-12-13,Galway,Electronics,Laptops,1435.7,2,0.2,315.18,2024-12,2024Q4,2024,0.2195
104986,2024-12-14,Dublin,Homeware,Storage,232.64,2,0.05,51.39,2024-12,2024Q4,2024,0.2209
103680,2024-12-14,Dublin,Clothing,Accessories,389.94,4,0.1,86.46,2024-12,2024Q4,2024,0.2217
103159,2024-12-14,Dublin,Clothing,Womenswear,179.77,2,0.0,56.56,2024-12,2024Q4,2024,0.3146
106251,2024-12-14,Galway,Clothing,Accessories,11.54,1,0.0,4.09,2024-12,2024Q4,2024,0.3544
101436,2024-12-14,Limerick,Clothing,Womenswear,492.52,4,0.15,54.37,2024-12,2024Q4,2024,0.1104
101531,2024-12-14,Dublin,Electronics,Mobile Accessories,575.64,2,0.2,94.91,2024-12,2024Q4,2024,0.1649
103263,2024-12-14,Cork,Grocery,Dairy,99.04,2,0.0,42.34,2024-12,2024Q4,2024,0.4275
106131,2024-12-14,Dublin,Grocery,Fresh Produce,62.53,1,0.05,13.39,2024-12,2024Q4,2024,0.2141
104591,2024-12-14,Galway,Homeware,Furniture,389.12,2,0.0,164.5,2024-12,2024Q4,2024,0.4227
104684,2024-12-14,Dublin,Electronics,Headphones,382.13,1,0.15,68.14,2024-12,2024Q4,2024,0.1783
105579,2024-12-14,Galway,Clothing,Accessories,415.0,3,0.0,179.37,2024-12,2024Q4,2024,0.4322
106467,2024-12-14,Limerick,Clothing,Accessories,275.38,2,0.0,112.71,2024-12,2024Q4,2024,0.4093
102558,2024-12-15,Cork,Clothing,Footwear,35.08,1,0.1,6.41,2024-12,2024Q4,2024,0.1827
105869,2024-12-15,Galway,Homeware,Furniture,251.47,1,0.15,37.6,2024-12,2024Q4,2024,0.1495
102800,2024-12-15,Limerick,Clothing,Menswear,33.25,1,0.05,9.5,2024-12,2024Q4,2024,0.2857
103471,2024-12-15,Galway,Clothing,Accessories,137.97,1,0.15,21.07,2024-12,2024Q4,2024,0.1527
101884,2024-12-15,Limerick,Homeware,Bedding,762.8,2,0.05,284.97,2024-12,2024Q4,2024,0.3736
103736,2024-12-15,Galway,Electronics,Headphones,1566.56,3,0.2,344.25,2024-12,2024Q4,2024,0.2197
101288,2024-12-15,Limerick,Electronics,Smart Home,768.24,1,0.0,249.39,2024-12,2024Q4,2024,0.3246
102523,2024-12-15,Dublin,Clothing,Womenswear,198.51,2,0.05,55.88,2024-12,2024Q4,2024,0.2815
104739,2024-12-15,Limerick,Electronics,Smart Home,516.77,3,0.05,184.84,2024-12,2024Q4,2024,0.3577
100123,2024-12-15,Dublin,Grocery,Beverages,101.49,2,0.1,33.8,2024-12,2024Q4,2024,0.333
100515,2024-12-15,Limerick,Homeware,Kitchenware,620.68,2,0.15,110.18,2024-12,2024Q4,2024,0.1775
104087,2024-12-16,Dublin,Grocery,Dairy,46.17,4,0.2,6.93,2024-12,2024Q4,2024,0.1501
102640,2024-12-16,Dublin,Grocery,Fresh Produce,162.67,3,0.15,42.81,2024-12,2024Q4,2024,0.2632
101492,2024-12-16,Cork,Grocery,Snacks,53.65,1,0.1,12.78,2024-12,2024Q4,2024,0.2382
100448,2024-12-16,Dublin,Homeware,Lighting,162.64,1,0.1,48.17,2024-12,2024Q4,2024,0.2962
103073,2024-12-16,Limerick,Homeware,Bedding,401.34,1,0.2,35.78,2024-12,2024Q4,2024,0.0892
103275,2024-12-16,Limerick,Clothing,Womenswear,94.36,1,0.05,29.17,2024-12,2024Q4,2024,0.3091
101526,2024-12-16,Dublin,Homeware,Lighting,1915.38,4,0.15,440.01,2024-12,2024Q4,2024,0.2297
103022,2024-12-16,Dublin,Clothing,Womenswear,189.14,2,0.15,47.26,2024-12,2024Q4,2024,0.2499
101277,2024-12-16,Galway,Grocery,Fresh Produce,88.79,2,0.15,26.19,2024-12,2024Q4,2024,0.295
100845,2024-12-16,Dublin,Electronics,Laptops,2540.15,3,0.15,649.04,2024-12,2024Q4,2024,0.2555
103079,2024-12-17,Dublin,Electronics,Mobile Accessories,1010.18,1,0.1,217.96,2024-12,2024Q4,2024,0.2158
100629,2024-12-17,Cork,Grocery,Snacks,103.11,3,0.1,18.73,2024-12,2024Q4,2024,0.1817
105899,2024-12-17,Cork,Homeware,Furniture,162.88,1,0.0,65.62,2024-12,2024Q4,2024,0.4029
104379,2024-12-17,Dublin,Homeware,Lighting,793.02,2,0.05,216.65,2024-12,2024Q4,2024,0.2732
100031,2024-12-17,Dublin,Grocery,Dairy,132.41,4,0.0,57.14,2024-12,2024Q4,2024,0.4315
105452,2024-12-17,Cork,Homeware,Kitchenware,73.58,4,0.2,13.25,2024-12,2024Q4,2024,0.1801
104466,2024-12-17,Galway,Clothing,Accessories,75.8,1,0.1,21.47,2024-12,2024Q4,2024,0.2832
101316,2024-12-17,Dublin,Grocery,Beverages,28.14,2,0.0,9.85,2024-12,2024Q4,2024,0.35
100633,2024-12-18,Dublin,Clothing,Accessories,377.54,2,0.0,160.72,2024-12,2024Q4,2024,0.4257
102442,2024-12-18,Dublin,Grocery,Bakery,99.14,2,0.0,23.56,2024-12,2024Q4,2024,0.2376
102625,2024-12-18,Cork,Homeware,Bedding,991.37,3,0.1,324.45,2024-12,2024Q4,2024,0.3273
100459,2024-12-18,Dublin,Electronics,Mobile Accessories,1826.09,2,0.0,611.06,2024-12,2024Q4,2024,0.3346
102813,2024-12-18,Dublin,Grocery,Beverages,13.14,1,0.05,3.69,2024-12,2024Q4,2024,0.2808
101630,2024-12-18,Dublin,Electronics,Smart Home,3079.09,4,0.05,663.34,2024-12,2024Q4,2024,0.2154
100747,2024-12-18,Dublin,Grocery,Dairy,40.57,1,0.15,8.89,2024-12,2024Q4,2024,0.2191
100410,2024-12-18,Dublin,Homeware,Bedding,204.02,2,0.2,40.69,2024-12,2024Q4,2024,0.1994
105353,2024-12-18,Cork,Electronics,Headphones,448.39,1,0.0,162.98,2024-12,2024Q4,2024,0.3635
102740,2024-12-18,Galway,Grocery,Dairy,72.46,2,0.15,12.71,2024-12,2024Q4,2024,0.1754
104619,2024-12-19,Galway,Clothing,Womenswear,562.63,4,0.0,151.07,2024-12,2024Q4,2024,0.2685
100125,2024-12-19,Cork,Grocery,Dairy,86.06,3,0.0,37.95,2024-12,2024Q4,2024,0.441
103178,2024-12-19,Galway,Electronics,Headphones,146.79,1,0.05,45.92,2024-12,2024Q4,2024,0.3128
100039,2024-12-19,Galway,Grocery,Snacks,70.11,2,0.0,26.15,2024-12,2024Q4,2024,0.373
103922,2024-12-19,Dublin,Electronics,TVs,1523.72,3,0.0,666.19,2024-12,2024Q4,2024,0.4372
100177,2024-12-19,Limerick,Homeware,Furniture,223.08,1,0.0,89.6,2024-12,2024Q4,2024,0.4016
104859,2024-12-19,Cork,Electronics,Smart Home,1386.25,3,0.1,478.13,2024-12,2024Q4,2024,0.3449
106494,2024-12-20,Cork,Homeware,Bedding,1226.86,3,0.15,128.62,2024-12,2024Q4,2024,0.1048
103905,2024-12-20,Cork,Homeware,Furniture,71.85,1,0.0,23.83,2024-12,2024Q4,2024,0.3317
100377,2024-12-20,Galway,Clothing,Womenswear,285.52,2,0.1,96.82,2024-12,2024Q4,2024,0.3391
102605,2024-12-20,Limerick,Homeware,Storage,284.76,2,0.05,70.55,2024-12,2024Q4,2024,0.2478
102010,2024-12-20,Cork,Grocery,Dairy,20.08,1,0.1,4.34,2024-12,2024Q4,2024,0.2161
104511,2024-12-20,Dublin,Grocery,Snacks,76.94,3,0.15,22.7,2024-12,2024Q4,2024,0.295
105474,2024-12-20,Dublin,Clothing,Footwear,124.4,1,0.0,43.24,2024-12,2024Q4,2024,0.3476
105219,2024-12-20,Cork,Grocery,Dairy,221.7,4,0.0,70.43,2024-12,2024Q4,2024,0.3177
104235,2024-12-20,Limerick,Grocery,Beverages,122.71,2,0.1,28.87,2024-12,2024Q4,2024,0.2353
101078,2024-12-20,Limerick,Clothing,Accessories,127.12,1,0.1,32.32,2024-12,2024Q4,2024,0.2542
105557,2024-12-21,Galway,Electronics,Headphones,908.22,1,0.0,271.18,2024-12,2024Q4,2024,0.2986
104974,2024-12-21,Cork,Homeware,Lighting,869.34,4,0.0,383.05,2024-12,2024Q4,2024,0.4406
101044,2024-12-21,Dublin,Electronics,Smart Home,973.28,1,0.05,256.77,2024-12,2024Q4,2024,0.2638
104909,2024-12-21,Limerick,Grocery,Bakery,37.43,2,0.0,11.65,2024-12,2024Q4,2024,0.3112
104935,2024-12-21,Cork,Grocery,Snacks,105.28,2,0.0,46.03,2024-12,2024Q4,2024,0.4372
104200,2024-12-21,Cork,Clothing,Womenswear,71.69,1,0.0,21.07,2024-12,2024Q4,2024,0.2939
105786,2024-12-21,Galway,Grocery,Beverages,31.3,1,0.0,13.26,2024-12,2024Q4,2024,0.4236
102173,2024-12-21,Cork,Homeware,Kitchenware,261.13,4,0.0,78.2,2024-12,2024Q4,2024,0.2995
104848,2024-12-21,Cork,Homeware,Lighting,172.98,2,0.0,63.82,2024-12,2024Q4,2024,0.3689
102663,2024-12-21,Dublin,Grocery,Dairy,39.73,2,0.2,4.91,2024-12,2024Q4,2024,0.1236
104871,2024-12-21,Galway,Grocery,Bakery,26.75,1,0.15,6.59,2024-12,2024Q4,2024,0.2464
105617,2024-12-22,Galway,Electronics,Mobile Accessories,791.25,1,0.2,150.98,2024-12,2024Q4,2024,0.1908
105399,2024-12-22,Cork,Electronics,TVs,97.48,2,0.2,23.82,2024-12,2024Q4,2024,0.2444
105856,2024-12-22,Dublin,Clothing,Womenswear,64.14,2,0.2,14.01,2024-12,2024Q4,2024,0.2184
100854,2024-12-22,Cork,Clothing,Kidswear,361.2,3,0.05,77.55,2024-12,2024Q4,2024,0.2147
105428,2024-12-22,Dublin,Grocery,Beverages,16.68,4,0.0,7.08,2024-12,2024Q4,2024,0.4245
101452,2024-12-22,Limerick,Homeware,Furniture,448.34,2,0.0,178.09,2024-12,2024Q4,2024,0.3972
104292,2024-12-22,Dublin,Grocery,Bakery,36.19,1,0.2,4.3,2024-12,2024Q4,2024,0.1188
103869,2024-12-22,Galway,Clothing,Menswear,68.31,1,0.1,10.98,2024-12,2024Q4,2024,0.1607
100211,2024-12-22,Dublin,Clothing,Accessories,35.84,1,0.2,8.94,2024-12,2024Q4,2024,0.2494
104878,2024-12-22,Dublin,Electronics,Mobile Accessories,3669.32,4,0.0,1472.79,2024-12,2024Q4,2024,0.4014
103499,2024-12-22,Cork,Homeware,Furniture,369.61,1,0.0,91.08,2024-12,2024Q4,2024,0.2464
105331,2024-12-22,Limerick,Electronics,Mobile Accessories,450.03,1,0.15,85.08,2024-12,2024Q4,2024,0.1891
101914,2024-12-23,Cork,Clothing,Kidswear,333.87,2,0.15,69.71,2024-12,2024Q4,2024,0.2088
100956,2024-12-23,Dublin,Homeware,Furniture,924.2,4,0.2,129.11,2024-12,2024Q4,2024,0.1397
103212,2024-12-23,Dublin,Clothing,Kidswear,220.83,2,0.05,83.64,2024-12,2024Q4,2024,0.3788
102563,2024-12-23,Cork,Electronics,Laptops,1313.93,4,0.0,436.32,2024-12,2024Q4,2024,0.3321
105619,2024-12-23,Galway,Electronics,Mobile Accessories,1291.72,2,0.1,299.99,2024-12,2024Q4,2024,0.2322
105275,2024-12-23,Dublin,Electronics,Laptops,1437.92,2,0.15,352.94,2024-12,2024Q4,2024,0.2455
100760,2024-12-23,Dublin,Electronics,Smart Home,524.44,1,0.1,136.11,2024-12,2024Q4,2024,0.2595
100131,2024-12-23,Dublin,Homeware,Bedding,64.09,1,0.0,26.62,2024-12,2024Q4,2024,0.4154
103415,2024-12-23,Dublin,Homeware,Kitchenware,446.03,1,0.0,124.82,2024-12,2024Q4,2024,0.2798
102962,2024-12-23,Dublin,Electronics,Smart Home,174.81,1,0.1,45.48,2024-12,2024Q4,2024,0.2602
103285,2024-12-23,Dublin,Homeware,Furniture,414.67,1,0.2,77.15,2024-12,2024Q4,2024,0.1861
102771,2024-12-23,Galway,Grocery,Fresh Produce,30.37,1,0.05,6.45,2024-12,2024Q4,2024,0.2124
102585,2024-12-24,Dublin,Grocery,Fresh Produce,76.38,4,0.05,15.63,2024-12,2024Q4,2024,0.2046
102531,2024-12-24,Galway,Clothing,Footwear,74.97,1,0.1,17.1,2024-12,2024Q4,2024,0.2281
101985,2024-12-24,Galway,Homeware,Kitchenware,1664.88,4,0.15,449.29,2024-12,2024Q4,2024,0.2699
105552,2024-12-24,Cork,Clothing,Accessories,461.61,4,0.0,199.63,2024-12,2024Q4,2024,0.4325
101704,2024-12-24,Galway,Electronics,Headphones,739.69,1,0.15,123.24,2024-12,2024Q4,2024,0.1666
105207,2024-12-24,Limerick,Homeware,Storage,122.05,2,0.2,21.42,2024-12,2024Q4,2024,0.1755
102976,2024-12-24,Limerick,Electronics,Mobile Accessories,939.65,2,0.0,246.49,2024-12,2024Q4,2024,0.2623
106062,2024-12-24,Dublin,Homeware,Kitchenware,105.23,2,0.05,23.63,2024-12,2024Q4,2024,0.2246
105605,2024-12-24,Cork,Electronics,Laptops,62.92,1,0.0,16.78,2024-12,2024Q4,2024,0.2667
106243,2024-12-24,Dublin,Homeware,Furniture,336.39,2,0.1,91.01,2024-12,2024Q4,2024,0.2705
106025,2024-12-24,Dublin,Electronics,Smart Home,1932.03,2,0.05,654.04,2024-12,2024Q4,2024,0.3385
103305,2024-12-25,Cork,Clothing,Kidswear,344.02,3,0.15,102.71,2024-12,2024Q4,2024,0.2986
101810,2024-12-25,Limerick,Electronics,Headphones,136.65,1,0.0,44.81,2024-12,2024Q4,2024,0.3279
103369,2024-12-25,Dublin,Electronics,Laptops,526.6,2,0.0,141.73,2024-12,2024Q4,2024,0.2691
101317,2024-12-25,Limerick,Electronics,Mobile Accessories,430.26,1,0.1,128.41,2024-12,2024Q4,2024,0.2984
106373,2024-12-25,Cork,Grocery,Bakery,49.0,4,0.0,9.49,2024-12,2024Q4,2024,0.1937
105759,2024-12-25,Dublin,Clothing,Footwear,83.24,1,0.05,27.71,2024-12,2024Q4,2024,0.3329
103950,2024-12-25,Galway,Grocery,Dairy,8.71,1,0.0,3.0,2024-12,2024Q4,2024,0.3444
104439,2024-12-25,Galway,Clothing,Footwear,111.62,1,0.0,28.22,2024-12,2024Q4,2024,0.2528
103126,2024-12-25,Limerick,Homeware,Lighting,217.32,1,0.05,64.91,2024-12,2024Q4,2024,0.2987
103412,2024-12-26,Limerick,Homeware,Storage,118.17,1,0.1,38.99,2024-12,2024Q4,2024,0.3299
103324,2024-12-26,Cork,Homeware,Furniture,727.08,2,0.1,243.16,2024-12,2024Q4,2024,0.3344
106481,2024-12-26,Dublin,Homeware,Lighting,848.24,3,0.0,305.81,2024-12,2024Q4,2024,0.3605
106292,2024-12-26,Galway,Homeware,Bedding,482.94,4,0.2,115.44,2024-12,2024Q4,2024,0.239
102128,2024-12-26,Galway,Grocery,Snacks,38.25,1,0.05,9.17,2024-12,2024Q4,2024,0.2397
103062,2024-12-26,Dublin,Electronics,Headphones,171.13,1,0.0,58.4,2024-12,2024Q4,2024,0.3413
100052,2024-12-26,Dublin,Clothing,Footwear,329.79,3,0.1,62.67,2024-12,2024Q4,2024,0.19
102633,2024-12-26,Cork,Homeware,Lighting,111.92,2,0.0,36.74,2024-12,2024Q4,2024,0.3283
103258,2024-12-27,Dublin,Electronics,Smart Home,1260.73,3,0.0,526.47,2024-12,2024Q4,2024,0.4176
102882,2024-12-27,Limerick,Electronics,Mobile Accessories,1752.74,3,0.1,479.62,2024-12,2024Q4,2024,0.2736
103689,2024-12-27,Galway,Homeware,Furniture,44.87,1,0.0,11.77,2024-12,2024Q4,2024,0.2623
105610,2024-12-27,Limerick,Homeware,Lighting,35.84,1,0.0,9.07,2024-12,2024Q4,2024,0.2531
105657,2024-12-27,Dublin,Grocery,Bakery,49.38,1,0.05,18.61,2024-12,2024Q4,2024,0.3769
101383,2024-12-27,Limerick,Electronics,Mobile Accessories,1305.56,2,0.0,550.56,2024-12,2024Q4,2024,0.4217
102843,2024-12-27,Dublin,Homeware,Bedding,937.54,2,0.2,233.68,2024-12,2024Q4,2024,0.2492
102017,2024-12-27,Galway,Clothing,Accessories,85.71,1,0.0,24.39,2024-12,2024Q4,2024,0.2846
105875,2024-12-27,Dublin,Grocery,Fresh Produce,55.56,1,0.0,17.91,2024-12,2024Q4,2024,0.3224
104734,2024-12-27,Galway,Homeware,Furniture,835.46,3,0.2,164.33,2024-12,2024Q4,2024,0.1967
102859,2024-12-27,Dublin,Electronics,Laptops,829.79,4,0.0,250.31,2024-12,2024Q4,2024,0.3017
104436,2024-12-28,Dublin,Clothing,Footwear,199.48,2,0.1,55.37,2024-12,2024Q4,2024,0.2776
104697,2024-12-28,Dublin,Clothing,Footwear,28.09,1,0.05,6.29,2024-12,2024Q4,2024,0.2239
105089,2024-12-28,Dublin,Clothing,Footwear,123.95,1,0.15,14.05,2024-12,2024Q4,2024,0.1134
105064,2024-12-28,Dublin,Grocery,Bakery,36.79,1,0.0,12.54,2024-12,2024Q4,2024,0.3409
103205,2024-12-28,Limerick,Electronics,TVs,116.06,1,0.1,39.35,2024-12,2024Q4,2024,0.339
100914,2024-12-28,Dublin,Grocery,Bakery,27.82,1,0.0,10.12,2024-12,2024Q4,2024,0.3638
103678,2024-12-28,Cork,Homeware,Storage,1200.3,4,0.0,362.52,2024-12,2024Q4,2024,0.302
101280,2024-12-28,Cork,Homeware,Storage,726.26,2,0.0,210.58,2024-12,2024Q4,2024,0.29
102266,2024-12-28,Cork,Grocery,Beverages,31.78,1,0.15,4.85,2024-12,2024Q4,2024,0.1526
102197,2024-12-28,Dublin,Grocery,Bakery,31.56,1,0.0,11.53,2024-12,2024Q4,2024,0.3653
105502,2024-12-28,Galway,Electronics,Mobile Accessories,1991.72,3,0.0,667.42,2024-12,2024Q4,2024,0.3351
100723,2024-12-29,Dublin,Electronics,TVs,169.87,3,0.15,35.24,2024-12,2024Q4,2024,0.2075
106099,2024-12-29,Dublin,Homeware,Storage,417.1,1,0.1,124.23,2024-12,2024Q4,2024,0.2978
101258,2024-12-29,Dublin,Clothing,Menswear,326.6,2,0.0,117.97,2024-12,2024Q4,2024,0.3612
102476,2024-12-29,Galway,Homeware,Kitchenware,709.27,2,0.0,248.23,2024-12,2024Q4,2024,0.35
103722,2024-12-29,Galway,Clothing,Footwear,185.81,2,0.0,70.7,2024-12,2024Q4,2024,0.3805
103167,2024-12-29,Galway,Homeware,Storage,107.73,1,0.2,8.99,2024-12,2024Q4,2024,0.0834
103387,2024-12-29,Galway,Grocery,Dairy,54.32,4,0.0,19.37,2024-12,2024Q4,2024,0.3566
101929,2024-12-30,Dublin,Electronics,Laptops,1557.35,2,0.0,433.42,2024-12,2024Q4,2024,0.2783
101733,2024-12-30,Cork,Homeware,Storage,826.08,2,0.0,299.43,2024-12,2024Q4,2024,0.3625
104728,2024-12-30,Galway,Clothing,Kidswear,39.55,1,0.15,8.89,2024-12,2024Q4,2024,0.2248
102110,2024-12-30,Dublin,Grocery,Dairy,51.28,1,0.05,13.74,2024-12,2024Q4,2024,0.2679
104892,2024-12-30,Limerick,Electronics,TVs,343.56,1,0.05,90.89,2024-12,2024Q4,2024,0.2646
104721,2024-12-30,Galway,Electronics,Smart Home,677.77,1,0.1,194.39,2024-12,2024Q4,2024,0.2868
106280,2024-12-30,Limerick,Clothing,Footwear,81.65,2,0.0,26.14,2024-12,2024Q4,2024,0.3201
105575,2024-12-30,Limerick,Clothing,Womenswear,155.12,1,0.0,59.98,2024-12,2024Q4,2024,0.3867
103974,2024-12-30,Dublin,Homeware,Furniture,151.34,1,0.0,58.04,2024-12,2024Q4,2024,0.3835
100158,2024-12-31,Limerick,Electronics,Mobile Accessories,1096.26,4,0.0,397.51,2024-12,2024Q4,2024,0.3626
101085,2024-12-31,Limerick,Homeware,Lighting,303.53,1,0.2,42.41,2024-12,2024Q4,2024,0.1397
100967,2024-12-31,Galway,Clothing,Accessories,167.05,4,0.05,42.57,2024-12,2024Q4,2024,0.2548
102924,2024-12-31,Dublin,Clothing,Footwear,63.24,1,0.0,20.04,2024-12,2024Q4,2024,0.3169
105003,2024-12-31,Dublin,Clothing,Kidswear,166.96,1,0.0,45.77,2024-12,2024Q4,2024,0.2741
100319,2024-12-31,Dublin,Homeware,Lighting,478.07,3,0.0,202.96,2024-12,2024Q4,2024,0.4245
104142,2024-12-31,Dublin,Grocery,Snacks,108.39,4,0.2,12.51,2024-12,2024Q4,2024,0.1154
102389,2024-12-31,Galway,Clothing,Accessories,110.57,1,0.1,21.94,2024-12,2024Q4,2024,0.1984
104470,2025-01-01,Dublin,Homeware,Storage,459.24,2,0.0,129.69,2025-01,2025Q1,2025,0.2824
103423,2025-01-01,Dublin,Homeware,Furniture,56.0,1,0.15,11.2,2025-01,2025Q1,2025,0.2
102365,2025-01-01,Dublin,Electronics,TVs,745.27,2,0.15,92.83,2025-01,2025Q1,2025,0.1246
106208,2025-01-01,Galway,Clothing,Accessories,98.6,2,0.0,32.64,2025-01,2025Q1,2025,0.331
105233,2025-01-01,Galway,Electronics,TVs,818.34,2,0.0,230.99,2025-01,2025Q1,2025,0.2823
106071,2025-01-01,Cork,Homeware,Lighting,462.04,4,0.0,154.28,2025-01,2025Q1,2025,0.3339
103197,2025-01-01,Dublin,Clothing,Accessories,51.7,1,0.0,14.78,2025-01,2025Q1,2025,0.2859
101999,2025-01-01,Dublin,Electronics,TVs,432.77,2,0.0,123.3,2025-01,2025Q1,2025,0.2849
102477,2025-01-01,Dublin,Homeware,Kitchenware,452.71,3,0.1,154.03,2025-01,2025Q1,2025,0.3402
106234,2025-01-01,Dublin,Grocery,Fresh Produce,31.05,1,0.0,12.28,2025-01,2025Q1,2025,0.3955
105994,2025-01-02,Dublin,Grocery,Fresh Produce,49.01,2,0.15,12.98,2025-01,2025Q1,2025,0.2648
100004,2025-01-02,Galway,Grocery,Fresh Produce,59.46,2,0.0,15.18,2025-01,2025Q1,2025,0.2553
104771,2025-01-02,Dublin,Grocery,Snacks,34.86,1,0.15,3.57,2025-01,2025Q1,2025,0.1024
101995,2025-01-02,Cork,Homeware,Kitchenware,342.64,2,0.1,81.85,2025-01,2025Q1,2025,0.2389
102898,2025-01-02,Dublin,Clothing,Womenswear,27.91,1,0.05,8.37,2025-01,2025Q1,2025,0.2999
100917,2025-01-02,Limerick,Homeware,Kitchenware,64.97,1,0.0,24.11,2025-01,2025Q1,2025,0.3711
102725,2025-01-02,Galway,Clothing,Kidswear,234.12,4,0.05,61.22,2025-01,2025Q1,2025,0.2615
104609,2025-01-02,Dublin,Grocery,Beverages,11.38,1,0.15,2.47,2025-01,2025Q1,2025,0.217
100742,2025-01-03,Galway,Electronics,Laptops,1093.52,2,0.0,429.37,2025-01,2025Q1,2025,0.3926
104013,2025-01-03,Dublin,Electronics,TVs,508.16,1,0.0,140.18,2025-01,2025Q1,2025,0.2759
102974,2025-01-03,Dublin,Homeware,Kitchenware,121.52,1,0.15,28.4,2025-01,2025Q1,2025,0.2337
102853,2025-01-03,Dublin,Homeware,Lighting,555.5,4,0.15,74.07,2025-01,2025Q1,2025,0.1333
105126,2025-01-03,Dublin,Grocery,Snacks,49.06,2,0.05,12.6,2025-01,2025Q1,2025,0.2568
101997,2025-01-03,Limerick,Homeware,Kitchenware,106.64,2,0.2,18.76,2025-01,2025Q1,2025,0.1759
103078,2025-01-03,Galway,Clothing,Kidswear,158.31,3,0.05,55.95,2025-01,2025Q1,2025,0.3534
102383,2025-01-03,Dublin,Electronics,Headphones,129.05,1,0.15,28.54,2025-01,2025Q1,2025,0.2212
105396,2025-01-03,Dublin,Grocery,Dairy,24.92,1,0.1,6.17,2025-01,2025Q1,2025,0.2476
105198,2025-01-03,Dublin,Grocery,Dairy,6.42,2,0.2,1.14,2025-01,2025Q1,2025,0.1776
106149,2025-01-03,Dublin,Homeware,Furniture,274.18,2,0.1,62.99,2025-01,2025Q1,2025,0.2297
101818,2025-01-03,Cork,Homeware,Furniture,262.69,1,0.05,77.23,2025-01,2025Q1,2025,0.294
104026,2025-01-03,Cork,Grocery,Fresh Produce,69.38,2,0.2,16.17,2025-01,2025Q1,2025,0.2331
106141,2025-01-03,Dublin,Grocery,Dairy,23.21,2,0.05,7.38,2025-01,2025Q1,2025,0.318
103906,2025-01-03,Limerick,Clothing,Footwear,58.51,1,0.05,18.07,2025-01,2025Q1,2025,0.3088
101071,2025-01-03,Galway,Electronics,Mobile Accessories,422.46,3,0.15,72.47,2025-01,2025Q1,2025,0.1715
101946,2025-01-03,Cork,Homeware,Storage,526.0,2,0.0,153.74,2025-01,2025Q1,2025,0.2923
104435,2025-01-03,Dublin,Homeware,Bedding,680.48,4,0.2,119.56,2025-01,2025Q1,2025,0.1757
102878,2025-01-04,Cork,Electronics,Mobile Accessories,79.01,1,0.15,8.46,2025-01,2025Q1,2025,0.1071
104902,2025-01-04,Cork,Electronics,Mobile Accessories,86.06,4,0.0,35.99,2025-01,2025Q1,2025,0.4182
103103,2025-01-04,Dublin,Electronics,TVs,212.31,2,0.2,28.02,2025-01,2025Q1,2025,0.132
103521,2025-01-04,Limerick,Clothing,Womenswear,20.48,1,0.0,8.47,2025-01,2025Q1,2025,0.4136
106124,2025-01-04,Dublin,Electronics,Laptops,205.5,1,0.0,52.05,2025-01,2025Q1,2025,0.2533
104053,2025-01-04,Cork,Grocery,Fresh Produce,54.48,2,0.0,20.51,2025-01,2025Q1,2025,0.3765
105470,2025-01-05,Dublin,Homeware,Storage,182.27,2,0.2,35.27,2025-01,2025Q1,2025,0.1935
103960,2025-01-05,Cork,Homeware,Kitchenware,483.88,2,0.1,144.86,2025-01,2025Q1,2025,0.2994
102760,2025-01-05,Dublin,Grocery,Bakery,30.21,1,0.0,7.65,2025-01,2025Q1,2025,0.2532
101445,2025-01-05,Limerick,Grocery,Snacks,10.25,2,0.0,2.83,2025-01,2025Q1,2025,0.2761
100112,2025-01-05,Cork,Electronics,Smart Home,373.89,2,0.0,113.87,2025-01,2025Q1,2025,0.3046
101443,2025-01-05,Cork,Homeware,Kitchenware,120.0,2,0.15,20.95,2025-01,2025Q1,2025,0.1746
101107,2025-01-05,Dublin,Electronics,Mobile Accessories,996.66,2,0.0,359.0,2025-01,2025Q1,2025,0.3602
103757,2025-01-05,Cork,Electronics,Smart Home,467.91,2,0.15,75.19,2025-01,2025Q1,2025,0.1607
100900,2025-01-06,Limerick,Grocery,Bakery,42.02,1,0.0,18.83,2025-01,2025Q1,2025,0.4481
105847,2025-01-06,Dublin,Electronics,Headphones,629.62,2,0.1,184.04,2025-01,2025Q1,2025,0.2923
104646,2025-01-06,Dublin,Clothing,Accessories,107.04,4,0.0,38.36,2025-01,2025Q1,2025,0.3584
105343,2025-01-06,Galway,Homeware,Furniture,158.94,1,0.15,24.81,2025-01,2025Q1,2025,0.1561
106275,2025-01-06,Cork,Grocery,Beverages,7.95,1,0.1,2.53,2025-01,2025Q1,2025,0.3182
100206,2025-01-06,Dublin,Homeware,Bedding,241.84,2,0.05,91.11,2025-01,2025Q1,2025,0.3767
100690,2025-01-06,Cork,Grocery,Beverages,5.6,2,0.0,1.58,2025-01,2025Q1,2025,0.2821
103071,2025-01-06,Limerick,Clothing,Footwear,283.36,4,0.0,99.18,2025-01,2025Q1,2025,0.35
104370,2025-01-06,Galway,Grocery,Fresh Produce,29.58,3,0.0,13.14,2025-01,2025Q1,2025,0.4442
101882,2025-01-06,Galway,Grocery,Bakery,36.9,2,0.2,5.83,2025-01,2025Q1,2025,0.158
104791,2025-01-06,Dublin,Clothing,Kidswear,283.59,3,0.0,109.82,2025-01,2025Q1,2025,0.3872
103328,2025-01-07,Cork,Grocery,Dairy,67.24,2,0.15,10.26,2025-01,2025Q1,2025,0.1526
101228,2025-01-07,Galway,Clothing,Menswear,229.26,2,0.0,90.72,2025-01,2025Q1,2025,0.3957
100676,2025-01-07,Limerick,Homeware,Lighting,777.12,4,0.0,219.09,2025-01,2025Q1,2025,0.2819
101533,2025-01-07,Dublin,Grocery,Beverages,20.08,1,0.0,7.72,2025-01,2025Q1,2025,0.3845
102965,2025-01-07,Limerick,Electronics,TVs,96.76,1,0.15,18.62,2025-01,2025Q1,2025,0.1924
102977,2025-01-07,Dublin,Electronics,Headphones,111.99,1,0.2,24.43,2025-01,2025Q1,2025,0.2181
104860,2025-01-07,Cork,Electronics,Mobile Accessories,20.42,1,0.0,7.58,2025-01,2025Q1,2025,0.3712
101524,2025-01-07,Cork,Electronics,Smart Home,243.38,1,0.2,56.79,2025-01,2025Q1,2025,0.2333
104384,2025-01-07,Cork,Grocery,Fresh Produce,38.37,1,0.0,16.15,2025-01,2025Q1,2025,0.4209
105444,2025-01-08,Cork,Homeware,Lighting,150.88,1,0.15,44.12,2025-01,2025Q1,2025,0.2924
101266,2025-01-08,Limerick,Electronics,Laptops,43.74,1,0.0,16.15,2025-01,2025Q1,2025,0.3692
103723,2025-01-08,Galway,Clothing,Menswear,208.56,2,0.1,31.88,2025-01,2025Q1,2025,0.1529
102775,2025-01-08,Cork,Homeware,Storage,466.98,2,0.05,145.21,2025-01,2025Q1,2025,0.311
102876,2025-01-08,Limerick,Clothing,Womenswear,43.39,1,0.2,4.09,2025-01,2025Q1,2025,0.0943
103589,2025-01-08,Dublin,Homeware,Storage,1019.77,4,0.0,413.81,2025-01,2025Q1,2025,0.4058
106440,2025-01-09,Dublin,Electronics,Laptops,570.99,1,0.0,161.62,2025-01,2025Q1,2025,0.2831
102176,2025-01-09,Galway,Grocery,Fresh Produce,47.04,2,0.0,15.31,2025-01,2025Q1,2025,0.3255
102013,2025-01-09,Cork,Grocery,Bakery,53.24,4,0.1,10.84,2025-01,2025Q1,2025,0.2036
104025,2025-01-09,Limerick,Electronics,Headphones,984.04,4,0.15,119.25,2025-01,2025Q1,2025,0.1212
102603,2025-01-09,Galway,Electronics,Mobile Accessories,564.62,1,0.0,223.12,2025-01,2025Q1,2025,0.3952
105026,2025-01-09,Dublin,Electronics,Headphones,1273.79,2,0.0,400.14,2025-01,2025Q1,2025,0.3141
106015,2025-01-09,Cork,Electronics,Laptops,216.01,1,0.0,81.68,2025-01,2025Q1,2025,0.3781
105859,2025-01-10,Galway,Electronics,Headphones,1854.78,3,0.0,811.15,2025-01,2025Q1,2025,0.4373
103090,2025-01-10,Dublin,Homeware,Furniture,220.71,4,0.15,26.62,2025-01,2025Q1,2025,0.1206
102801,2025-01-10,Galway,Electronics,Laptops,1131.04,2,0.0,463.96,2025-01,2025Q1,2025,0.4102
100837,2025-01-10,Dublin,Clothing,Footwear,24.76,1,0.0,9.38,2025-01,2025Q1,2025,0.3788
103852,2025-01-10,Cork,Clothing,Accessories,259.95,3,0.15,65.33,2025-01,2025Q1,2025,0.2513
102315,2025-01-10,Cork,Clothing,Footwear,55.07,1,0.1,13.77,2025-01,2025Q1,2025,0.25
104455,2025-01-11,Galway,Homeware,Kitchenware,773.6,3,0.0,302.58,2025-01,2025Q1,2025,0.3911
105326,2025-01-11,Cork,Electronics,Headphones,91.95,2,0.0,38.96,2025-01,2025Q1,2025,0.4237
101795,2025-01-11,Galway,Homeware,Lighting,131.71,1,0.0,44.68,2025-01,2025Q1,2025,0.3392
104528,2025-01-11,Cork,Grocery,Beverages,28.68,1,0.0,10.62,2025-01,2025Q1,2025,0.3703
102405,2025-01-11,Dublin,Electronics,Headphones,154.83,1,0.0,53.13,2025-01,2025Q1,2025,0.3432
102590,2025-01-11,Cork,Homeware,Kitchenware,253.2,1,0.05,72.36,2025-01,2025Q1,2025,0.2858
103544,2025-01-11,Dublin,Grocery,Bakery,34.36,2,0.05,13.61,2025-01,2025Q1,2025,0.3961
104648,2025-01-11,Dublin,Clothing,Womenswear,93.35,1,0.0,34.11,2025-01,2025Q1,2025,0.3654
102241,2025-01-11,Galway,Grocery,Fresh Produce,155.56,4,0.05,36.49,2025-01,2025Q1,2025,0.2346
103230,2025-01-12,Dublin,Homeware,Kitchenware,1739.38,4,0.05,364.63,2025-01,2025Q1,2025,0.2096
105731,2025-01-12,Dublin,Grocery,Dairy,45.14,1,0.05,17.4,2025-01,2025Q1,2025,0.3855
100066,2025-01-12,Cork,Grocery,Snacks,79.74,2,0.0,30.27,2025-01,2025Q1,2025,0.3796
100169,2025-01-12,Cork,Homeware,Storage,266.43,1,0.0,98.68,2025-01,2025Q1,2025,0.3704
101393,2025-01-12,Cork,Homeware,Lighting,383.02,2,0.0,126.87,2025-01,2025Q1,2025,0.3312
101591,2025-01-12,Dublin,Homeware,Furniture,122.07,1,0.05,33.93,2025-01,2025Q1,2025,0.278
103741,2025-01-12,Cork,Electronics,Laptops,681.3,2,0.0,171.98,2025-01,2025Q1,2025,0.2524
104767,2025-01-12,Limerick,Grocery,Dairy,125.33,4,0.05,49.5,2025-01,2025Q1,2025,0.395
103773,2025-01-12,Galway,Electronics,Laptops,743.46,2,0.0,258.75,2025-01,2025Q1,2025,0.348
104709,2025-01-13,Galway,Grocery,Dairy,13.94,2,0.0,4.72,2025-01,2025Q1,2025,0.3386
103848,2025-01-13,Dublin,Homeware,Bedding,269.71,1,0.0,82.18,2025-01,2025Q1,2025,0.3047
104169,2025-01-13,Dublin,Homeware,Kitchenware,565.02,2,0.0,175.79,2025-01,2025Q1,2025,0.3111
100603,2025-01-13,Cork,Clothing,Womenswear,111.68,1,0.0,48.02,2025-01,2025Q1,2025,0.43
103989,2025-01-13,Dublin,Clothing,Kidswear,83.88,1,0.05,27.19,2025-01,2025Q1,2025,0.3242
104115,2025-01-13,Limerick,Grocery,Snacks,24.49,1,0.0,8.26,2025-01,2025Q1,2025,0.3373
104376,2025-01-14,Limerick,Grocery,Dairy,105.23,3,0.15,11.56,2025-01,2025Q1,2025,0.1099
106042,2025-01-14,Limerick,Electronics,Mobile Accessories,955.46,2,0.2,54.09,2025-01,2025Q1,2025,0.0566
105998,2025-01-14,Dublin,Grocery,Snacks,87.87,3,0.1,27.8,2025-01,2025Q1,2025,0.3164
106122,2025-01-14,Cork,Grocery,Fresh Produce,8.38,2,0.1,1.59,2025-01,2025Q1,2025,0.1897
101222,2025-01-14,Cork,Grocery,Beverages,37.9,1,0.1,8.46,2025-01,2025Q1,2025,0.2232
106357,2025-01-14,Galway,Homeware,Bedding,32.16,1,0.0,13.8,2025-01,2025Q1,2025,0.4291
102168,2025-01-15,Galway,Grocery,Bakery,25.55,1,0.0,8.73,2025-01,2025Q1,2025,0.3417
106341,2025-01-15,Cork,Clothing,Accessories,20.89,1,0.0,5.42,2025-01,2025Q1,2025,0.2595
101848,2025-01-15,Dublin,Electronics,TVs,1323.54,2,0.15,274.3,2025-01,2025Q1,2025,0.2072
105625,2025-01-15,Limerick,Homeware,Furniture,61.1,2,0.0,22.24,2025-01,2025Q1,2025,0.364
100494,2025-01-15,Dublin,Clothing,Kidswear,175.12,2,0.1,53.8,2025-01,2025Q1,2025,0.3072
104802,2025-01-15,Dublin,Homeware,Bedding,617.66,2,0.0,161.53,2025-01,2025Q1,2025,0.2615
104123,2025-01-16,Dublin,Electronics,Mobile Accessories,871.33,2,0.0,338.38,2025-01,2025Q1,2025,0.3883
102375,2025-01-16,Dublin,Grocery,Beverages,51.59,2,0.05,12.41,2025-01,2025Q1,2025,0.2406
105195,2025-01-16,Dublin,Clothing,Kidswear,77.39,1,0.0,28.65,2025-01,2025Q1,2025,0.3702
100339,2025-01-16,Dublin,Grocery,Beverages,29.09,2,0.2,3.22,2025-01,2025Q1,2025,0.1107
100455,2025-01-16,Dublin,Clothing,Kidswear,134.5,2,0.0,34.18,2025-01,2025Q1,2025,0.2541
102462,2025-01-16,Cork,Grocery,Fresh Produce,22.7,1,0.0,7.6,2025-01,2025Q1,2025,0.3348
100804,2025-01-16,Galway,Clothing,Menswear,21.27,1,0.2,4.51,2025-01,2025Q1,2025,0.212
101176,2025-01-16,Cork,Electronics,Mobile Accessories,764.46,3,0.0,211.09,2025-01,2025Q1,2025,0.2761
102400,2025-01-16,Limerick,Homeware,Bedding,13.55,1,0.0,5.6,2025-01,2025Q1,2025,0.4133
102478,2025-01-17,Cork,Clothing,Accessories,125.14,2,0.0,56.26,2025-01,2025Q1,2025,0.4496
103687,2025-01-17,Dublin,Homeware,Furniture,450.48,2,0.2,71.79,2025-01,2025Q1,2025,0.1594
106081,2025-01-17,Dublin,Electronics,Laptops,686.66,1,0.2,129.32,2025-01,2025Q1,2025,0.1883
101446,2025-01-17,Dublin,Homeware,Bedding,685.49,4,0.1,118.08,2025-01,2025Q1,2025,0.1723
103044,2025-01-17,Galway,Grocery,Bakery,117.03,3,0.1,38.4,2025-01,2025Q1,2025,0.3281
101871,2025-01-17,Limerick,Grocery,Beverages,167.14,4,0.15,37.09,2025-01,2025Q1,2025,0.2219
104298,2025-01-17,Dublin,Electronics,TVs,644.25,2,0.15,134.12,2025-01,2025Q1,2025,0.2082
103830,2025-01-17,Dublin,Clothing,Footwear,162.82,2,0.0,66.2,2025-01,2025Q1,2025,0.4066
100231,2025-01-17,Limerick,Clothing,Accessories,105.72,3,0.0,41.23,2025-01,2025Q1,2025,0.39
104415,2025-01-17,Limerick,Electronics,TVs,355.95,1,0.15,50.39,2025-01,2025Q1,2025,0.1416
103851,2025-01-18,Dublin,Clothing,Womenswear,227.68,2,0.15,30.78,2025-01,2025Q1,2025,0.1352
100117,2025-01-18,Limerick,Clothing,Menswear,18.22,1,0.0,6.63,2025-01,2025Q1,2025,0.3639
103552,2025-01-18,Galway,Clothing,Footwear,21.66,1,0.0,6.45,2025-01,2025Q1,2025,0.2978
104829,2025-01-18,Galway,Clothing,Kidswear,25.34,2,0.05,5.52,2025-01,2025Q1,2025,0.2178
105373,2025-01-18,Galway,Homeware,Lighting,118.16,1,0.0,8.64,2025-01,2025Q1,2025,0.0731
100402,2025-01-18,Cork,Clothing,Footwear,38.73,3,0.0,14.95,2025-01,2025Q1,2025,0.386
104960,2025-01-18,Dublin,Grocery,Dairy,3.55,1,0.2,0.52,2025-01,2025Q1,2025,0.1465
103804,2025-01-19,Cork,Homeware,Storage,358.0,4,0.0,139.19,2025-01,2025Q1,2025,0.3888
102091,2025-01-19,Limerick,Grocery,Beverages,86.83,3,0.0,24.08,2025-01,2025Q1,2025,0.2773
104610,2025-01-19,Limerick,Homeware,Bedding,440.24,2,0.0,191.61,2025-01,2025Q1,2025,0.4352
105129,2025-01-19,Cork,Homeware,Bedding,390.4,2,0.2,69.93,2025-01,2025Q1,2025,0.1791
100059,2025-01-19,Dublin,Homeware,Kitchenware,835.87,4,0.15,210.16,2025-01,2025Q1,2025,0.2514
105465,2025-01-19,Dublin,Electronics,TVs,1099.93,3,0.2,103.66,2025-01,2025Q1,2025,0.0942
100642,2025-01-19,Dublin,Clothing,Kidswear,125.19,2,0.05,32.29,2025-01,2025Q1,2025,0.2579
105068,2025-01-19,Dublin,Grocery,Bakery,43.63,2,0.15,11.44,2025-01,2025Q1,2025,0.2622
102390,2025-01-19,Limerick,Grocery,Fresh Produce,16.02,1,0.0,6.52,2025-01,2025Q1,2025,0.407
103125,2025-01-19,Dublin,Homeware,Lighting,261.13,1,0.2,47.9,2025-01,2025Q1,2025,0.1834
100238,2025-01-19,Cork,Clothing,Menswear,94.48,1,0.2,18.96,2025-01,2025Q1,2025,0.2007
106344,2025-01-19,Dublin,Homeware,Bedding,405.81,2,0.05,136.01,2025-01,2025Q1,2025,0.3352
100880,2025-01-20,Dublin,Grocery,Bakery,38.48,1,0.2,3.98,2025-01,2025Q1,2025,0.1034
106091,2025-01-20,Dublin,Homeware,Bedding,523.02,2,0.15,57.0,2025-01,2025Q1,2025,0.109
100779,2025-01-20,Galway,Grocery,Snacks,34.92,4,0.2,3.86,2025-01,2025Q1,2025,0.1105
101741,2025-01-20,Dublin,Homeware,Furniture,647.01,2,0.0,256.78,2025-01,2025Q1,2025,0.3969
102388,2025-01-20,Galway,Electronics,TVs,529.66,2,0.2,118.83,2025-01,2025Q1,2025,0.2244
101065,2025-01-20,Limerick,Homeware,Storage,430.94,2,0.2,50.95,2025-01,2025Q1,2025,0.1182
102824,2025-01-21,Cork,Grocery,Bakery,27.84,1,0.05,7.73,2025-01,2025Q1,2025,0.2777
101069,2025-01-21,Dublin,Homeware,Bedding,191.41,2,0.15,46.47,2025-01,2025Q1,2025,0.2428
105466,2025-01-21,Dublin,Electronics,Smart Home,1106.37,2,0.2,151.23,2025-01,2025Q1,2025,0.1367
100220,2025-01-21,Galway,Electronics,Headphones,570.4,4,0.1,117.01,2025-01,2025Q1,2025,0.2051
102895,2025-01-21,Dublin,Homeware,Kitchenware,315.74,4,0.2,61.12,2025-01,2025Q1,2025,0.1936
102623,2025-01-21,Cork,Clothing,Accessories,130.36,2,0.0,53.02,2025-01,2025Q1,2025,0.4067
101590,2025-01-21,Dublin,Grocery,Beverages,98.85,4,0.1,24.61,2025-01,2025Q1,2025,0.249
105624,2025-01-21,Dublin,Clothing,Menswear,279.93,3,0.0,120.68,2025-01,2025Q1,2025,0.4311
104888,2025-01-21,Limerick,Clothing,Kidswear,182.52,2,0.05,54.76,2025-01,2025Q1,2025,0.3
101268,2025-01-21,Galway,Homeware,Bedding,39.03,1,0.0,16.84,2025-01,2025Q1,2025,0.4315
103449,2025-01-21,Cork,Clothing,Womenswear,94.09,1,0.1,15.35,2025-01,2025Q1,2025,0.1631
101137,2025-01-21,Cork,Homeware,Furniture,259.98,1,0.0,90.76,2025-01,2025Q1,2025,0.3491
103827,2025-01-22,Galway,Grocery,Snacks,12.01,1,0.0,4.06,2025-01,2025Q1,2025,0.3381
103599,2025-01-22,Dublin,Clothing,Accessories,183.68,4,0.2,43.53,2025-01,2025Q1,2025,0.237
104891,2025-01-22,Cork,Grocery,Beverages,74.88,4,0.1,16.74,2025-01,2025Q1,2025,0.2236
105164,2025-01-22,Dublin,Homeware,Bedding,244.86,2,0.2,20.67,2025-01,2025Q1,2025,0.0844
104708,2025-01-22,Limerick,Clothing,Kidswear,129.28,2,0.05,38.73,2025-01,2025Q1,2025,0.2996
106059,2025-01-22,Galway,Electronics,Mobile Accessories,1310.22,3,0.0,427.13,2025-01,2025Q1,2025,0.326
105492,2025-01-22,Limerick,Homeware,Storage,648.69,3,0.15,142.19,2025-01,2025Q1,2025,0.2192
102313,2025-01-22,Galway,Grocery,Dairy,27.8,2,0.1,5.3,2025-01,2025Q1,2025,0.1906
105154,2025-01-22,Cork,Clothing,Accessories,182.19,3,0.15,47.11,2025-01,2025Q1,2025,0.2586
100904,2025-01-22,Cork,Grocery,Fresh Produce,110.7,3,0.0,34.15,2025-01,2025Q1,2025,0.3085
102533,2025-01-23,Galway,Grocery,Bakery,63.3,2,0.0,16.37,2025-01,2025Q1,2025,0.2586
104459,2025-01-23,Limerick,Grocery,Dairy,96.98,3,0.0,29.22,2025-01,2025Q1,2025,0.3013
105522,2025-01-23,Cork,Homeware,Furniture,241.12,2,0.1,41.43,2025-01,2025Q1,2025,0.1718
101431,2025-01-23,Galway,Homeware,Storage,295.36,1,0.0,114.61,2025-01,2025Q1,2025,0.388
106242,2025-01-23,Dublin,Clothing,Womenswear,70.79,1,0.0,26.55,2025-01,2025Q1,2025,0.3751
100192,2025-01-23,Limerick,Clothing,Kidswear,459.68,4,0.0,180.15,2025-01,2025Q1,2025,0.3919
100127,2025-01-24,Cork,Homeware,Storage,516.09,3,0.2,92.47,2025-01,2025Q1,2025,0.1792
103613,2025-01-24,Cork,Homeware,Bedding,976.36,4,0.0,375.43,2025-01,2025Q1,2025,0.3845
102491,2025-01-24,Cork,Homeware,Lighting,457.88,2,0.15,113.75,2025-01,2025Q1,2025,0.2484
104805,2025-01-24,Cork,Clothing,Footwear,58.56,2,0.05,17.5,2025-01,2025Q1,2025,0.2988
100981,2025-01-24,Dublin,Grocery,Snacks,45.07,1,0.0,18.38,2025-01,2025Q1,2025,0.4078
102620,2025-01-24,Limerick,Grocery,Beverages,76.61,2,0.0,26.81,2025-01,2025Q1,2025,0.35
100394,2025-01-25,Dublin,Grocery,Dairy,13.94,3,0.0,5.71,2025-01,2025Q1,2025,0.4096
105289,2025-01-25,Cork,Homeware,Lighting,135.31,1,0.0,50.04,2025-01,2025Q1,2025,0.3698
100830,2025-01-25,Dublin,Clothing,Womenswear,60.29,1,0.0,25.75,2025-01,2025Q1,2025,0.4271
101380,2025-01-25,Limerick,Homeware,Lighting,232.12,2,0.2,20.08,2025-01,2025Q1,2025,0.0865
101359,2025-01-25,Cork,Clothing,Womenswear,187.84,2,0.15,19.24,2025-01,2025Q1,2025,0.1024
104165,2025-01-25,Dublin,Grocery,Fresh Produce,69.6,2,0.0,24.36,2025-01,2025Q1,2025,0.35
101762,2025-01-25,Galway,Homeware,Lighting,107.59,1,0.0,46.08,2025-01,2025Q1,2025,0.4283
104174,2025-01-25,Dublin,Clothing,Footwear,48.09,3,0.0,13.42,2025-01,2025Q1,2025,0.2791
100088,2025-01-25,Dublin,Homeware,Lighting,333.27,1,0.1,52.3,2025-01,2025Q1,2025,0.1569
102618,2025-01-25,Limerick,Clothing,Accessories,32.5,1,0.0,12.26,2025-01,2025Q1,2025,0.3772
101410,2025-01-25,Galway,Homeware,Kitchenware,25.53,1,0.15,6.68,2025-01,2025Q1,2025,0.2617
106446,2025-01-25,Dublin,Electronics,Headphones,681.47,2,0.0,193.7,2025-01,2025Q1,2025,0.2842
101849,2025-01-25,Cork,Electronics,Headphones,1086.82,4,0.0,289.71,2025-01,2025Q1,2025,0.2666
101300,2025-01-26,Dublin,Clothing,Kidswear,105.2,2,0.0,31.46,2025-01,2025Q1,2025,0.299
104823,2025-01-26,Cork,Homeware,Furniture,25.16,1,0.0,7.36,2025-01,2025Q1,2025,0.2925
105069,2025-01-26,Limerick,Homeware,Lighting,489.72,2,0.15,124.75,2025-01,2025Q1,2025,0.2547
103388,2025-01-26,Limerick,Electronics,TVs,188.1,1,0.2,46.56,2025-01,2025Q1,2025,0.2475
100767,2025-01-26,Dublin,Electronics,Headphones,418.15,1,0.0,172.89,2025-01,2025Q1,2025,0.4135
101429,2025-01-27,Galway,Electronics,Smart Home,910.74,2,0.0,236.95,2025-01,2025Q1,2025,0.2602
105524,2025-01-27,Limerick,Electronics,TVs,1168.83,3,0.05,241.55,2025-01,2025Q1,2025,0.2067
105424,2025-01-27,Limerick,Electronics,TVs,382.03,1,0.0,139.47,2025-01,2025Q1,2025,0.3651
102907,2025-01-27,Dublin,Grocery,Snacks,171.9,4,0.0,47.33,2025-01,2025Q1,2025,0.2753
102626,2025-01-27,Dublin,Homeware,Furniture,32.98,1,0.0,12.35,2025-01,2025Q1,2025,0.3745
100085,2025-01-27,Dublin,Homeware,Kitchenware,414.51,4,0.2,62.18,2025-01,2025Q1,2025,0.15
104701,2025-01-27,Cork,Clothing,Kidswear,211.68,2,0.1,36.08,2025-01,2025Q1,2025,0.1704
102254,2025-01-27,Dublin,Homeware,Furniture,314.51,1,0.1,49.09,2025-01,2025Q1,2025,0.1561
104290,2025-01-27,Limerick,Homeware,Bedding,443.5,2,0.15,82.0,2025-01,2025Q1,2025,0.1849
106299,2025-01-28,Dublin,Homeware,Furniture,327.05,1,0.05,115.13,2025-01,2025Q1,2025,0.352
102085,2025-01-28,Cork,Homeware,Bedding,100.54,2,0.0,26.47,2025-01,2025Q1,2025,0.2633
106022,2025-01-28,Galway,Electronics,Mobile Accessories,175.81,1,0.0,45.76,2025-01,2025Q1,2025,0.2603
103274,2025-01-28,Galway,Grocery,Snacks,28.75,1,0.0,8.11,2025-01,2025Q1,2025,0.2821
100948,2025-01-28,Galway,Electronics,Smart Home,130.97,1,0.0,56.27,2025-01,2025Q1,2025,0.4296
100890,2025-01-28,Cork,Clothing,Kidswear,72.0,1,0.0,31.49,2025-01,2025Q1,2025,0.4374
102927,2025-01-28,Cork,Grocery,Bakery,87.99,3,0.0,22.75,2025-01,2025Q1,2025,0.2586
104499,2025-01-28,Galway,Clothing,Accessories,341.76,4,0.2,69.76,2025-01,2025Q1,2025,0.2041
100236,2025-01-28,Galway,Homeware,Kitchenware,155.23,1,0.0,66.82,2025-01,2025Q1,2025,0.4305
103837,2025-01-29,Dublin,Electronics,Laptops,584.57,1,0.0,222.94,2025-01,2025Q1,2025,0.3814
102234,2025-01-29,Limerick,Homeware,Lighting,127.78,1,0.0,44.72,2025-01,2025Q1,2025,0.35
105362,2025-01-29,Cork,Grocery,Fresh Produce,11.7,2,0.0,3.11,2025-01,2025Q1,2025,0.2658
102459,2025-01-29,Dublin,Grocery,Snacks,90.37,2,0.15,14.27,2025-01,2025Q1,2025,0.1579
100373,2025-01-29,Galway,Clothing,Footwear,322.68,4,0.0,137.91,2025-01,2025Q1,2025,0.4274
102588,2025-01-29,Dublin,Homeware,Kitchenware,936.84,4,0.05,304.56,2025-01,2025Q1,2025,0.3251
105542,2025-01-29,Dublin,Homeware,Kitchenware,160.56,1,0.0,54.14,2025-01,2025Q1,2025,0.3372
104637,2025-01-29,Dublin,Electronics,TVs,648.16,1,0.2,51.66,2025-01,2025Q1,2025,0.0797
104782,2025-01-30,Dublin,Electronics,Headphones,55.49,1,0.1,10.32,2025-01,2025Q1,2025,0.186
103291,2025-01-30,Dublin,Grocery,Fresh Produce,16.03,1,0.2,1.64,2025-01,2025Q1,2025,0.1023
105391,2025-01-30,Limerick,Grocery,Beverages,28.3,3,0.15,5.09,2025-01,2025Q1,2025,0.1799
104047,2025-01-30,Dublin,Homeware,Bedding,50.51,1,0.0,22.2,2025-01,2025Q1,2025,0.4395
100159,2025-01-30,Dublin,Homeware,Lighting,242.3,1,0.2,35.41,2025-01,2025Q1,2025,0.1461
105043,2025-01-30,Dublin,Clothing,Womenswear,92.74,4,0.05,36.73,2025-01,2025Q1,2025,0.3961
105299,2025-01-30,Cork,Clothing,Womenswear,34.12,4,0.0,10.64,2025-01,2025Q1,2025,0.3118
106123,2025-01-30,Cork,Grocery,Beverages,24.71,1,0.05,6.21,2025-01,2025Q1,2025,0.2513
104347,2025-01-30,Dublin,Electronics,Smart Home,248.33,3,0.05,97.13,2025-01,2025Q1,2025,0.3911
105823,2025-01-31,Dublin,Homeware,Bedding,591.47,2,0.2,88.62,2025-01,2025Q1,2025,0.1498
106003,2025-01-31,Limerick,Electronics,Mobile Accessories,509.61,1,0.0,143.67,2025-01,2025Q1,2025,0.2819
100332,2025-01-31,Galway,Clothing,Accessories,169.9,2,0.1,29.51,2025-01,2025Q1,2025,0.1737
103276,2025-01-31,Cork,Electronics,TVs,245.98,1,0.0,71.29,2025-01,2025Q1,2025,0.2898
100330,2025-01-31,Dublin,Clothing,Kidswear,33.23,1,0.0,12.03,2025-01,2025Q1,2025,0.362
104457,2025-01-31,Galway,Clothing,Womenswear,113.12,1,0.05,30.75,2025-01,2025Q1,2025,0.2718
106347,2025-01-31,Limerick,Electronics,Laptops,219.71,1,0.2,23.55,2025-01,2025Q1,2025,0.1072
105060,2025-01-31,Dublin,Homeware,Bedding,539.4,2,0.1,84.87,2025-01,2025Q1,2025,0.1573
105240,2025-01-31,Dublin,Electronics,TVs,470.73,1,0.15,122.38,2025-01,2025Q1,2025,0.26
104450,2025-01-31,Limerick,Clothing,Kidswear,237.28,4,0.2,42.14,2025-01,2025Q1,2025,0.1776
102327,2025-01-31,Dublin,Homeware,Kitchenware,1188.32,4,0.05,438.69,2025-01,2025Q1,2025,0.3692
103748,2025-01-31,Dublin,Grocery,Beverages,66.52,2,0.15,9.12,2025-01,2025Q1,2025,0.1371
102560,2025-01-31,Dublin,Homeware,Storage,139.33,4,0.0,46.25,2025-01,2025Q1,2025,0.3319
105259,2025-01-31,Galway,Homeware,Kitchenware,80.72,4,0.0,29.15,2025-01,2025Q1,2025,0.3611
102795,2025-01-31,Galway,Grocery,Snacks,23.5,2,0.05,8.0,2025-01,2025Q1,2025,0.3404
106090,2025-02-01,Dublin,Electronics,TVs,42.33,1,0.15,10.41,2025-02,2025Q1,2025,0.2459
104526,2025-02-01,Limerick,Homeware,Kitchenware,167.78,1,0.2,10.2,2025-02,2025Q1,2025,0.0608
100719,2025-02-01,Cork,Clothing,Menswear,370.92,4,0.0,121.37,2025-02,2025Q1,2025,0.3272
105767,2025-02-01,Limerick,Electronics,Mobile Accessories,894.82,2,0.0,225.61,2025-02,2025Q1,2025,0.2521
103732,2025-02-01,Dublin,Homeware,Bedding,151.5,2,0.0,57.62,2025-02,2025Q1,2025,0.3803
102095,2025-02-01,Cork,Homeware,Lighting,100.36,1,0.0,25.18,2025-02,2025Q1,2025,0.2509
101766,2025-02-01,Limerick,Electronics,TVs,68.76,2,0.1,16.97,2025-02,2025Q1,2025,0.2468
105103,2025-02-01,Dublin,Electronics,Headphones,1276.88,3,0.0,572.62,2025-02,2025Q1,2025,0.4485
100314,2025-02-01,Limerick,Electronics,Mobile Accessories,1234.44,2,0.0,416.47,2025-02,2025Q1,2025,0.3374
103807,2025-02-02,Limerick,Grocery,Snacks,88.06,3,0.0,31.84,2025-02,2025Q1,2025,0.3616
104853,2025-02-02,Dublin,Clothing,Footwear,92.21,1,0.1,14.85,2025-02,2025Q1,2025,0.161
100406,2025-02-02,Galway,Electronics,TVs,193.56,3,0.1,65.98,2025-02,2025Q1,2025,0.3409
101625,2025-02-02,Dublin,Electronics,Headphones,2511.92,4,0.05,751.62,2025-02,2025Q1,2025,0.2992
106161,2025-02-02,Limerick,Homeware,Furniture,204.24,1,0.2,31.83,2025-02,2025Q1,2025,0.1558
106336,2025-02-02,Dublin,Clothing,Footwear,221.31,2,0.0,57.14,2025-02,2025Q1,2025,0.2582
100597,2025-02-02,Dublin,Grocery,Snacks,102.53,4,0.2,16.42,2025-02,2025Q1,2025,0.1601
102309,2025-02-02,Dublin,Clothing,Kidswear,196.24,3,0.1,44.26,2025-02,2025Q1,2025,0.2255
101520,2025-02-02,Cork,Grocery,Bakery,22.71,1,0.0,7.11,2025-02,2025Q1,2025,0.3131
102616,2025-02-02,Galway,Homeware,Lighting,134.06,1,0.0,48.55,2025-02,2025Q1,2025,0.3622
103420,2025-02-02,Cork,Homeware,Bedding,404.9,2,0.0,181.88,2025-02,2025Q1,2025,0.4492
103162,2025-02-02,Galway,Grocery,Beverages,8.53,1,0.05,3.03,2025-02,2025Q1,2025,0.3552
104850,2025-02-03,Dublin,Clothing,Kidswear,96.74,1,0.0,30.57,2025-02,2025Q1,2025,0.316
104570,2025-02-03,Dublin,Clothing,Kidswear,88.52,1,0.1,29.42,2025-02,2025Q1,2025,0.3324
103935,2025-02-03,Dublin,Electronics,Headphones,286.57,1,0.05,99.79,2025-02,2025Q1,2025,0.3482
106396,2025-02-03,Galway,Homeware,Storage,174.2,1,0.05,37.5,2025-02,2025Q1,2025,0.2153
103307,2025-02-03,Galway,Grocery,Bakery,30.1,1,0.05,9.08,2025-02,2025Q1,2025,0.3017
100688,2025-02-03,Galway,Homeware,Lighting,73.22,1,0.0,29.81,2025-02,2025Q1,2025,0.4071
102953,2025-02-03,Limerick,Clothing,Womenswear,21.02,1,0.15,2.24,2025-02,2025Q1,2025,0.1066
104758,2025-02-04,Dublin,Homeware,Furniture,56.44,2,0.15,11.48,2025-02,2025Q1,2025,0.2034
106334,2025-02-04,Limerick,Homeware,Furniture,758.36,4,0.1,159.8,2025-02,2025Q1,2025,0.2107
105905,2025-02-04,Dublin,Electronics,Mobile Accessories,333.3,3,0.0,119.1,2025-02,2025Q1,2025,0.3573
102829,2025-02-04,Cork,Electronics,Laptops,84.61,3,0.1,13.52,2025-02,2025Q1,2025,0.1598
105658,2025-02-04,Dublin,Electronics,Smart Home,1921.41,3,0.2,118.14,2025-02,2025Q1,2025,0.0615
104380,2025-02-04,Cork,Homeware,Storage,191.92,1,0.0,58.21,2025-02,2025Q1,2025,0.3033
100605,2025-02-05,Galway,Homeware,Bedding,391.1,2,0.05,124.21,2025-02,2025Q1,2025,0.3176
104720,2025-02-05,Limerick,Homeware,Bedding,299.26,1,0.0,123.85,2025-02,2025Q1,2025,0.4139
102815,2025-02-05,Dublin,Clothing,Kidswear,139.62,3,0.0,51.15,2025-02,2025Q1,2025,0.3664
102573,2025-02-05,Galway,Grocery,Bakery,31.44,4,0.15,4.33,2025-02,2025Q1,2025,0.1377
102337,2025-02-05,Cork,Clothing,Womenswear,102.16,1,0.0,34.63,2025-02,2025Q1,2025,0.339
104059,2025-02-05,Galway,Electronics,Laptops,183.85,1,0.15,19.1,2025-02,2025Q1,2025,0.1039
102833,2025-02-05,Dublin,Electronics,Smart Home,34.74,1,0.2,7.42,2025-02,2025Q1,2025,0.2136
105993,2025-02-05,Galway,Homeware,Storage,190.12,4,0.05,58.5,2025-02,2025Q1,2025,0.3077
102850,2025-02-05,Dublin,Clothing,Kidswear,75.78,2,0.2,8.69,2025-02,2025Q1,2025,0.1147
105644,2025-02-05,Galway,Homeware,Storage,486.78,3,0.15,138.1,2025-02,2025Q1,2025,0.2837
105142,2025-02-06,Dublin,Electronics,Smart Home,1184.02,2,0.1,212.28,2025-02,2025Q1,2025,0.1793
103253,2025-02-06,Dublin,Clothing,Accessories,183.51,3,0.2,13.48,2025-02,2025Q1,2025,0.0735
102750,2025-02-06,Dublin,Clothing,Footwear,358.28,3,0.2,18.59,2025-02,2025Q1,2025,0.0519
100778,2025-02-06,Cork,Electronics,TVs,97.55,4,0.2,11.28,2025-02,2025Q1,2025,0.1156
102958,2025-02-06,Limerick,Clothing,Footwear,19.66,1,0.0,5.12,2025-02,2025Q1,2025,0.2604
101351,2025-02-06,Dublin,Electronics,TVs,497.55,1,0.2,29.28,2025-02,2025Q1,2025,0.0588
101569,2025-02-07,Cork,Electronics,TVs,160.2,3,0.0,43.23,2025-02,2025Q1,2025,0.2699
101141,2025-02-07,Limerick,Electronics,Smart Home,165.04,1,0.05,40.56,2025-02,2025Q1,2025,0.2458
100567,2025-02-07,Cork,Clothing,Footwear,101.48,2,0.0,32.22,2025-02,2025Q1,2025,0.3175
104984,2025-02-07,Dublin,Grocery,Fresh Produce,81.93,2,0.0,22.2,2025-02,2025Q1,2025,0.271
103801,2025-02-07,Limerick,Homeware,Storage,233.15,1,0.0,72.23,2025-02,2025Q1,2025,0.3098
102144,2025-02-07,Galway,Clothing,Womenswear,108.07,1,0.1,26.67,2025-02,2025Q1,2025,0.2468
105801,2025-02-07,Dublin,Clothing,Footwear,155.07,4,0.0,64.05,2025-02,2025Q1,2025,0.413
102076,2025-02-07,Limerick,Grocery,Snacks,111.02,4,0.1,23.88,2025-02,2025Q1,2025,0.2151
101134,2025-02-07,Dublin,Homeware,Storage,430.21,3,0.0,168.63,2025-02,2025Q1,2025,0.392
102205,2025-02-07,Dublin,Homeware,Lighting,292.33,1,0.05,84.23,2025-02,2025Q1,2025,0.2881
102045,2025-02-07,Limerick,Grocery,Snacks,40.16,1,0.0,10.33,2025-02,2025Q1,2025,0.2572
103560,2025-02-07,Dublin,Grocery,Bakery,8.0,3,0.15,0.91,2025-02,2025Q1,2025,0.1138
101476,2025-02-07,Dublin,Electronics,Smart Home,140.81,1,0.0,39.1,2025-02,2025Q1,2025,0.2777
104471,2025-02-07,Limerick,Clothing,Accessories,224.4,2,0.15,32.69,2025-02,2025Q1,2025,0.1457
103942,2025-02-07,Dublin,Grocery,Snacks,70.1,3,0.0,21.14,2025-02,2025Q1,2025,0.3016
100942,2025-02-07,Galway,Homeware,Kitchenware,103.24,2,0.0,37.06,2025-02,2025Q1,2025,0.359
100419,2025-02-08,Limerick,Homeware,Lighting,240.01,1,0.0,71.45,2025-02,2025Q1,2025,0.2977
103984,2025-02-08,Cork,Clothing,Menswear,225.28,2,0.05,73.38,2025-02,2025Q1,2025,0.3257
105646,2025-02-08,Dublin,Clothing,Menswear,45.13,3,0.0,13.39,2025-02,2025Q1,2025,0.2967
101827,2025-02-08,Dublin,Electronics,Headphones,241.81,2,0.2,21.16,2025-02,2025Q1,2025,0.0875
102108,2025-02-08,Cork,Grocery,Bakery,5.75,1,0.2,1.12,2025-02,2025Q1,2025,0.1948
102127,2025-02-08,Limerick,Homeware,Kitchenware,123.3,1,0.2,6.33,2025-02,2025Q1,2025,0.0513
103188,2025-02-09,Galway,Electronics,Smart Home,619.68,4,0.15,166.79,2025-02,2025Q1,2025,0.2692
100994,2025-02-09,Dublin,Grocery,Bakery,24.48,1,0.15,4.9,2025-02,2025Q1,2025,0.2002
102360,2025-02-09,Dublin,Electronics,Headphones,355.56,1,0.0,125.79,2025-02,2025Q1,2025,0.3538
101040,2025-02-09,Cork,Grocery,Dairy,29.67,1,0.0,7.54,2025-02,2025Q1,2025,0.2541
100304,2025-02-09,Cork,Grocery,Beverages,33.16,1,0.0,8.61,2025-02,2025Q1,2025,0.2597
101239,2025-02-09,Galway,Homeware,Storage,202.15,1,0.1,31.08,2025-02,2025Q1,2025,0.1537
103918,2025-02-09,Dublin,Homeware,Furniture,80.22,2,0.0,26.69,2025-02,2025Q1,2025,0.3327
104032,2025-02-09,Dublin,Grocery,Fresh Produce,45.15,1,0.05,13.07,2025-02,2025Q1,2025,0.2895
102964,2025-02-09,Dublin,Homeware,Storage,255.41,1,0.0,89.39,2025-02,2025Q1,2025,0.35
100110,2025-02-09,Dublin,Homeware,Bedding,766.64,4,0.0,328.13,2025-02,2025Q1,2025,0.428
104996,2025-02-09,Cork,Electronics,Mobile Accessories,124.41,4,0.1,26.75,2025-02,2025Q1,2025,0.215
104575,2025-02-09,Galway,Electronics,Mobile Accessories,230.19,1,0.1,76.84,2025-02,2025Q1,2025,0.3338
106348,2025-02-10,Cork,Homeware,Storage,141.85,1,0.0,44.46,2025-02,2025Q1,2025,0.3134
105714,2025-02-10,Dublin,Homeware,Lighting,246.95,2,0.1,51.29,2025-02,2025Q1,2025,0.2077
102945,2025-02-10,Cork,Electronics,Smart Home,610.24,2,0.0,272.78,2025-02,2025Q1,2025,0.447
104475,2025-02-10,Dublin,Grocery,Dairy,23.56,1,0.2,4.42,2025-02,2025Q1,2025,0.1876
103262,2025-02-10,Dublin,Grocery,Dairy,17.7,1,0.0,7.32,2025-02,2025Q1,2025,0.4136
105679,2025-02-10,Cork,Clothing,Menswear,55.84,1,0.2,3.05,2025-02,2025Q1,2025,0.0546
101601,2025-02-10,Cork,Grocery,Fresh Produce,97.16,4,0.05,35.08,2025-02,2025Q1,2025,0.3611
104741,2025-02-11,Cork,Electronics,Smart Home,216.17,3,0.15,36.27,2025-02,2025Q1,2025,0.1678
101637,2025-02-11,Cork,Electronics,Laptops,974.57,3,0.2,146.25,2025-02,2025Q1,2025,0.1501
104423,2025-02-11,Cork,Clothing,Menswear,80.99,1,0.1,23.31,2025-02,2025Q1,2025,0.2878
102467,2025-02-11,Dublin,Grocery,Snacks,72.24,2,0.2,4.92,2025-02,2025Q1,2025,0.0681
100717,2025-02-12,Dublin,Homeware,Bedding,282.14,2,0.0,90.44,2025-02,2025Q1,2025,0.3206
105563,2025-02-12,Cork,Grocery,Fresh Produce,31.67,1,0.1,5.23,2025-02,2025Q1,2025,0.1651
103029,2025-02-12,Galway,Electronics,TVs,804.92,2,0.0,172.11,2025-02,2025Q1,2025,0.2138
103372,2025-02-12,Limerick,Clothing,Menswear,78.04,1,0.0,27.9,2025-02,2025Q1,2025,0.3575
105990,2025-02-12,Limerick,Homeware,Lighting,320.8,4,0.0,142.13,2025-02,2025Q1,2025,0.443
101986,2025-02-12,Cork,Homeware,Storage,524.52,2,0.2,121.25,2025-02,2025Q1,2025,0.2312
105381,2025-02-12,Dublin,Homeware,Storage,175.09,1,0.0,75.01,2025-02,2025Q1,2025,0.4284
100649,2025-02-12,Galway,Grocery,Beverages,15.79,2,0.0,4.51,2025-02,2025Q1,2025,0.2856
105404,2025-02-12,Cork,Electronics,Laptops,203.7,1,0.0,78.44,2025-02,2025Q1,2025,0.3851
105285,2025-02-12,Dublin,Homeware,Bedding,122.17,1,0.0,32.38,2025-02,2025Q1,2025,0.265
101992,2025-02-12,Galway,Electronics,Smart Home,416.2,2,0.1,143.34,2025-02,2025Q1,2025,0.3444
102521,2025-02-13,Cork,Electronics,Smart Home,974.97,3,0.05,324.64,2025-02,2025Q1,2025,0.333
103312,2025-02-13,Dublin,Electronics,Laptops,99.68,2,0.15,18.08,2025-02,2025Q1,2025,0.1814
100919,2025-02-13,Cork,Clothing,Womenswear,20.29,1,0.2,3.04,2025-02,2025Q1,2025,0.1498
101008,2025-02-13,Limerick,Grocery,Bakery,45.7,4,0.15,11.14,2025-02,2025Q1,2025,0.2438
105974,2025-02-13,Dublin,Grocery,Beverages,44.47,1,0.2,6.66,2025-02,2025Q1,2025,0.1498
103747,2025-02-13,Galway,Clothing,Kidswear,229.32,4,0.0,96.88,2025-02,2025Q1,2025,0.4225
101586,2025-02-13,Cork,Grocery,Bakery,65.49,3,0.15,10.91,2025-02,2025Q1,2025,0.1666
104590,2025-02-14,Dublin,Clothing,Menswear,38.08,1,0.0,15.8,2025-02,2025Q1,2025,0.4149
103559,2025-02-14,Cork,Clothing,Footwear,449.64,4,0.05,115.15,2025-02,2025Q1,2025,0.2561
100923,2025-02-14,Dublin,Homeware,Bedding,307.35,2,0.0,132.72,2025-02,2025Q1,2025,0.4318
102003,2025-02-14,Galway,Grocery,Bakery,13.43,1,0.05,4.99,2025-02,2025Q1,2025,0.3716
100663,2025-02-14,Galway,Electronics,Laptops,65.44,1,0.0,26.83,2025-02,2025Q1,2025,0.41
103534,2025-02-14,Dublin,Clothing,Footwear,42.79,1,0.0,14.08,2025-02,2025Q1,2025,0.329
104244,2025-02-14,Dublin,Electronics,Headphones,534.82,2,0.0,197.21,2025-02,2025Q1,2025,0.3687
104493,2025-02-15,Cork,Clothing,Menswear,74.88,4,0.15,17.24,2025-02,2025Q1,2025,0.2302
103493,2025-02-15,Cork,Homeware,Kitchenware,237.38,1,0.2,53.24,2025-02,2025Q1,2025,0.2243
102947,2025-02-15,Galway,Electronics,Laptops,525.66,2,0.0,188.07,2025-02,2025Q1,2025,0.3578
100493,2025-02-15,Cork,Homeware,Storage,599.1,2,0.0,161.46,2025-02,2025Q1,2025,0.2695
103289,2025-02-16,Cork,Homeware,Storage,90.1,2,0.1,24.69,2025-02,2025Q1,2025,0.274
101979,2025-02-16,Dublin,Clothing,Menswear,82.25,2,0.0,21.14,2025-02,2025Q1,2025,0.257
101153,2025-02-16,Limerick,Homeware,Kitchenware,181.87,1,0.15,46.69,2025-02,2025Q1,2025,0.2567
104548,2025-02-16,Dublin,Electronics,Mobile Accessories,1203.84,2,0.05,246.85,2025-02,2025Q1,2025,0.2051
101379,2025-02-16,Cork,Clothing,Footwear,75.3,3,0.2,13.02,2025-02,2025Q1,2025,0.1729
105472,2025-02-16,Dublin,Grocery,Bakery,11.71,2,0.0,4.95,2025-02,2025Q1,2025,0.4227
104561,2025-02-16,Dublin,Electronics,TVs,945.46,2,0.0,320.35,2025-02,2025Q1,2025,0.3388
101143,2025-02-16,Cork,Clothing,Accessories,177.96,2,0.2,36.22,2025-02,2025Q1,2025,0.2035
102432,2025-02-17,Limerick,Electronics,Headphones,1145.22,2,0.0,458.9,2025-02,2025Q1,2025,0.4007
101467,2025-02-17,Dublin,Grocery,Beverages,20.0,1,0.15,4.84,2025-02,2025Q1,2025,0.242
104424,2025-02-17,Dublin,Clothing,Kidswear,86.2,1,0.05,31.72,2025-02,2025Q1,2025,0.368
100363,2025-02-17,Dublin,Homeware,Bedding,81.94,1,0.1,20.41,2025-02,2025Q1,2025,0.2491
104021,2025-02-18,Cork,Clothing,Accessories,31.43,1,0.0,12.94,2025-02,2025Q1,2025,0.4117
106120,2025-02-18,Dublin,Electronics,TVs,1515.01,4,0.2,203.87,2025-02,2025Q1,2025,0.1346
103344,2025-02-18,Cork,Clothing,Kidswear,98.72,4,0.05,33.43,2025-02,2025Q1,2025,0.3386
106483,2025-02-18,Dublin,Homeware,Furniture,283.26,1,0.0,73.16,2025-02,2025Q1,2025,0.2583
101058,2025-02-18,Cork,Homeware,Bedding,508.2,2,0.0,145.17,2025-02,2025Q1,2025,0.2857
102054,2025-02-18,Dublin,Clothing,Footwear,10.99,1,0.0,4.43,2025-02,2025Q1,2025,0.4031
102447,2025-02-18,Dublin,Grocery,Snacks,80.98,2,0.0,25.7,2025-02,2025Q1,2025,0.3174
101538,2025-02-19,Cork,Grocery,Bakery,48.9,2,0.2,9.8,2025-02,2025Q1,2025,0.2004
102294,2025-02-19,Dublin,Homeware,Furniture,278.23,1,0.0,97.16,2025-02,2025Q1,2025,0.3492
101497,2025-02-19,Galway,Homeware,Lighting,147.22,1,0.0,38.64,2025-02,2025Q1,2025,0.2625
102820,2025-02-20,Dublin,Homeware,Lighting,167.73,1,0.15,23.22,2025-02,2025Q1,2025,0.1384
105596,2025-02-20,Dublin,Clothing,Footwear,385.4,3,0.05,86.67,2025-02,2025Q1,2025,0.2249
101582,2025-02-20,Dublin,Clothing,Accessories,238.9,2,0.05,66.03,2025-02,2025Q1,2025,0.2764
100341,2025-02-20,Galway,Grocery,Fresh Produce,21.58,1,0.0,8.37,2025-02,2025Q1,2025,0.3879
102497,2025-02-20,Cork,Grocery,Fresh Produce,76.86,2,0.0,19.67,2025-02,2025Q1,2025,0.2559
106423,2025-02-20,Dublin,Grocery,Snacks,131.76,3,0.15,38.75,2025-02,2025Q1,2025,0.2941
104000,2025-02-20,Limerick,Electronics,Laptops,583.32,1,0.2,72.72,2025-02,2025Q1,2025,0.1247
102925,2025-02-20,Limerick,Grocery,Beverages,45.26,1,0.1,6.92,2025-02,2025Q1,2025,0.1529
103220,2025-02-20,Galway,Electronics,TVs,337.23,1,0.0,149.18,2025-02,2025Q1,2025,0.4424
105292,2025-02-20,Dublin,Clothing,Footwear,49.81,1,0.15,12.74,2025-02,2025Q1,2025,0.2558
100968,2025-02-21,Limerick,Electronics,TVs,529.68,1,0.0,176.15,2025-02,2025Q1,2025,0.3326
102244,2025-02-21,Dublin,Electronics,Laptops,296.72,1,0.1,55.39,2025-02,2025Q1,2025,0.1867
105984,2025-02-21,Galway,Electronics,Headphones,536.1,2,0.0,146.88,2025-02,2025Q1,2025,0.274
102414,2025-02-21,Dublin,Grocery,Bakery,9.04,1,0.15,1.35,2025-02,2025Q1,2025,0.1493
106052,2025-02-21,Galway,Homeware,Bedding,1152.92,4,0.2,279.35,2025-02,2025Q1,2025,0.2423
104542,2025-02-21,Dublin,Clothing,Accessories,34.18,2,0.05,10.64,2025-02,2025Q1,2025,0.3113
103166,2025-02-21,Cork,Homeware,Bedding,98.88,2,0.0,40.2,2025-02,2025Q1,2025,0.4066
104340,2025-02-22,Limerick,Grocery,Fresh Produce,5.29,1,0.0,1.48,2025-02,2025Q1,2025,0.2798
101559,2025-02-22,Dublin,Grocery,Dairy,41.18,1,0.0,15.72,2025-02,2025Q1,2025,0.3817
101109,2025-02-22,Cork,Homeware,Storage,613.28,4,0.0,165.6,2025-02,2025Q1,2025,0.27
104393,2025-02-22,Galway,Clothing,Footwear,74.18,2,0.2,13.27,2025-02,2025Q1,2025,0.1789
104397,2025-02-23,Dublin,Electronics,TVs,576.84,1,0.2,47.39,2025-02,2025Q1,2025,0.0822
103750,2025-02-23,Limerick,Electronics,Laptops,1198.2,2,0.2,194.84,2025-02,2025Q1,2025,0.1626
102909,2025-02-23,Cork,Homeware,Furniture,28.38,1,0.0,11.28,2025-02,2025Q1,2025,0.3975
100170,2025-02-23,Galway,Electronics,Laptops,1898.22,3,0.0,683.37,2025-02,2025Q1,2025,0.36
100368,2025-02-23,Dublin,Electronics,TVs,385.5,1,0.15,77.1,2025-02,2025Q1,2025,0.2
102875,2025-02-23,Dublin,Clothing,Menswear,105.16,1,0.2,8.37,2025-02,2025Q1,2025,0.0796
103158,2025-02-23,Limerick,Homeware,Storage,128.86,1,0.2,19.98,2025-02,2025Q1,2025,0.1551
100744,2025-02-23,Limerick,Grocery,Fresh Produce,90.34,4,0.0,27.69,2025-02,2025Q1,2025,0.3065
104323,2025-02-23,Limerick,Clothing,Menswear,70.4,1,0.0,21.26,2025-02,2025Q1,2025,0.302
100792,2025-02-24,Dublin,Electronics,Smart Home,1218.77,4,0.05,273.02,2025-02,2025Q1,2025,0.224
102209,2025-02-24,Galway,Grocery,Bakery,38.62,2,0.0,15.25,2025-02,2025Q1,2025,0.3949
104630,2025-02-24,Dublin,Grocery,Dairy,42.92,3,0.05,10.3,2025-02,2025Q1,2025,0.24
100839,2025-02-24,Dublin,Clothing,Menswear,403.88,4,0.2,54.99,2025-02,2025Q1,2025,0.1362
101546,2025-02-24,Dublin,Grocery,Snacks,125.12,4,0.15,33.88,2025-02,2025Q1,2025,0.2708
101432,2025-02-24,Dublin,Homeware,Storage,1196.87,4,0.0,314.65,2025-02,2025Q1,2025,0.2629
100020,2025-02-24,Cork,Electronics,Headphones,103.75,3,0.0,30.08,2025-02,2025Q1,2025,0.2899
102649,2025-02-25,Galway,Homeware,Bedding,445.44,2,0.0,172.96,2025-02,2025Q1,2025,0.3883
101684,2025-02-25,Limerick,Electronics,Smart Home,1573.89,3,0.2,209.27,2025-02,2025Q1,2025,0.133
100519,2025-02-25,Dublin,Grocery,Bakery,36.35,1,0.0,15.01,2025-02,2025Q1,2025,0.4129
102317,2025-02-25,Galway,Grocery,Dairy,19.02,1,0.1,4.81,2025-02,2025Q1,2025,0.2529
104832,2025-02-25,Dublin,Homeware,Kitchenware,290.48,1,0.15,31.18,2025-02,2025Q1,2025,0.1073
100754,2025-02-25,Dublin,Electronics,Smart Home,1334.74,2,0.0,481.53,2025-02,2025Q1,2025,0.3608
102407,2025-02-25,Galway,Grocery,Bakery,10.23,1,0.1,2.76,2025-02,2025Q1,2025,0.2698
101398,2025-02-26,Dublin,Electronics,Smart Home,316.65,1,0.1,84.46,2025-02,2025Q1,2025,0.2667
101927,2025-02-26,Dublin,Clothing,Accessories,104.74,4,0.0,46.35,2025-02,2025Q1,2025,0.4425
103948,2025-02-26,Dublin,Grocery,Beverages,11.35,3,0.0,3.97,2025-02,2025Q1,2025,0.3498
100611,2025-02-26,Limerick,Clothing,Womenswear,32.48,2,0.05,12.64,2025-02,2025Q1,2025,0.3892
103532,2025-02-26,Cork,Clothing,Womenswear,115.76,2,0.05,24.18,2025-02,2025Q1,2025,0.2089
104250,2025-02-26,Limerick,Electronics,Headphones,333.32,2,0.0,116.85,2025-02,2025Q1,2025,0.3506
105334,2025-02-26,Dublin,Electronics,Headphones,1394.08,2,0.05,440.59,2025-02,2025Q1,2025,0.316
104899,2025-02-26,Dublin,Electronics,TVs,882.23,2,0.15,238.12,2025-02,2025Q1,2025,0.2699
105073,2025-02-26,Cork,Homeware,Storage,882.48,4,0.0,236.81,2025-02,2025Q1,2025,0.2683
105591,2025-02-27,Galway,Clothing,Womenswear,29.5,2,0.15,6.13,2025-02,2025Q1,2025,0.2078
100224,2025-02-27,Dublin,Homeware,Bedding,33.81,2,0.1,7.92,2025-02,2025Q1,2025,0.2343
106463,2025-02-27,Dublin,Clothing,Footwear,18.88,1,0.05,4.92,2025-02,2025Q1,2025,0.2606
105934,2025-02-27,Dublin,Clothing,Kidswear,163.05,2,0.05,32.84,2025-02,2025Q1,2025,0.2014
104354,2025-02-27,Cork,Grocery,Dairy,27.17,1,0.0,7.98,2025-02,2025Q1,2025,0.2937
103129,2025-02-27,Cork,Homeware,Bedding,154.0,1,0.0,39.46,2025-02,2025Q1,2025,0.2562
103234,2025-02-27,Dublin,Homeware,Furniture,232.91,1,0.0,81.52,2025-02,2025Q1,2025,0.35
104362,2025-02-28,Dublin,Grocery,Fresh Produce,18.95,1,0.2,3.02,2025-02,2025Q1,2025,0.1594
100743,2025-02-28,Dublin,Homeware,Bedding,525.39,2,0.05,127.44,2025-02,2025Q1,2025,0.2426
102331,2025-02-28,Galway,Homeware,Furniture,208.16,1,0.0,76.41,2025-02,2025Q1,2025,0.3671
105897,2025-02-28,Dublin,Clothing,Womenswear,63.89,4,0.0,26.2,2025-02,2025Q1,2025,0.4101
100385,2025-02-28,Dublin,Electronics,Smart Home,715.0,2,0.0,231.0,2025-02,2025Q1,2025,0.3231
100995,2025-02-28,Dublin,Electronics,Laptops,2387.72,4,0.2,349.1,2025-02,2025Q1,2025,0.1462
102969,2025-03-01,Galway,Homeware,Kitchenware,529.56,4,0.05,146.98,2025-03,2025Q1,2025,0.2776
103660,2025-03-01,Dublin,Homeware,Storage,197.13,1,0.0,81.02,2025-03,2025Q1,2025,0.411
105286,2025-03-01,Dublin,Grocery,Fresh Produce,10.64,1,0.0,2.82,2025-03,2025Q1,2025,0.265
105946,2025-03-01,Galway,Homeware,Lighting,195.84,2,0.0,87.11,2025-03,2025Q1,2025,0.4448
103670,2025-03-01,Dublin,Clothing,Accessories,178.02,3,0.0,66.66,2025-03,2025Q1,2025,0.3745
101269,2025-03-01,Limerick,Clothing,Womenswear,415.88,4,0.15,124.7,2025-03,2025Q1,2025,0.2998
100568,2025-03-01,Galway,Homeware,Furniture,897.78,3,0.0,379.89,2025-03,2025Q1,2025,0.4231
101018,2025-03-01,Galway,Grocery,Beverages,61.28,2,0.0,20.76,2025-03,2025Q1,2025,0.3388
101483,2025-03-01,Limerick,Homeware,Bedding,270.14,1,0.0,101.35,2025-03,2025Q1,2025,0.3752
100490,2025-03-01,Galway,Electronics,TVs,191.13,1,0.15,54.65,2025-03,2025Q1,2025,0.2859
104776,2025-03-01,Dublin,Grocery,Dairy,78.94,2,0.1,13.81,2025-03,2025Q1,2025,0.1749
101854,2025-03-01,Cork,Homeware,Kitchenware,615.63,3,0.15,94.22,2025-03,2025Q1,2025,0.153
100947,2025-03-01,Dublin,Homeware,Kitchenware,174.2,2,0.0,66.08,2025-03,2025Q1,2025,0.3793
100731,2025-03-01,Galway,Grocery,Fresh Produce,41.04,2,0.1,9.51,2025-03,2025Q1,2025,0.2317
103020,2025-03-01,Galway,Grocery,Dairy,24.02,1,0.15,2.97,2025-03,2025Q1,2025,0.1236
103021,2025-03-02,Galway,Electronics,Smart Home,578.82,1,0.05,213.51,2025-03,2025Q1,2025,0.3689
101384,2025-03-02,Cork,Grocery,Bakery,14.87,1,0.15,2.62,2025-03,2025Q1,2025,0.1762
103228,2025-03-02,Dublin,Clothing,Footwear,10.21,1,0.0,3.38,2025-03,2025Q1,2025,0.331
100735,2025-03-02,Galway,Grocery,Snacks,129.56,4,0.0,42.19,2025-03,2025Q1,2025,0.3256
100756,2025-03-02,Galway,Homeware,Storage,140.61,3,0.05,52.61,2025-03,2025Q1,2025,0.3742
102246,2025-03-02,Dublin,Clothing,Accessories,84.34,1,0.0,22.9,2025-03,2025Q1,2025,0.2715
100713,2025-03-02,Limerick,Homeware,Lighting,206.3,1,0.0,81.11,2025-03,2025Q1,2025,0.3932
100724,2025-03-02,Limerick,Grocery,Beverages,58.34,2,0.2,6.76,2025-03,2025Q1,2025,0.1159
102273,2025-03-03,Dublin,Electronics,Laptops,927.04,2,0.0,368.29,2025-03,2025Q1,2025,0.3973
101490,2025-03-03,Galway,Homeware,Lighting,168.65,1,0.0,75.87,2025-03,2025Q1,2025,0.4499
102548,2025-03-03,Cork,Homeware,Lighting,248.46,2,0.15,73.31,2025-03,2025Q1,2025,0.2951
104599,2025-03-03,Dublin,Electronics,TVs,2027.73,4,0.05,655.73,2025-03,2025Q1,2025,0.3234
101862,2025-03-03,Galway,Clothing,Footwear,114.85,1,0.05,40.57,2025-03,2025Q1,2025,0.3532
101617,2025-03-03,Limerick,Electronics,Smart Home,133.7,1,0.0,45.15,2025-03,2025Q1,2025,0.3377
104223,2025-03-04,Cork,Clothing,Footwear,95.48,1,0.15,14.14,2025-03,2025Q1,2025,0.1481
105728,2025-03-04,Dublin,Electronics,Smart Home,863.53,2,0.15,170.73,2025-03,2025Q1,2025,0.1977
102852,2025-03-04,Limerick,Electronics,Headphones,379.77,1,0.1,127.92,2025-03,2025Q1,2025,0.3368
104137,2025-03-04,Dublin,Electronics,Headphones,1921.51,4,0.15,408.87,2025-03,2025Q1,2025,0.2128
103554,2025-03-04,Dublin,Grocery,Dairy,29.46,3,0.0,12.45,2025-03,2025Q1,2025,0.4226
102704,2025-03-04,Galway,Electronics,Mobile Accessories,312.54,2,0.1,60.89,2025-03,2025Q1,2025,0.1948
104538,2025-03-04,Dublin,Electronics,Mobile Accessories,1463.32,3,0.1,226.33,2025-03,2025Q1,2025,0.1547
105384,2025-03-04,Limerick,Clothing,Accessories,129.24,2,0.15,28.9,2025-03,2025Q1,2025,0.2236
105560,2025-03-04,Dublin,Clothing,Kidswear,52.45,1,0.2,3.7,2025-03,2025Q1,2025,0.0705
105156,2025-03-04,Dublin,Electronics,TVs,108.99,1,0.0,45.27,2025-03,2025Q1,2025,0.4154
102669,2025-03-04,Dublin,Clothing,Footwear,232.02,2,0.05,59.03,2025-03,2025Q1,2025,0.2544
103857,2025-03-04,Cork,Clothing,Menswear,57.18,1,0.15,6.2,2025-03,2025Q1,2025,0.1084
100261,2025-03-04,Cork,Clothing,Footwear,86.4,3,0.1,18.26,2025-03,2025Q1,2025,0.2113
100146,2025-03-04,Limerick,Homeware,Storage,50.14,1,0.0,16.13,2025-03,2025Q1,2025,0.3217
101644,2025-03-04,Limerick,Grocery,Snacks,85.1,3,0.0,29.4,2025-03,2025Q1,2025,0.3455
106333,2025-03-05,Dublin,Electronics,TVs,1409.44,2,0.2,222.15,2025-03,2025Q1,2025,0.1576
101639,2025-03-05,Dublin,Grocery,Snacks,109.74,3,0.1,28.8,2025-03,2025Q1,2025,0.2624
103842,2025-03-05,Cork,Electronics,Laptops,584.43,4,0.05,152.63,2025-03,2025Q1,2025,0.2612
101285,2025-03-05,Dublin,Homeware,Bedding,289.75,1,0.0,74.56,2025-03,2025Q1,2025,0.2573
105716,2025-03-05,Cork,Electronics,TVs,152.85,1,0.0,51.22,2025-03,2025Q1,2025,0.3351
101554,2025-03-05,Cork,Electronics,Smart Home,80.24,1,0.15,19.16,2025-03,2025Q1,2025,0.2388
104372,2025-03-05,Dublin,Homeware,Bedding,199.41,1,0.2,34.54,2025-03,2025Q1,2025,0.1732
102109,2025-03-05,Limerick,Clothing,Accessories,25.06,1,0.0,10.84,2025-03,2025Q1,2025,0.4326
100433,2025-03-05,Galway,Electronics,Mobile Accessories,797.86,2,0.05,278.01,2025-03,2025Q1,2025,0.3484
103724,2025-03-06,Limerick,Homeware,Lighting,248.28,3,0.0,94.76,2025-03,2025Q1,2025,0.3817
100210,2025-03-06,Dublin,Clothing,Footwear,242.42,2,0.05,93.08,2025-03,2025Q1,2025,0.384
104869,2025-03-06,Cork,Grocery,Beverages,102.24,4,0.1,34.25,2025-03,2025Q1,2025,0.335
104546,2025-03-06,Galway,Electronics,TVs,220.11,1,0.1,42.28,2025-03,2025Q1,2025,0.1921
105251,2025-03-06,Limerick,Electronics,Smart Home,1861.59,3,0.1,413.15,2025-03,2025Q1,2025,0.2219
103728,2025-03-06,Cork,Clothing,Womenswear,35.1,2,0.0,15.38,2025-03,2025Q1,2025,0.4382
103708,2025-03-06,Cork,Homeware,Kitchenware,560.88,2,0.0,189.3,2025-03,2025Q1,2025,0.3375
101262,2025-03-06,Dublin,Electronics,Mobile Accessories,287.79,1,0.2,68.19,2025-03,2025Q1,2025,0.2369
104247,2025-03-06,Cork,Grocery,Fresh Produce,18.47,1,0.0,7.15,2025-03,2025Q1,2025,0.3871
104649,2025-03-06,Dublin,Grocery,Fresh Produce,69.18,2,0.05,23.49,2025-03,2025Q1,2025,0.3395
104309,2025-03-06,Galway,Homeware,Bedding,370.96,2,0.0,165.57,2025-03,2025Q1,2025,0.4463
104407,2025-03-06,Cork,Electronics,Smart Home,25.23,1,0.2,2.67,2025-03,2025Q1,2025,0.1058
102811,2025-03-06,Galway,Clothing,Kidswear,220.38,2,0.0,77.13,2025-03,2025Q1,2025,0.35
102484,2025-03-06,Galway,Grocery,Fresh Produce,45.27,3,0.05,12.24,2025-03,2025Q1,2025,0.2704
101052,2025-03-07,Dublin,Homeware,Storage,1255.75,4,0.0,419.34,2025-03,2025Q1,2025,0.3339
100243,2025-03-07,Dublin,Electronics,Mobile Accessories,209.66,1,0.15,36.69,2025-03,2025Q1,2025,0.175
100286,2025-03-07,Cork,Homeware,Furniture,34.24,1,0.1,5.68,2025-03,2025Q1,2025,0.1659
106089,2025-03-07,Cork,Homeware,Kitchenware,394.56,3,0.0,113.91,2025-03,2025Q1,2025,0.2887
103208,2025-03-07,Dublin,Grocery,Dairy,87.45,2,0.2,18.29,2025-03,2025Q1,2025,0.2091
104544,2025-03-07,Cork,Grocery,Bakery,5.56,2,0.0,1.95,2025-03,2025Q1,2025,0.3507
105172,2025-03-07,Galway,Clothing,Menswear,63.38,2,0.0,28.25,2025-03,2025Q1,2025,0.4457
105554,2025-03-08,Dublin,Grocery,Bakery,76.98,2,0.0,30.85,2025-03,2025Q1,2025,0.4008
102680,2025-03-08,Dublin,Grocery,Beverages,23.07,2,0.0,8.52,2025-03,2025Q1,2025,0.3693
102222,2025-03-08,Galway,Homeware,Lighting,38.08,1,0.05,9.88,2025-03,2025Q1,2025,0.2595
106193,2025-03-08,Cork,Grocery,Beverages,4.5,1,0.0,1.37,2025-03,2025Q1,2025,0.3044
102738,2025-03-08,Cork,Clothing,Footwear,128.54,2,0.05,44.26,2025-03,2025Q1,2025,0.3443
104836,2025-03-08,Dublin,Clothing,Footwear,109.9,1,0.1,22.47,2025-03,2025Q1,2025,0.2045
106185,2025-03-08,Galway,Electronics,Smart Home,1151.56,2,0.05,449.31,2025-03,2025Q1,2025,0.3902
101786,2025-03-08,Dublin,Homeware,Storage,255.53,1,0.15,47.12,2025-03,2025Q1,2025,0.1844
100674,2025-03-08,Cork,Clothing,Kidswear,20.58,2,0.1,7.11,2025-03,2025Q1,2025,0.3455
103707,2025-03-08,Dublin,Clothing,Kidswear,101.59,1,0.15,10.18,2025-03,2025Q1,2025,0.1002
102923,2025-03-09,Galway,Electronics,Mobile Accessories,410.05,1,0.0,162.54,2025-03,2025Q1,2025,0.3964
102033,2025-03-09,Cork,Homeware,Furniture,143.72,4,0.15,34.12,2025-03,2025Q1,2025,0.2374
104603,2025-03-09,Cork,Grocery,Dairy,35.1,1,0.15,9.33,2025-03,2025Q1,2025,0.2658
103249,2025-03-09,Dublin,Grocery,Beverages,33.23,1,0.0,8.76,2025-03,2025Q1,2025,0.2636
100259,2025-03-09,Dublin,Clothing,Accessories,23.91,1,0.2,3.79,2025-03,2025Q1,2025,0.1585
101392,2025-03-09,Galway,Electronics,Mobile Accessories,188.12,1,0.0,83.7,2025-03,2025Q1,2025,0.4449
100961,2025-03-09,Galway,Clothing,Accessories,87.68,1,0.1,21.89,2025-03,2025Q1,2025,0.2497
106451,2025-03-09,Limerick,Grocery,Snacks,134.98,4,0.0,36.39,2025-03,2025Q1,2025,0.2696
104024,2025-03-09,Dublin,Electronics,Headphones,655.01,1,0.1,160.02,2025-03,2025Q1,2025,0.2443
101366,2025-03-10,Dublin,Grocery,Bakery,130.51,3,0.0,44.31,2025-03,2025Q1,2025,0.3395
101752,2025-03-10,Dublin,Grocery,Dairy,62.24,3,0.1,14.1,2025-03,2025Q1,2025,0.2265
103334,2025-03-10,Limerick,Homeware,Bedding,354.51,3,0.05,92.22,2025-03,2025Q1,2025,0.2601
104005,2025-03-10,Dublin,Grocery,Bakery,76.08,4,0.0,30.2,2025-03,2025Q1,2025,0.397
106220,2025-03-10,Dublin,Homeware,Kitchenware,44.61,1,0.05,11.99,2025-03,2025Q1,2025,0.2688
105469,2025-03-10,Cork,Electronics,Smart Home,369.29,3,0.2,61.93,2025-03,2025Q1,2025,0.1677
106377,2025-03-10,Dublin,Electronics,Smart Home,730.82,2,0.05,174.01,2025-03,2025Q1,2025,0.2381
101139,2025-03-11,Cork,Electronics,Mobile Accessories,107.95,1,0.0,42.87,2025-03,2025Q1,2025,0.3971
105902,2025-03-11,Dublin,Electronics,TVs,2739.48,3,0.2,190.36,2025-03,2025Q1,2025,0.0695
104066,2025-03-11,Limerick,Grocery,Bakery,145.01,4,0.0,52.99,2025-03,2025Q1,2025,0.3654
101745,2025-03-11,Dublin,Electronics,Headphones,244.31,1,0.2,55.56,2025-03,2025Q1,2025,0.2274
103975,2025-03-11,Cork,Electronics,Smart Home,165.72,1,0.1,39.73,2025-03,2025Q1,2025,0.2397
105753,2025-03-11,Limerick,Homeware,Furniture,327.1,2,0.0,88.22,2025-03,2025Q1,2025,0.2697
103488,2025-03-12,Galway,Grocery,Bakery,7.16,1,0.2,1.41,2025-03,2025Q1,2025,0.1969
106253,2025-03-12,Dublin,Homeware,Kitchenware,315.9,1,0.2,40.95,2025-03,2025Q1,2025,0.1296
102694,2025-03-12,Dublin,Grocery,Snacks,21.91,1,0.1,4.85,2025-03,2025Q1,2025,0.2214
102082,2025-03-12,Limerick,Homeware,Kitchenware,159.87,1,0.0,43.85,2025-03,2025Q1,2025,0.2743
101859,2025-03-12,Limerick,Electronics,Smart Home,1184.9,4,0.1,405.03,2025-03,2025Q1,2025,0.3418
103637,2025-03-12,Galway,Grocery,Bakery,36.89,1,0.0,9.63,2025-03,2025Q1,2025,0.261
100306,2025-03-12,Cork,Electronics,TVs,1205.27,4,0.0,537.12,2025-03,2025Q1,2025,0.4456
100161,2025-03-12,Dublin,Clothing,Kidswear,200.38,3,0.2,13.56,2025-03,2025Q1,2025,0.0677
100256,2025-03-12,Limerick,Homeware,Lighting,192.63,1,0.0,32.47,2025-03,2025Q1,2025,0.1686
100203,2025-03-12,Cork,Grocery,Fresh Produce,36.78,1,0.0,12.03,2025-03,2025Q1,2025,0.3271
105928,2025-03-13,Galway,Clothing,Footwear,100.71,1,0.1,27.69,2025-03,2025Q1,2025,0.2749
100639,2025-03-13,Dublin,Grocery,Fresh Produce,14.74,1,0.0,3.75,2025-03,2025Q1,2025,0.2544
103902,2025-03-13,Limerick,Electronics,Smart Home,577.54,2,0.15,143.58,2025-03,2025Q1,2025,0.2486
100952,2025-03-13,Limerick,Grocery,Bakery,6.53,1,0.0,1.94,2025-03,2025Q1,2025,0.2971
100857,2025-03-13,Dublin,Grocery,Dairy,133.76,3,0.05,37.83,2025-03,2025Q1,2025,0.2828
103199,2025-03-13,Dublin,Grocery,Dairy,37.36,1,0.05,11.94,2025-03,2025Q1,2025,0.3196
103957,2025-03-13,Dublin,Electronics,Mobile Accessories,568.4,2,0.05,176.1,2025-03,2025Q1,2025,0.3098
101562,2025-03-13,Galway,Grocery,Snacks,23.14,1,0.0,6.99,2025-03,2025Q1,2025,0.3021
104486,2025-03-14,Dublin,Grocery,Beverages,21.07,1,0.0,6.03,2025-03,2025Q1,2025,0.2862
102776,2025-03-14,Cork,Homeware,Furniture,1059.88,4,0.0,327.88,2025-03,2025Q1,2025,0.3094
105704,2025-03-14,Cork,Clothing,Womenswear,69.24,2,0.05,20.77,2025-03,2025Q1,2025,0.3
105512,2025-03-14,Cork,Grocery,Fresh Produce,11.86,2,0.0,4.89,2025-03,2025Q1,2025,0.4123
106026,2025-03-14,Dublin,Electronics,Smart Home,699.06,1,0.15,76.87,2025-03,2025Q1,2025,0.11
102145,2025-03-14,Dublin,Electronics,Smart Home,995.76,2,0.15,257.53,2025-03,2025Q1,2025,0.2586
105194,2025-03-14,Dublin,Grocery,Snacks,21.34,4,0.0,5.74,2025-03,2025Q1,2025,0.269
101604,2025-03-14,Cork,Electronics,TVs,252.2,1,0.15,69.16,2025-03,2025Q1,2025,0.2742
106279,2025-03-14,Galway,Homeware,Bedding,74.52,3,0.0,26.97,2025-03,2025Q1,2025,0.3619
106135,2025-03-14,Dublin,Grocery,Dairy,14.89,1,0.0,6.68,2025-03,2025Q1,2025,0.4486
104009,2025-03-14,Dublin,Homeware,Storage,561.91,2,0.0,186.08,2025-03,2025Q1,2025,0.3312
105514,2025-03-15,Dublin,Homeware,Storage,906.45,3,0.15,228.85,2025-03,2025Q1,2025,0.2525
105118,2025-03-15,Galway,Homeware,Storage,152.21,1,0.0,53.9,2025-03,2025Q1,2025,0.3541
105744,2025-03-15,Dublin,Grocery,Bakery,5.21,1,0.2,0.39,2025-03,2025Q1,2025,0.0749
101012,2025-03-15,Galway,Grocery,Bakery,14.28,3,0.0,5.36,2025-03,2025Q1,2025,0.3754
100921,2025-03-15,Dublin,Homeware,Storage,73.82,1,0.2,16.76,2025-03,2025Q1,2025,0.227
101140,2025-03-15,Dublin,Clothing,Accessories,45.08,1,0.15,8.72,2025-03,2025Q1,2025,0.1934
100922,2025-03-15,Dublin,Electronics,TVs,467.98,1,0.2,61.66,2025-03,2025Q1,2025,0.1318
102647,2025-03-15,Cork,Clothing,Womenswear,64.65,3,0.0,19.96,2025-03,2025Q1,2025,0.3087
103453,2025-03-15,Dublin,Grocery,Dairy,10.9,4,0.0,3.3,2025-03,2025Q1,2025,0.3028
103605,2025-03-15,Dublin,Electronics,Laptops,947.07,2,0.0,322.93,2025-03,2025Q1,2025,0.341
102164,2025-03-16,Galway,Clothing,Footwear,321.36,4,0.0,115.46,2025-03,2025Q1,2025,0.3593
103770,2025-03-16,Dublin,Clothing,Womenswear,235.17,2,0.1,38.2,2025-03,2025Q1,2025,0.1624
101541,2025-03-16,Dublin,Clothing,Womenswear,115.46,1,0.0,48.81,2025-03,2025Q1,2025,0.4227
101616,2025-03-16,Dublin,Electronics,Smart Home,475.97,1,0.1,121.56,2025-03,2025Q1,2025,0.2554
103854,2025-03-16,Galway,Clothing,Footwear,21.48,1,0.0,6.6,2025-03,2025Q1,2025,0.3073
102463,2025-03-16,Cork,Electronics,Mobile Accessories,137.25,1,0.1,31.36,2025-03,2025Q1,2025,0.2285
103217,2025-03-16,Cork,Electronics,Headphones,950.27,3,0.05,259.75,2025-03,2025Q1,2025,0.2733
105543,2025-03-16,Dublin,Electronics,Headphones,298.64,1,0.0,100.03,2025-03,2025Q1,2025,0.335
100738,2025-03-16,Dublin,Homeware,Kitchenware,397.83,2,0.0,99.96,2025-03,2025Q1,2025,0.2513
102040,2025-03-16,Dublin,Grocery,Snacks,31.39,1,0.15,7.32,2025-03,2025Q1,2025,0.2332
100326,2025-03-17,Limerick,Homeware,Storage,268.03,1,0.0,115.19,2025-03,2025Q1,2025,0.4298
101090,2025-03-17,Cork,Grocery,Fresh Produce,22.58,1,0.0,6.05,2025-03,2025Q1,2025,0.2679
101864,2025-03-17,Dublin,Homeware,Furniture,213.15,1,0.15,54.37,2025-03,2025Q1,2025,0.2551
103876,2025-03-17,Galway,Homeware,Bedding,245.6,1,0.2,28.24,2025-03,2025Q1,2025,0.115
106074,2025-03-17,Galway,Clothing,Footwear,55.02,3,0.05,20.02,2025-03,2025Q1,2025,0.3639
103121,2025-03-17,Galway,Grocery,Fresh Produce,33.86,2,0.2,7.87,2025-03,2025Q1,2025,0.2324
105107,2025-03-17,Galway,Grocery,Bakery,6.79,1,0.0,2.24,2025-03,2025Q1,2025,0.3299
106105,2025-03-17,Galway,Electronics,Smart Home,790.78,2,0.0,232.18,2025-03,2025Q1,2025,0.2936
103251,2025-03-18,Galway,Clothing,Menswear,73.32,4,0.0,22.05,2025-03,2025Q1,2025,0.3007
101527,2025-03-18,Dublin,Clothing,Womenswear,61.55,2,0.15,12.51,2025-03,2025Q1,2025,0.2032
103883,2025-03-18,Galway,Electronics,Laptops,2503.56,4,0.0,626.07,2025-03,2025Q1,2025,0.2501
102980,2025-03-18,Dublin,Grocery,Bakery,10.09,1,0.0,2.61,2025-03,2025Q1,2025,0.2587
100785,2025-03-18,Galway,Clothing,Kidswear,43.26,2,0.05,13.02,2025-03,2025Q1,2025,0.301
100827,2025-03-18,Cork,Homeware,Storage,113.1,3,0.0,45.47,2025-03,2025Q1,2025,0.402
103069,2025-03-18,Limerick,Clothing,Kidswear,44.4,2,0.2,4.45,2025-03,2025Q1,2025,0.1002
103541,2025-03-18,Limerick,Homeware,Kitchenware,1007.08,4,0.2,62.34,2025-03,2025Q1,2025,0.0619
101254,2025-03-18,Limerick,Clothing,Accessories,81.82,2,0.2,14.07,2025-03,2025Q1,2025,0.172
102779,2025-03-18,Dublin,Homeware,Furniture,686.04,4,0.15,127.91,2025-03,2025Q1,2025,0.1864
100718,2025-03-18,Galway,Grocery,Dairy,20.97,3,0.0,5.95,2025-03,2025Q1,2025,0.2837
102774,2025-03-18,Galway,Homeware,Storage,301.95,3,0.0,111.85,2025-03,2025Q1,2025,0.3704
103264,2025-03-19,Dublin,Homeware,Furniture,71.97,1,0.2,12.4,2025-03,2025Q1,2025,0.1723
101928,2025-03-19,Galway,Clothing,Menswear,49.24,2,0.0,16.58,2025-03,2025Q1,2025,0.3367
102668,2025-03-19,Cork,Electronics,Mobile Accessories,227.3,1,0.0,101.09,2025-03,2025Q1,2025,0.4447
101364,2025-03-19,Dublin,Grocery,Snacks,31.12,1,0.0,10.7,2025-03,2025Q1,2025,0.3438
105506,2025-03-19,Dublin,Homeware,Lighting,182.4,1,0.0,69.66,2025-03,2025Q1,2025,0.3819
103782,2025-03-19,Cork,Homeware,Bedding,167.6,1,0.0,64.7,2025-03,2025Q1,2025,0.386
101199,2025-03-19,Limerick,Homeware,Storage,85.68,1,0.1,21.18,2025-03,2025Q1,2025,0.2472
106021,2025-03-20,Limerick,Electronics,Smart Home,1479.84,4,0.0,372.58,2025-03,2025Q1,2025,0.2518
100899,2025-03-20,Dublin,Homeware,Kitchenware,203.18,2,0.0,63.64,2025-03,2025Q1,2025,0.3132
103395,2025-03-20,Dublin,Clothing,Footwear,35.26,1,0.1,9.79,2025-03,2025Q1,2025,0.2777
104253,2025-03-20,Dublin,Electronics,TVs,680.71,1,0.0,299.93,2025-03,2025Q1,2025,0.4406
105766,2025-03-20,Dublin,Grocery,Dairy,34.18,4,0.05,6.9,2025-03,2025Q1,2025,0.2019
103357,2025-03-20,Dublin,Grocery,Beverages,10.06,1,0.0,4.22,2025-03,2025Q1,2025,0.4195
104368,2025-03-20,Galway,Homeware,Furniture,76.32,1,0.0,33.93,2025-03,2025Q1,2025,0.4446
105471,2025-03-20,Cork,Clothing,Kidswear,116.54,2,0.0,37.41,2025-03,2025Q1,2025,0.321
105836,2025-03-20,Dublin,Clothing,Womenswear,178.57,3,0.1,38.67,2025-03,2025Q1,2025,0.2166
101015,2025-03-21,Dublin,Grocery,Bakery,43.65,4,0.05,13.11,2025-03,2025Q1,2025,0.3003
101159,2025-03-21,Cork,Homeware,Kitchenware,1044.72,4,0.05,256.85,2025-03,2025Q1,2025,0.2459
102199,2025-03-21,Dublin,Homeware,Kitchenware,141.27,1,0.2,27.19,2025-03,2025Q1,2025,0.1925
102299,2025-03-21,Limerick,Grocery,Snacks,57.77,2,0.0,21.51,2025-03,2025Q1,2025,0.3723
104226,2025-03-21,Limerick,Clothing,Accessories,41.96,1,0.2,6.3,2025-03,2025Q1,2025,0.1501
101819,2025-03-21,Dublin,Clothing,Footwear,68.31,2,0.0,17.22,2025-03,2025Q1,2025,0.2521
105409,2025-03-21,Limerick,Clothing,Womenswear,14.17,1,0.1,3.99,2025-03,2025Q1,2025,0.2816
100565,2025-03-21,Galway,Grocery,Fresh Produce,48.28,2,0.1,13.0,2025-03,2025Q1,2025,0.2693
104046,2025-03-21,Dublin,Homeware,Lighting,59.39,2,0.0,25.81,2025-03,2025Q1,2025,0.4346
101718,2025-03-21,Dublin,Grocery,Snacks,41.81,2,0.1,12.51,2025-03,2025Q1,2025,0.2992
102166,2025-03-21,Dublin,Electronics,Smart Home,566.5,1,0.2,94.86,2025-03,2025Q1,2025,0.1674
103056,2025-03-21,Dublin,Clothing,Kidswear,94.66,1,0.15,17.39,2025-03,2025Q1,2025,0.1837
100040,2025-03-22,Dublin,Homeware,Furniture,466.03,3,0.0,151.63,2025-03,2025Q1,2025,0.3254
106323,2025-03-22,Dublin,Clothing,Footwear,305.99,4,0.15,80.7,2025-03,2025Q1,2025,0.2637
101469,2025-03-22,Galway,Clothing,Menswear,56.98,1,0.0,22.57,2025-03,2025Q1,2025,0.3961
100684,2025-03-22,Cork,Electronics,Laptops,68.53,1,0.0,27.3,2025-03,2025Q1,2025,0.3984
102809,2025-03-22,Limerick,Electronics,Smart Home,199.88,1,0.0,52.3,2025-03,2025Q1,2025,0.2617
101970,2025-03-22,Galway,Homeware,Kitchenware,66.06,1,0.0,20.61,2025-03,2025Q1,2025,0.312
100991,2025-03-23,Cork,Electronics,Headphones,290.79,1,0.0,93.07,2025-03,2025Q1,2025,0.3201
102343,2025-03-23,Cork,Grocery,Fresh Produce,26.94,1,0.1,4.58,2025-03,2025Q1,2025,0.17
104204,2025-03-23,Dublin,Grocery,Dairy,14.85,1,0.2,1.6,2025-03,2025Q1,2025,0.1077
104191,2025-03-23,Dublin,Clothing,Footwear,71.31,1,0.05,22.42,2025-03,2025Q1,2025,0.3144
103537,2025-03-23,Cork,Homeware,Lighting,94.01,1,0.1,24.49,2025-03,2025Q1,2025,0.2605
103571,2025-03-23,Galway,Electronics,Smart Home,433.33,1,0.0,113.14,2025-03,2025Q1,2025,0.2611
105365,2025-03-23,Galway,Homeware,Furniture,1015.2,4,0.0,413.05,2025-03,2025Q1,2025,0.4069
105571,2025-03-23,Galway,Clothing,Womenswear,93.02,2,0.05,21.71,2025-03,2025Q1,2025,0.2334
100163,2025-03-24,Dublin,Electronics,Laptops,588.31,1,0.0,219.69,2025-03,2025Q1,2025,0.3734
100372,2025-03-24,Limerick,Grocery,Fresh Produce,19.39,1,0.0,8.28,2025-03,2025Q1,2025,0.427
103999,2025-03-24,Dublin,Clothing,Womenswear,74.66,4,0.0,19.38,2025-03,2025Q1,2025,0.2596
103775,2025-03-24,Galway,Clothing,Footwear,126.5,2,0.0,31.94,2025-03,2025Q1,2025,0.2525
104248,2025-03-24,Galway,Homeware,Storage,256.14,2,0.1,78.45,2025-03,2025Q1,2025,0.3063
104185,2025-03-24,Galway,Clothing,Womenswear,54.0,1,0.1,8.67,2025-03,2025Q1,2025,0.1606
106175,2025-03-24,Limerick,Grocery,Beverages,190.46,4,0.0,52.82,2025-03,2025Q1,2025,0.2773
104655,2025-03-24,Cork,Electronics,Smart Home,493.27,3,0.15,110.36,2025-03,2025Q1,2025,0.2237
100323,2025-03-24,Galway,Homeware,Lighting,305.98,2,0.0,104.28,2025-03,2025Q1,2025,0.3408
101886,2025-03-25,Limerick,Electronics,Headphones,604.73,1,0.0,193.63,2025-03,2025Q1,2025,0.3202
105529,2025-03-25,Galway,Clothing,Menswear,12.98,1,0.1,2.43,2025-03,2025Q1,2025,0.1872
103408,2025-03-25,Dublin,Electronics,Mobile Accessories,525.64,2,0.15,88.29,2025-03,2025Q1,2025,0.168
106301,2025-03-25,Dublin,Homeware,Kitchenware,436.22,2,0.1,94.58,2025-03,2025Q1,2025,0.2168
105918,2025-03-25,Dublin,Homeware,Kitchenware,736.78,3,0.05,199.04,2025-03,2025Q1,2025,0.2701
102305,2025-03-25,Cork,Homeware,Storage,280.59,1,0.0,85.81,2025-03,2025Q1,2025,0.3058
106178,2025-03-25,Dublin,Clothing,Kidswear,116.24,4,0.0,42.21,2025-03,2025Q1,2025,0.3631
100693,2025-03-25,Cork,Clothing,Menswear,38.69,1,0.2,3.64,2025-03,2025Q1,2025,0.0941
104659,2025-03-25,Dublin,Homeware,Kitchenware,1022.44,4,0.0,272.48,2025-03,2025Q1,2025,0.2665
104002,2025-03-25,Dublin,Homeware,Furniture,84.55,1,0.0,30.58,2025-03,2025Q1,2025,0.3617
101342,2025-03-25,Dublin,Clothing,Menswear,235.66,2,0.1,68.92,2025-03,2025Q1,2025,0.2925
105342,2025-03-25,Dublin,Clothing,Footwear,273.08,2,0.05,95.97,2025-03,2025Q1,2025,0.3514
101682,2025-03-26,Limerick,Clothing,Womenswear,45.27,3,0.0,18.58,2025-03,2025Q1,2025,0.4104
105678,2025-03-26,Dublin,Electronics,TVs,605.18,2,0.0,240.91,2025-03,2025Q1,2025,0.3981
103061,2025-03-26,Limerick,Homeware,Lighting,59.1,2,0.15,10.06,2025-03,2025Q1,2025,0.1702
106203,2025-03-26,Cork,Electronics,Mobile Accessories,729.68,3,0.0,228.23,2025-03,2025Q1,2025,0.3128
103646,2025-03-26,Cork,Clothing,Womenswear,78.64,1,0.0,21.32,2025-03,2025Q1,2025,0.2711
101088,2025-03-26,Cork,Clothing,Menswear,41.52,4,0.0,16.44,2025-03,2025Q1,2025,0.396
103111,2025-03-26,Limerick,Electronics,Laptops,999.62,2,0.1,274.07,2025-03,2025Q1,2025,0.2742
105672,2025-03-26,Galway,Homeware,Furniture,213.86,2,0.0,95.61,2025-03,2025Q1,2025,0.4471
100089,2025-03-26,Dublin,Clothing,Menswear,204.49,2,0.2,24.34,2025-03,2025Q1,2025,0.119
105094,2025-03-26,Galway,Homeware,Storage,319.02,2,0.0,102.21,2025-03,2025Q1,2025,0.3204
105851,2025-03-26,Cork,Electronics,Headphones,914.21,4,0.0,362.49,2025-03,2025Q1,2025,0.3965
102027,2025-03-27,Galway,Clothing,Accessories,228.69,3,0.2,28.3,2025-03,2025Q1,2025,0.1237
105257,2025-03-27,Cork,Electronics,Headphones,741.46,3,0.0,220.72,2025-03,2025Q1,2025,0.2977
105013,2025-03-27,Dublin,Grocery,Snacks,83.35,4,0.05,20.91,2025-03,2025Q1,2025,0.2509
105190,2025-03-27,Limerick,Clothing,Womenswear,64.6,1,0.0,18.98,2025-03,2025Q1,2025,0.2938
106330,2025-03-27,Dublin,Homeware,Kitchenware,55.75,1,0.05,13.34,2025-03,2025Q1,2025,0.2393
106228,2025-03-27,Galway,Electronics,Laptops,428.4,2,0.0,159.11,2025-03,2025Q1,2025,0.3714
103590,2025-03-28,Dublin,Homeware,Storage,243.89,1,0.0,87.22,2025-03,2025Q1,2025,0.3576
100193,2025-03-28,Cork,Clothing,Womenswear,61.26,2,0.0,16.14,2025-03,2025Q1,2025,0.2635
104821,2025-03-28,Cork,Grocery,Beverages,14.82,1,0.0,3.73,2025-03,2025Q1,2025,0.2517
102106,2025-03-28,Limerick,Clothing,Accessories,230.0,4,0.2,45.1,2025-03,2025Q1,2025,0.1961
103517,2025-03-28,Galway,Clothing,Footwear,61.93,1,0.0,25.31,2025-03,2025Q1,2025,0.4087
106249,2025-03-29,Dublin,Electronics,Headphones,351.0,1,0.05,114.6,2025-03,2025Q1,2025,0.3265
101628,2025-03-29,Cork,Homeware,Kitchenware,221.69,1,0.15,54.1,2025-03,2025Q1,2025,0.244
101372,2025-03-29,Dublin,Electronics,Headphones,155.15,1,0.0,65.35,2025-03,2025Q1,2025,0.4212
100048,2025-03-29,Cork,Clothing,Accessories,57.94,1,0.15,7.4,2025-03,2025Q1,2025,0.1277
100692,2025-03-29,Dublin,Clothing,Kidswear,191.82,4,0.2,38.92,2025-03,2025Q1,2025,0.2029
103032,2025-03-29,Cork,Clothing,Womenswear,80.59,1,0.05,30.89,2025-03,2025Q1,2025,0.3833
104689,2025-03-29,Dublin,Electronics,Headphones,1159.82,2,0.05,386.72,2025-03,2025Q1,2025,0.3334
105920,2025-03-29,Galway,Clothing,Accessories,191.78,2,0.1,63.24,2025-03,2025Q1,2025,0.3298
104955,2025-03-29,Dublin,Grocery,Fresh Produce,33.15,1,0.0,12.7,2025-03,2025Q1,2025,0.3831
105336,2025-03-29,Galway,Clothing,Menswear,122.78,2,0.15,14.0,2025-03,2025Q1,2025,0.114
102020,2025-03-29,Galway,Homeware,Storage,489.26,2,0.0,123.59,2025-03,2025Q1,2025,0.2526
100477,2025-03-29,Dublin,Electronics,Laptops,1439.89,4,0.0,497.87,2025-03,2025Q1,2025,0.3458
102819,2025-03-29,Limerick,Clothing,Footwear,149.54,2,0.0,44.66,2025-03,2025Q1,2025,0.2986
102368,2025-03-30,Dublin,Clothing,Accessories,260.1,3,0.0,86.73,2025-03,2025Q1,2025,0.3334
102192,2025-03-30,Dublin,Clothing,Footwear,36.94,4,0.0,10.51,2025-03,2025Q1,2025,0.2845
100107,2025-03-30,Cork,Homeware,Furniture,116.43,3,0.0,39.72,2025-03,2025Q1,2025,0.3411
105817,2025-03-30,Dublin,Grocery,Beverages,5.88,1,0.2,1.27,2025-03,2025Q1,2025,0.216
104426,2025-03-30,Cork,Homeware,Storage,197.95,1,0.15,36.92,2025-03,2025Q1,2025,0.1865
102828,2025-03-30,Dublin,Grocery,Bakery,73.05,4,0.0,25.86,2025-03,2025Q1,2025,0.354
105513,2025-03-30,Limerick,Grocery,Dairy,83.76,2,0.05,30.74,2025-03,2025Q1,2025,0.367
105168,2025-03-30,Galway,Clothing,Footwear,83.12,1,0.15,14.93,2025-03,2025Q1,2025,0.1796
102174,2025-03-30,Galway,Clothing,Kidswear,219.32,2,0.1,49.79,2025-03,2025Q1,2025,0.227
100640,2025-03-30,Galway,Clothing,Footwear,161.32,4,0.15,17.09,2025-03,2025Q1,2025,0.1059
105705,2025-03-30,Dublin,Electronics,Smart Home,173.63,1,0.05,54.65,2025-03,2025Q1,2025,0.3147
103012,2025-03-30,Dublin,Grocery,Fresh Produce,39.61,2,0.2,5.11,2025-03,2025Q1,2025,0.129
104699,2025-03-30,Dublin,Electronics,Headphones,1093.88,4,0.15,154.98,2025-03,2025Q1,2025,0.1417
101215,2025-03-30,Limerick,Homeware,Lighting,155.06,1,0.2,20.03,2025-03,2025Q1,2025,0.1292
101120,2025-03-31,Cork,Clothing,Kidswear,332.46,3,0.15,38.62,2025-03,2025Q1,2025,0.1162
101321,2025-03-31,Dublin,Electronics,TVs,2668.69,4,0.0,770.07,2025-03,2025Q1,2025,0.2886
102911,2025-03-31,Limerick,Electronics,Mobile Accessories,219.89,1,0.1,61.08,2025-03,2025Q1,2025,0.2778
105937,2025-03-31,Limerick,Grocery,Bakery,90.62,4,0.0,30.49,2025-03,2025Q1,2025,0.3365
100810,2025-03-31,Cork,Homeware,Storage,43.86,2,0.1,12.4,2025-03,2025Q1,2025,0.2827
100610,2025-03-31,Cork,Grocery,Snacks,28.65,3,0.0,11.57,2025-03,2025Q1,2025,0.4038
103153,2025-04-01,Cork,Clothing,Kidswear,212.32,4,0.15,42.46,2025-04,2025Q2,2025,0.2
103930,2025-04-01,Galway,Clothing,Footwear,93.51,3,0.0,33.2,2025-04,2025Q2,2025,0.355
106285,2025-04-01,Dublin,Grocery,Snacks,4.83,1,0.0,2.09,2025-04,2025Q2,2025,0.4327
100555,2025-04-01,Cork,Grocery,Beverages,99.18,3,0.2,11.49,2025-04,2025Q2,2025,0.1158
104733,2025-04-01,Dublin,Homeware,Storage,574.94,3,0.0,159.13,2025-04,2025Q2,2025,0.2768
101440,2025-04-01,Cork,Grocery,Dairy,11.99,1,0.2,1.42,2025-04,2025Q2,2025,0.1184
100343,2025-04-01,Galway,Grocery,Beverages,66.58,2,0.05,18.17,2025-04,2025Q2,2025,0.2729
100727,2025-04-01,Galway,Clothing,Kidswear,17.82,1,0.0,7.34,2025-04,2025Q2,2025,0.4119
103671,2025-04-01,Limerick,Electronics,Laptops,2097.44,4,0.0,726.19,2025-04,2025Q2,2025,0.3462
105907,2025-04-01,Dublin,Grocery,Fresh Produce,30.22,1,0.1,10.58,2025-04,2025Q2,2025,0.3501
103005,2025-04-01,Cork,Clothing,Footwear,20.45,1,0.0,6.95,2025-04,2025Q2,2025,0.3399
103053,2025-04-01,Limerick,Clothing,Accessories,221.96,2,0.15,39.12,2025-04,2025Q2,2025,0.1762
100328,2025-04-01,Dublin,Electronics,Mobile Accessories,1862.79,3,0.0,473.03,2025-04,2025Q2,2025,0.2539
101794,2025-04-02,Cork,Electronics,Smart Home,449.7,2,0.0,132.89,2025-04,2025Q2,2025,0.2955
104114,2025-04-02,Dublin,Homeware,Kitchenware,334.9,1,0.0,88.64,2025-04,2025Q2,2025,0.2647
104545,2025-04-02,Cork,Grocery,Dairy,40.7,2,0.15,4.48,2025-04,2025Q2,2025,0.1101
102177,2025-04-02,Dublin,Homeware,Kitchenware,172.12,1,0.15,37.84,2025-04,2025Q2,2025,0.2198
105186,2025-04-02,Dublin,Homeware,Bedding,324.24,1,0.1,108.35,2025-04,2025Q2,2025,0.3342
101657,2025-04-02,Galway,Homeware,Bedding,336.78,2,0.0,128.64,2025-04,2025Q2,2025,0.382
102369,2025-04-02,Cork,Homeware,Bedding,195.25,1,0.2,18.43,2025-04,2025Q2,2025,0.0944
103688,2025-04-02,Galway,Clothing,Kidswear,94.63,1,0.05,20.89,2025-04,2025Q2,2025,0.2208
101773,2025-04-03,Dublin,Clothing,Accessories,103.67,1,0.05,32.38,2025-04,2025Q2,2025,0.3123
105923,2025-04-03,Dublin,Homeware,Kitchenware,95.33,2,0.1,16.25,2025-04,2025Q2,2025,0.1705
101609,2025-04-03,Galway,Grocery,Beverages,44.08,4,0.15,5.18,2025-04,2025Q2,2025,0.1175
103048,2025-04-03,Dublin,Grocery,Dairy,89.19,2,0.15,10.12,2025-04,2025Q2,2025,0.1135
104258,2025-04-03,Dublin,Clothing,Menswear,482.22,4,0.05,144.67,2025-04,2025Q2,2025,0.3
105559,2025-04-03,Dublin,Homeware,Storage,226.99,1,0.0,61.12,2025-04,2025Q2,2025,0.2693
104681,2025-04-03,Limerick,Clothing,Menswear,469.96,4,0.0,159.35,2025-04,2025Q2,2025,0.3391
105380,2025-04-04,Cork,Grocery,Snacks,22.45,1,0.2,2.68,2025-04,2025Q2,2025,0.1194
101938,2025-04-04,Galway,Homeware,Bedding,136.6,2,0.0,47.81,2025-04,2025Q2,2025,0.35
100021,2025-04-04,Dublin,Homeware,Furniture,663.14,4,0.0,239.64,2025-04,2025Q2,2025,0.3614
105148,2025-04-04,Cork,Clothing,Menswear,55.86,2,0.1,13.17,2025-04,2025Q2,2025,0.2358
105443,2025-04-04,Dublin,Clothing,Menswear,35.6,2,0.0,14.65,2025-04,2025Q2,2025,0.4115
105136,2025-04-04,Dublin,Clothing,Womenswear,71.48,3,0.2,15.07,2025-04,2025Q2,2025,0.2108
104432,2025-04-04,Cork,Clothing,Menswear,61.72,1,0.2,5.54,2025-04,2025Q2,2025,0.0898
103697,2025-04-04,Dublin,Homeware,Lighting,624.59,2,0.2,132.59,2025-04,2025Q2,2025,0.2123
100931,2025-04-04,Cork,Electronics,Smart Home,74.05,2,0.1,12.12,2025-04,2025Q2,2025,0.1637
101804,2025-04-05,Dublin,Grocery,Beverages,13.94,1,0.0,3.98,2025-04,2025Q2,2025,0.2855
105550,2025-04-05,Limerick,Grocery,Beverages,16.37,2,0.05,4.91,2025-04,2025Q2,2025,0.2999
103194,2025-04-05,Cork,Homeware,Lighting,357.2,4,0.0,135.4,2025-04,2025Q2,2025,0.3791
101783,2025-04-05,Galway,Grocery,Snacks,43.36,4,0.0,12.04,2025-04,2025Q2,2025,0.2777
102329,2025-04-05,Galway,Clothing,Kidswear,135.06,3,0.1,21.69,2025-04,2025Q2,2025,0.1606
105834,2025-04-05,Galway,Electronics,Laptops,615.14,2,0.0,209.17,2025-04,2025Q2,2025,0.34
105354,2025-04-05,Cork,Electronics,TVs,29.72,1,0.1,10.07,2025-04,2025Q2,2025,0.3388
105574,2025-04-05,Dublin,Clothing,Kidswear,38.57,1,0.15,5.94,2025-04,2025Q2,2025,0.154
102667,2025-04-05,Cork,Grocery,Snacks,7.86,3,0.0,2.82,2025-04,2025Q2,2025,0.3588
100164,2025-04-05,Limerick,Grocery,Snacks,74.4,2,0.0,25.6,2025-04,2025Q2,2025,0.3441
101210,2025-04-05,Dublin,Homeware,Lighting,215.37,2,0.2,39.45,2025-04,2025Q2,2025,0.1832
104723,2025-04-05,Galway,Clothing,Footwear,122.92,4,0.0,47.49,2025-04,2025Q2,2025,0.3863
101843,2025-04-06,Dublin,Homeware,Kitchenware,205.59,3,0.1,40.25,2025-04,2025Q2,2025,0.1958
105868,2025-04-06,Limerick,Homeware,Bedding,314.36,2,0.2,76.34,2025-04,2025Q2,2025,0.2428
104722,2025-04-06,Limerick,Homeware,Furniture,398.5,2,0.0,135.83,2025-04,2025Q2,2025,0.3409
102917,2025-04-06,Dublin,Electronics,TVs,122.87,2,0.05,43.21,2025-04,2025Q2,2025,0.3517
103762,2025-04-06,Limerick,Electronics,TVs,229.86,1,0.0,102.79,2025-04,2025Q2,2025,0.4472
100463,2025-04-06,Dublin,Homeware,Kitchenware,53.2,1,0.15,13.28,2025-04,2025Q2,2025,0.2496
103881,2025-04-06,Dublin,Electronics,Mobile Accessories,40.31,1,0.0,12.4,2025-04,2025Q2,2025,0.3076
101191,2025-04-06,Cork,Clothing,Kidswear,102.55,1,0.0,30.04,2025-04,2025Q2,2025,0.2929
102728,2025-04-06,Limerick,Clothing,Footwear,140.79,3,0.1,31.72,2025-04,2025Q2,2025,0.2253
100063,2025-04-06,Dublin,Clothing,Accessories,175.63,2,0.0,78.03,2025-04,2025Q2,2025,0.4443
100512,2025-04-06,Limerick,Electronics,Mobile Accessories,655.82,2,0.1,217.99,2025-04,2025Q2,2025,0.3324
100116,2025-04-07,Limerick,Clothing,Kidswear,201.34,2,0.05,51.16,2025-04,2025Q2,2025,0.2541
103964,2025-04-07,Galway,Homeware,Bedding,887.36,4,0.1,303.39,2025-04,2025Q2,2025,0.3419
104338,2025-04-07,Dublin,Clothing,Womenswear,90.34,1,0.2,13.43,2025-04,2025Q2,2025,0.1487
102825,2025-04-07,Limerick,Grocery,Bakery,29.7,1,0.0,10.36,2025-04,2025Q2,2025,0.3488
101839,2025-04-07,Dublin,Electronics,Laptops,1008.39,2,0.15,145.39,2025-04,2025Q2,2025,0.1442
100820,2025-04-07,Cork,Grocery,Fresh Produce,25.53,3,0.1,8.03,2025-04,2025Q2,2025,0.3145
101253,2025-04-07,Limerick,Homeware,Furniture,93.54,3,0.1,26.38,2025-04,2025Q2,2025,0.282
102994,2025-04-07,Galway,Electronics,Smart Home,177.48,4,0.15,44.05,2025-04,2025Q2,2025,0.2482
102386,2025-04-08,Cork,Grocery,Bakery,26.16,1,0.2,4.43,2025-04,2025Q2,2025,0.1693
106404,2025-04-08,Limerick,Electronics,Mobile Accessories,2261.28,4,0.15,549.82,2025-04,2025Q2,2025,0.2431
105467,2025-04-08,Galway,Clothing,Footwear,191.08,4,0.0,50.59,2025-04,2025Q2,2025,0.2648
101319,2025-04-08,Cork,Electronics,Laptops,133.52,2,0.05,48.55,2025-04,2025Q2,2025,0.3636
104220,2025-04-08,Dublin,Clothing,Footwear,284.65,4,0.0,103.57,2025-04,2025Q2,2025,0.3639
101782,2025-04-08,Cork,Homeware,Storage,23.52,1,0.05,6.69,2025-04,2025Q2,2025,0.2844
105455,2025-04-08,Galway,Clothing,Accessories,95.74,1,0.0,33.57,2025-04,2025Q2,2025,0.3506
101349,2025-04-08,Cork,Clothing,Footwear,48.72,1,0.15,10.73,2025-04,2025Q2,2025,0.2202
102409,2025-04-09,Cork,Clothing,Womenswear,77.98,2,0.1,17.36,2025-04,2025Q2,2025,0.2226
104936,2025-04-09,Dublin,Grocery,Beverages,5.58,1,0.05,1.83,2025-04,2025Q2,2025,0.328
105582,2025-04-09,Galway,Clothing,Kidswear,239.28,4,0.05,80.66,2025-04,2025Q2,2025,0.3371
100115,2025-04-09,Cork,Clothing,Menswear,96.83,1,0.2,11.53,2025-04,2025Q2,2025,0.1191
101632,2025-04-09,Dublin,Homeware,Furniture,130.85,1,0.0,49.86,2025-04,2025Q2,2025,0.381
103405,2025-04-09,Galway,Clothing,Kidswear,61.77,1,0.0,25.49,2025-04,2025Q2,2025,0.4127
101958,2025-04-09,Galway,Clothing,Womenswear,76.04,2,0.05,23.2,2025-04,2025Q2,2025,0.3051
100701,2025-04-09,Galway,Clothing,Menswear,33.14,1,0.0,8.64,2025-04,2025Q2,2025,0.2607
103091,2025-04-09,Limerick,Homeware,Kitchenware,124.36,1,0.0,34.23,2025-04,2025Q2,2025,0.2752
101027,2025-04-09,Cork,Electronics,Laptops,88.96,1,0.05,18.24,2025-04,2025Q2,2025,0.205
103979,2025-04-09,Galway,Electronics,Mobile Accessories,76.29,1,0.2,18.38,2025-04,2025Q2,2025,0.2409
102587,2025-04-09,Galway,Clothing,Womenswear,122.16,2,0.2,27.91,2025-04,2025Q2,2025,0.2285
103206,2025-04-09,Dublin,Electronics,Laptops,2055.65,3,0.2,216.24,2025-04,2025Q2,2025,0.1052
104634,2025-04-09,Galway,Clothing,Footwear,104.88,1,0.1,21.47,2025-04,2025Q2,2025,0.2047
102861,2025-04-09,Dublin,Grocery,Beverages,17.32,2,0.05,6.06,2025-04,2025Q2,2025,0.3499
103311,2025-04-09,Cork,Clothing,Footwear,29.93,1,0.1,5.55,2025-04,2025Q2,2025,0.1854
104300,2025-04-09,Dublin,Grocery,Snacks,73.92,4,0.15,9.67,2025-04,2025Q2,2025,0.1308
100612,2025-04-10,Dublin,Grocery,Bakery,22.3,1,0.15,5.09,2025-04,2025Q2,2025,0.2283
105548,2025-04-10,Galway,Electronics,Smart Home,486.61,1,0.0,125.08,2025-04,2025Q2,2025,0.257
102362,2025-04-10,Limerick,Homeware,Furniture,45.66,2,0.0,16.34,2025-04,2025Q2,2025,0.3579
103173,2025-04-10,Dublin,Grocery,Beverages,47.16,3,0.2,5.27,2025-04,2025Q2,2025,0.1117
100665,2025-04-10,Dublin,Grocery,Snacks,72.1,3,0.0,32.02,2025-04,2025Q2,2025,0.4441
106032,2025-04-10,Dublin,Electronics,Mobile Accessories,1451.73,3,0.05,412.84,2025-04,2025Q2,2025,0.2844
100204,2025-04-10,Galway,Grocery,Snacks,57.34,2,0.2,8.17,2025-04,2025Q2,2025,0.1425
100298,2025-04-11,Dublin,Grocery,Fresh Produce,15.78,1,0.05,4.76,2025-04,2025Q2,2025,0.3016
103971,2025-04-11,Dublin,Homeware,Lighting,586.98,2,0.0,197.32,2025-04,2025Q2,2025,0.3362
100254,2025-04-11,Galway,Clothing,Kidswear,122.66,2,0.15,19.71,2025-04,2025Q2,2025,0.1607
102816,2025-04-11,Dublin,Clothing,Accessories,72.52,2,0.0,28.74,2025-04,2025Q2,2025,0.3963
105493,2025-04-11,Dublin,Electronics,Mobile Accessories,946.22,2,0.0,261.98,2025-04,2025Q2,2025,0.2769
102666,2025-04-11,Dublin,Grocery,Beverages,69.23,2,0.15,15.2,2025-04,2025Q2,2025,0.2196
100473,2025-04-11,Cork,Grocery,Dairy,20.7,1,0.0,8.69,2025-04,2025Q2,2025,0.4198
100387,2025-04-11,Cork,Grocery,Dairy,99.37,2,0.1,16.58,2025-04,2025Q2,2025,0.1669
104835,2025-04-11,Cork,Homeware,Bedding,172.79,1,0.1,28.3,2025-04,2025Q2,2025,0.1638
102265,2025-04-11,Dublin,Grocery,Fresh Produce,39.22,2,0.0,10.03,2025-04,2025Q2,2025,0.2557
103716,2025-04-12,Dublin,Electronics,Headphones,939.13,1,0.05,290.86,2025-04,2025Q2,2025,0.3097
105835,2025-04-12,Dublin,Clothing,Menswear,98.11,1,0.0,27.73,2025-04,2025Q2,2025,0.2826
104167,2025-04-12,Dublin,Homeware,Lighting,266.06,2,0.0,104.24,2025-04,2025Q2,2025,0.3918
101515,2025-04-12,Dublin,Grocery,Fresh Produce,60.31,3,0.2,14.32,2025-04,2025Q2,2025,0.2374
102987,2025-04-12,Limerick,Clothing,Kidswear,72.42,1,0.15,20.03,2025-04,2025Q2,2025,0.2766
105459,2025-04-12,Cork,Electronics,Mobile Accessories,832.14,2,0.0,331.98,2025-04,2025Q2,2025,0.3989
102394,2025-04-13,Cork,Clothing,Accessories,100.28,1,0.0,35.1,2025-04,2025Q2,2025,0.35
102550,2025-04-13,Galway,Grocery,Bakery,19.2,4,0.2,0.97,2025-04,2025Q2,2025,0.0505
100905,2025-04-13,Dublin,Grocery,Snacks,24.24,1,0.05,7.17,2025-04,2025Q2,2025,0.2958
103690,2025-04-13,Galway,Electronics,Headphones,1749.16,4,0.0,516.75,2025-04,2025Q2,2025,0.2954
101278,2025-04-13,Galway,Electronics,TVs,470.43,1,0.2,84.9,2025-04,2025Q2,2025,0.1805
103702,2025-04-13,Galway,Clothing,Womenswear,103.57,1,0.2,6.13,2025-04,2025Q2,2025,0.0592
101977,2025-04-13,Galway,Homeware,Bedding,122.84,2,0.0,33.61,2025-04,2025Q2,2025,0.2736
105821,2025-04-13,Limerick,Clothing,Womenswear,19.22,1,0.0,6.68,2025-04,2025Q2,2025,0.3476
104956,2025-04-13,Dublin,Clothing,Footwear,542.39,4,0.2,87.56,2025-04,2025Q2,2025,0.1614
105413,2025-04-13,Cork,Homeware,Furniture,250.68,3,0.2,45.45,2025-04,2025Q2,2025,0.1813
102665,2025-04-13,Dublin,Homeware,Kitchenware,48.09,2,0.2,6.36,2025-04,2025Q2,2025,0.1323
106233,2025-04-13,Cork,Electronics,Headphones,248.05,2,0.0,73.64,2025-04,2025Q2,2025,0.2969
100986,2025-04-14,Limerick,Clothing,Kidswear,62.16,3,0.0,21.6,2025-04,2025Q2,2025,0.3475
104798,2025-04-14,Limerick,Clothing,Kidswear,284.37,3,0.15,71.44,2025-04,2025Q2,2025,0.2512
103551,2025-04-14,Cork,Electronics,Mobile Accessories,961.16,3,0.05,230.68,2025-04,2025Q2,2025,0.24
105120,2025-04-14,Galway,Homeware,Storage,443.6,2,0.05,140.04,2025-04,2025Q2,2025,0.3157
101943,2025-04-14,Dublin,Electronics,Headphones,355.22,1,0.0,112.82,2025-04,2025Q2,2025,0.3176
102868,2025-04-14,Dublin,Homeware,Bedding,127.17,1,0.0,47.06,2025-04,2025Q2,2025,0.3701
106080,2025-04-14,Cork,Grocery,Bakery,58.56,2,0.15,17.16,2025-04,2025Q2,2025,0.293
104126,2025-04-14,Dublin,Electronics,Laptops,578.2,2,0.0,212.4,2025-04,2025Q2,2025,0.3673
101994,2025-04-14,Dublin,Clothing,Kidswear,80.41,1,0.0,22.68,2025-04,2025Q2,2025,0.2821
104558,2025-04-14,Cork,Homeware,Lighting,882.3,3,0.0,235.66,2025-04,2025Q2,2025,0.2671
104677,2025-04-14,Cork,Electronics,Smart Home,44.38,3,0.0,17.74,2025-04,2025Q2,2025,0.3997
103052,2025-04-14,Dublin,Grocery,Dairy,4.37,1,0.0,1.27,2025-04,2025Q2,2025,0.2906
103836,2025-04-14,Cork,Grocery,Beverages,66.54,2,0.2,12.16,2025-04,2025Q2,2025,0.1827
102846,2025-04-15,Dublin,Electronics,Mobile Accessories,686.22,1,0.1,128.91,2025-04,2025Q2,2025,0.1879
105330,2025-04-15,Limerick,Electronics,TVs,298.44,2,0.0,115.96,2025-04,2025Q2,2025,0.3886
101348,2025-04-15,Dublin,Homeware,Lighting,159.6,3,0.0,65.18,2025-04,2025Q2,2025,0.4084
100274,2025-04-15,Dublin,Homeware,Lighting,327.5,2,0.0,82.16,2025-04,2025Q2,2025,0.2509
104517,2025-04-15,Dublin,Electronics,TVs,1007.26,2,0.1,189.37,2025-04,2025Q2,2025,0.188
105302,2025-04-15,Dublin,Electronics,Smart Home,2239.69,4,0.0,763.86,2025-04,2025Q2,2025,0.3411
101203,2025-04-16,Cork,Grocery,Dairy,33.56,2,0.0,12.8,2025-04,2025Q2,2025,0.3814
106082,2025-04-16,Cork,Grocery,Beverages,67.23,3,0.0,19.38,2025-04,2025Q2,2025,0.2883
105752,2025-04-16,Galway,Grocery,Bakery,23.22,1,0.15,3.16,2025-04,2025Q2,2025,0.1361
100446,2025-04-16,Limerick,Electronics,Smart Home,97.67,1,0.05,26.69,2025-04,2025Q2,2025,0.2733
105669,2025-04-16,Cork,Homeware,Kitchenware,465.66,2,0.0,130.24,2025-04,2025Q2,2025,0.2797
101984,2025-04-16,Limerick,Electronics,Mobile Accessories,1262.42,2,0.1,226.42,2025-04,2025Q2,2025,0.1794
106107,2025-04-16,Galway,Electronics,Smart Home,164.82,1,0.1,47.38,2025-04,2025Q2,2025,0.2875
101249,2025-04-16,Dublin,Homeware,Furniture,289.97,3,0.0,122.35,2025-04,2025Q2,2025,0.4219
105453,2025-04-16,Dublin,Homeware,Furniture,519.57,2,0.0,159.09,2025-04,2025Q2,2025,0.3062
106389,2025-04-16,Dublin,Clothing,Womenswear,200.82,3,0.15,41.96,2025-04,2025Q2,2025,0.2089
103413,2025-04-16,Limerick,Grocery,Beverages,6.31,2,0.2,1.23,2025-04,2025Q2,2025,0.1949
102287,2025-04-16,Galway,Clothing,Accessories,196.28,4,0.0,65.77,2025-04,2025Q2,2025,0.3351
105269,2025-04-17,Dublin,Clothing,Kidswear,97.35,1,0.15,25.29,2025-04,2025Q2,2025,0.2598
102139,2025-04-17,Dublin,Clothing,Menswear,115.87,4,0.0,42.06,2025-04,2025Q2,2025,0.363
103100,2025-04-17,Cork,Clothing,Menswear,28.79,1,0.0,8.24,2025-04,2025Q2,2025,0.2862
102905,2025-04-17,Dublin,Electronics,Mobile Accessories,292.53,1,0.0,82.63,2025-04,2025Q2,2025,0.2825
101506,2025-04-17,Dublin,Homeware,Kitchenware,75.99,2,0.0,31.95,2025-04,2025Q2,2025,0.4205
103186,2025-04-17,Dublin,Homeware,Bedding,327.35,1,0.0,87.2,2025-04,2025Q2,2025,0.2664
102014,2025-04-17,Dublin,Grocery,Dairy,22.38,1,0.0,6.28,2025-04,2025Q2,2025,0.2806
103112,2025-04-17,Dublin,Grocery,Dairy,57.71,2,0.1,10.24,2025-04,2025Q2,2025,0.1774
100816,2025-04-17,Dublin,Electronics,Mobile Accessories,1273.35,2,0.2,78.46,2025-04,2025Q2,2025,0.0616
105200,2025-04-17,Dublin,Electronics,Laptops,262.77,1,0.0,81.78,2025-04,2025Q2,2025,0.3112
105359,2025-04-18,Limerick,Electronics,Mobile Accessories,85.18,1,0.0,32.75,2025-04,2025Q2,2025,0.3845
101920,2025-04-18,Dublin,Homeware,Lighting,111.46,1,0.2,20.87,2025-04,2025Q2,2025,0.1872
101204,2025-04-18,Limerick,Clothing,Womenswear,67.61,1,0.15,15.01,2025-04,2025Q2,2025,0.222
104304,2025-04-18,Dublin,Electronics,Mobile Accessories,701.04,4,0.0,292.35,2025-04,2025Q2,2025,0.417
100135,2025-04-18,Cork,Electronics,Smart Home,652.48,2,0.15,171.18,2025-04,2025Q2,2025,0.2624
103075,2025-04-18,Dublin,Homeware,Bedding,780.71,4,0.2,125.2,2025-04,2025Q2,2025,0.1604
104194,2025-04-19,Limerick,Grocery,Fresh Produce,129.67,3,0.1,42.73,2025-04,2025Q2,2025,0.3295
100355,2025-04-19,Limerick,Clothing,Menswear,210.08,2,0.1,33.85,2025-04,2025Q2,2025,0.1611
103484,2025-04-19,Galway,Grocery,Beverages,42.08,4,0.0,15.03,2025-04,2025Q2,2025,0.3572
103257,2025-04-19,Dublin,Clothing,Footwear,84.29,2,0.0,34.2,2025-04,2025Q2,2025,0.4057
102151,2025-04-19,Cork,Grocery,Beverages,23.36,2,0.2,5.48,2025-04,2025Q2,2025,0.2346
101530,2025-04-19,Dublin,Electronics,TVs,1611.47,4,0.0,534.08,2025-04,2025Q2,2025,0.3314
100851,2025-04-19,Dublin,Grocery,Snacks,53.73,2,0.0,20.6,2025-04,2025Q2,2025,0.3834
101845,2025-04-19,Limerick,Homeware,Kitchenware,273.13,1,0.0,79.14,2025-04,2025Q2,2025,0.2898
103240,2025-04-19,Cork,Clothing,Womenswear,84.08,1,0.1,21.47,2025-04,2025Q2,2025,0.2554
106093,2025-04-20,Dublin,Homeware,Kitchenware,417.42,3,0.2,79.61,2025-04,2025Q2,2025,0.1907
102034,2025-04-20,Limerick,Electronics,Mobile Accessories,440.91,3,0.05,174.6,2025-04,2025Q2,2025,0.396
101956,2025-04-20,Dublin,Homeware,Kitchenware,596.73,2,0.15,133.96,2025-04,2025Q2,2025,0.2245
101061,2025-04-20,Dublin,Clothing,Womenswear,25.6,2,0.0,8.63,2025-04,2025Q2,2025,0.3371
104227,2025-04-20,Dublin,Clothing,Footwear,70.56,2,0.0,26.72,2025-04,2025Q2,2025,0.3787
104743,2025-04-20,Cork,Homeware,Bedding,169.42,2,0.15,17.78,2025-04,2025Q2,2025,0.1049
103582,2025-04-21,Dublin,Grocery,Beverages,9.89,4,0.0,4.28,2025-04,2025Q2,2025,0.4328
106024,2025-04-21,Cork,Grocery,Beverages,64.9,2,0.15,6.91,2025-04,2025Q2,2025,0.1065
101692,2025-04-21,Cork,Clothing,Kidswear,253.68,3,0.15,39.47,2025-04,2025Q2,2025,0.1556
104903,2025-04-21,Limerick,Electronics,Laptops,510.22,2,0.05,165.27,2025-04,2025Q2,2025,0.3239
100556,2025-04-21,Cork,Electronics,Smart Home,47.18,1,0.15,8.07,2025-04,2025Q2,2025,0.171
102126,2025-04-21,Limerick,Electronics,Headphones,131.07,1,0.15,16.56,2025-04,2025Q2,2025,0.1263
104533,2025-04-22,Dublin,Homeware,Furniture,137.98,2,0.05,29.66,2025-04,2025Q2,2025,0.215
101420,2025-04-22,Cork,Homeware,Kitchenware,438.4,4,0.15,118.8,2025-04,2025Q2,2025,0.271
105720,2025-04-22,Galway,Grocery,Fresh Produce,39.02,1,0.15,5.27,2025-04,2025Q2,2025,0.1351
104453,2025-04-22,Galway,Electronics,Mobile Accessories,277.47,3,0.0,114.15,2025-04,2025Q2,2025,0.4114
104895,2025-04-22,Dublin,Grocery,Dairy,128.96,3,0.2,15.28,2025-04,2025Q2,2025,0.1185
105568,2025-04-22,Dublin,Homeware,Kitchenware,1155.66,4,0.2,211.62,2025-04,2025Q2,2025,0.1831
106154,2025-04-22,Galway,Clothing,Menswear,83.4,2,0.2,13.86,2025-04,2025Q2,2025,0.1662
104645,2025-04-22,Galway,Grocery,Bakery,30.24,1,0.0,10.3,2025-04,2025Q2,2025,0.3406
106056,2025-04-23,Galway,Clothing,Footwear,102.95,1,0.2,5.93,2025-04,2025Q2,2025,0.0576
101093,2025-04-23,Galway,Homeware,Bedding,273.24,1,0.2,31.01,2025-04,2025Q2,2025,0.1135
103392,2025-04-23,Dublin,Homeware,Bedding,356.22,2,0.15,94.89,2025-04,2025Q2,2025,0.2664
102654,2025-04-23,Dublin,Grocery,Bakery,15.41,1,0.0,4.83,2025-04,2025Q2,2025,0.3134
102298,2025-04-23,Cork,Grocery,Snacks,20.04,3,0.0,5.98,2025-04,2025Q2,2025,0.2984
105952,2025-04-23,Cork,Electronics,Laptops,219.59,1,0.15,30.65,2025-04,2025Q2,2025,0.1396
104549,2025-04-23,Cork,Homeware,Bedding,391.88,4,0.1,105.72,2025-04,2025Q2,2025,0.2698
105177,2025-04-23,Galway,Grocery,Dairy,20.54,1,0.0,5.81,2025-04,2025Q2,2025,0.2829
106387,2025-04-23,Dublin,Homeware,Furniture,163.02,2,0.0,59.27,2025-04,2025Q2,2025,0.3636
103320,2025-04-23,Galway,Electronics,Mobile Accessories,1181.58,2,0.0,474.13,2025-04,2025Q2,2025,0.4013
104794,2025-04-23,Dublin,Electronics,Headphones,627.23,1,0.1,209.55,2025-04,2025Q2,2025,0.3341
103031,2025-04-23,Cork,Electronics,Smart Home,298.03,1,0.0,120.64,2025-04,2025Q2,2025,0.4048
104395,2025-04-24,Limerick,Homeware,Storage,135.26,1,0.0,46.77,2025-04,2025Q2,2025,0.3458
103635,2025-04-24,Galway,Clothing,Womenswear,114.75,1,0.0,44.3,2025-04,2025Q2,2025,0.3861
103904,2025-04-24,Galway,Homeware,Lighting,15.17,1,0.15,2.89,2025-04,2025Q2,2025,0.1905
101283,2025-04-24,Dublin,Grocery,Fresh Produce,16.73,3,0.1,3.62,2025-04,2025Q2,2025,0.2164
105056,2025-04-24,Galway,Clothing,Kidswear,110.37,3,0.1,24.69,2025-04,2025Q2,2025,0.2237
102482,2025-04-24,Cork,Electronics,Mobile Accessories,127.7,1,0.05,32.34,2025-04,2025Q2,2025,0.2532
100145,2025-04-25,Limerick,Homeware,Furniture,413.42,2,0.05,127.19,2025-04,2025Q2,2025,0.3077
103681,2025-04-25,Dublin,Electronics,Headphones,293.95,1,0.1,86.86,2025-04,2025Q2,2025,0.2955
100378,2025-04-25,Limerick,Homeware,Kitchenware,227.91,1,0.0,87.48,2025-04,2025Q2,2025,0.3838
100521,2025-04-25,Galway,Grocery,Bakery,68.76,2,0.05,25.61,2025-04,2025Q2,2025,0.3725
106045,2025-04-25,Galway,Clothing,Accessories,104.62,1,0.1,32.8,2025-04,2025Q2,2025,0.3135
103150,2025-04-25,Cork,Electronics,Laptops,130.85,1,0.0,34.51,2025-04,2025Q2,2025,0.2637
101358,2025-04-25,Galway,Grocery,Bakery,117.27,3,0.0,31.45,2025-04,2025Q2,2025,0.2682
105123,2025-04-25,Limerick,Electronics,TVs,423.78,3,0.0,114.24,2025-04,2025Q2,2025,0.2696
106464,2025-04-25,Cork,Clothing,Kidswear,11.14,1,0.0,4.13,2025-04,2025Q2,2025,0.3707
102963,2025-04-26,Dublin,Electronics,Smart Home,518.85,1,0.05,143.92,2025-04,2025Q2,2025,0.2774
103050,2025-04-26,Limerick,Grocery,Dairy,35.64,1,0.05,12.08,2025-04,2025Q2,2025,0.3389
102848,2025-04-26,Galway,Homeware,Lighting,430.8,2,0.05,157.51,2025-04,2025Q2,2025,0.3656
102200,2025-04-26,Cork,Clothing,Accessories,97.1,2,0.2,23.66,2025-04,2025Q2,2025,0.2437
100154,2025-04-26,Dublin,Clothing,Kidswear,41.87,1,0.0,12.24,2025-04,2025Q2,2025,0.2923
104333,2025-04-26,Dublin,Homeware,Storage,176.57,1,0.05,59.34,2025-04,2025Q2,2025,0.3361
102637,2025-04-26,Cork,Grocery,Beverages,95.92,4,0.2,23.11,2025-04,2025Q2,2025,0.2409
103831,2025-04-26,Cork,Clothing,Kidswear,98.96,4,0.15,18.73,2025-04,2025Q2,2025,0.1893
103970,2025-04-26,Cork,Homeware,Lighting,590.86,2,0.2,36.7,2025-04,2025Q2,2025,0.0621
106174,2025-04-26,Dublin,Clothing,Womenswear,16.49,1,0.0,7.16,2025-04,2025Q2,2025,0.4342
103054,2025-04-26,Dublin,Grocery,Beverages,49.4,2,0.2,7.41,2025-04,2025Q2,2025,0.15
104144,2025-04-26,Dublin,Homeware,Lighting,141.25,1,0.15,28.04,2025-04,2025Q2,2025,0.1985
105005,2025-04-27,Dublin,Electronics,Headphones,85.31,2,0.2,14.31,2025-04,2025Q2,2025,0.1677
103143,2025-04-28,Galway,Clothing,Footwear,144.52,2,0.0,45.97,2025-04,2025Q2,2025,0.3181
103244,2025-04-28,Dublin,Grocery,Snacks,39.26,2,0.05,8.52,2025-04,2025Q2,2025,0.217
102914,2025-04-28,Cork,Electronics,Smart Home,263.19,1,0.0,107.13,2025-04,2025Q2,2025,0.407
103246,2025-04-28,Dublin,Electronics,Laptops,1087.88,2,0.1,302.45,2025-04,2025Q2,2025,0.278
101184,2025-04-28,Galway,Clothing,Womenswear,93.46,1,0.05,34.98,2025-04,2025Q2,2025,0.3743
103588,2025-04-28,Cork,Grocery,Dairy,8.88,1,0.2,1.43,2025-04,2025Q2,2025,0.161
105360,2025-04-28,Dublin,Electronics,TVs,1214.17,2,0.0,320.05,2025-04,2025Q2,2025,0.2636
105500,2025-04-28,Dublin,Homeware,Bedding,263.03,3,0.0,88.64,2025-04,2025Q2,2025,0.337
106307,2025-04-29,Cork,Electronics,Headphones,57.72,2,0.0,20.1,2025-04,2025Q2,2025,0.3482
104833,2025-04-29,Cork,Homeware,Storage,128.25,1,0.1,33.85,2025-04,2025Q2,2025,0.2639
105077,2025-04-29,Cork,Grocery,Beverages,32.26,2,0.15,4.28,2025-04,2025Q2,2025,0.1327
105418,2025-04-29,Dublin,Homeware,Lighting,445.76,2,0.0,156.02,2025-04,2025Q2,2025,0.35
100733,2025-04-29,Dublin,Grocery,Snacks,32.79,1,0.0,12.87,2025-04,2025Q2,2025,0.3925
104949,2025-04-29,Cork,Grocery,Fresh Produce,6.93,1,0.1,1.46,2025-04,2025Q2,2025,0.2107
101155,2025-04-29,Dublin,Electronics,Laptops,739.66,1,0.2,93.95,2025-04,2025Q2,2025,0.127
103371,2025-04-29,Galway,Homeware,Lighting,219.97,1,0.0,98.65,2025-04,2025Q2,2025,0.4485
100608,2025-04-30,Cork,Homeware,Kitchenware,25.67,1,0.0,10.48,2025-04,2025Q2,2025,0.4083
103265,2025-04-30,Galway,Electronics,Mobile Accessories,1123.32,3,0.0,328.17,2025-04,2025Q2,2025,0.2921
102072,2025-04-30,Limerick,Clothing,Accessories,31.59,3,0.0,11.56,2025-04,2025Q2,2025,0.3659
104664,2025-04-30,Dublin,Homeware,Kitchenware,125.81,1,0.1,34.26,2025-04,2025Q2,2025,0.2723
103294,2025-04-30,Dublin,Grocery,Dairy,8.71,1,0.15,0.95,2025-04,2025Q2,2025,0.1091
105074,2025-04-30,Dublin,Grocery,Snacks,40.63,1,0.2,6.03,2025-04,2025Q2,2025,0.1484
101072,2025-04-30,Cork,Grocery,Dairy,144.76,4,0.0,41.93,2025-04,2025Q2,2025,0.2897
102613,2025-04-30,Limerick,Clothing,Menswear,56.57,1,0.1,15.67,2025-04,2025Q2,2025,0.277
100184,2025-04-30,Cork,Homeware,Storage,269.01,1,0.0,70.94,2025-04,2025Q2,2025,0.2637
106370,2025-04-30,Dublin,Clothing,Footwear,338.72,3,0.0,131.7,2025-04,2025Q2,2025,0.3888
104373,2025-05-01,Cork,Homeware,Bedding,370.9,2,0.0,102.1,2025-05,2025Q2,2025,0.2753
105696,2025-05-01,Dublin,Homeware,Lighting,450.57,3,0.1,72.48,2025-05,2025Q2,2025,0.1609
100558,2025-05-01,Dublin,Clothing,Footwear,118.14,1,0.2,21.3,2025-05,2025Q2,2025,0.1803
100855,2025-05-01,Cork,Electronics,Laptops,207.16,2,0.15,56.04,2025-05,2025Q2,2025,0.2705
101780,2025-05-01,Cork,Homeware,Lighting,428.66,2,0.0,191.56,2025-05,2025Q2,2025,0.4469
100867,2025-05-01,Cork,Homeware,Kitchenware,1183.96,4,0.0,528.84,2025-05,2025Q2,2025,0.4467
102216,2025-05-01,Limerick,Grocery,Fresh Produce,121.63,4,0.1,31.57,2025-05,2025Q2,2025,0.2596
104467,2025-05-01,Dublin,Electronics,Smart Home,257.02,1,0.2,32.71,2025-05,2025Q2,2025,0.1273
105684,2025-05-01,Limerick,Grocery,Beverages,42.24,1,0.15,6.81,2025-05,2025Q2,2025,0.1612
101060,2025-05-02,Cork,Grocery,Fresh Produce,76.9,2,0.0,24.34,2025-05,2025Q2,2025,0.3165
100980,2025-05-02,Dublin,Clothing,Menswear,158.81,2,0.0,51.13,2025-05,2025Q2,2025,0.322
101904,2025-05-02,Dublin,Grocery,Beverages,108.61,4,0.0,28.53,2025-05,2025Q2,2025,0.2627
105084,2025-05-02,Dublin,Electronics,Laptops,784.15,3,0.1,240.62,2025-05,2025Q2,2025,0.3069
102638,2025-05-02,Galway,Grocery,Beverages,64.48,4,0.0,22.52,2025-05,2025Q2,2025,0.3493
104337,2025-05-02,Limerick,Homeware,Storage,119.92,1,0.15,27.65,2025-05,2025Q2,2025,0.2306
100869,2025-05-02,Limerick,Electronics,Smart Home,208.66,1,0.15,56.62,2025-05,2025Q2,2025,0.2714
104970,2025-05-02,Dublin,Electronics,Mobile Accessories,2182.95,3,0.2,327.44,2025-05,2025Q2,2025,0.15
103536,2025-05-03,Cork,Grocery,Dairy,13.96,1,0.1,4.68,2025-05,2025Q2,2025,0.3352
106011,2025-05-03,Limerick,Electronics,Laptops,41.01,1,0.0,15.54,2025-05,2025Q2,2025,0.3789
102844,2025-05-03,Cork,Homeware,Storage,273.75,1,0.1,43.0,2025-05,2025Q2,2025,0.1571
104789,2025-05-03,Cork,Clothing,Kidswear,353.85,3,0.05,95.5,2025-05,2025Q2,2025,0.2699
100984,2025-05-03,Cork,Homeware,Lighting,338.58,3,0.1,92.15,2025-05,2025Q2,2025,0.2722
106039,2025-05-03,Limerick,Homeware,Lighting,477.14,2,0.15,63.53,2025-05,2025Q2,2025,0.1331
106155,2025-05-03,Galway,Electronics,Mobile Accessories,1255.17,3,0.0,543.03,2025-05,2025Q2,2025,0.4326
101395,2025-05-03,Dublin,Grocery,Snacks,79.0,3,0.05,21.39,2025-05,2025Q2,2025,0.2708
105221,2025-05-03,Dublin,Clothing,Menswear,105.27,1,0.05,34.92,2025-05,2025Q2,2025,0.3317
105718,2025-05-03,Limerick,Clothing,Menswear,104.88,2,0.2,12.84,2025-05,2025Q2,2025,0.1224
105692,2025-05-03,Dublin,Grocery,Beverages,37.02,3,0.0,10.75,2025-05,2025Q2,2025,0.2904
100818,2025-05-03,Cork,Clothing,Accessories,83.12,2,0.0,27.97,2025-05,2025Q2,2025,0.3365
104755,2025-05-03,Cork,Grocery,Beverages,58.68,2,0.1,10.25,2025-05,2025Q2,2025,0.1747
101367,2025-05-04,Limerick,Electronics,Mobile Accessories,563.42,1,0.0,162.18,2025-05,2025Q2,2025,0.2878
105468,2025-05-04,Cork,Grocery,Dairy,73.06,2,0.05,22.89,2025-05,2025Q2,2025,0.3133
102187,2025-05-04,Dublin,Homeware,Kitchenware,258.17,1,0.05,78.37,2025-05,2025Q2,2025,0.3036
104109,2025-05-04,Dublin,Grocery,Beverages,9.89,2,0.0,2.8,2025-05,2025Q2,2025,0.2831
104151,2025-05-04,Galway,Electronics,TVs,64.57,1,0.2,5.17,2025-05,2025Q2,2025,0.0801
102434,2025-05-04,Cork,Electronics,Smart Home,603.16,2,0.0,246.64,2025-05,2025Q2,2025,0.4089
101755,2025-05-04,Limerick,Homeware,Lighting,267.85,1,0.0,114.46,2025-05,2025Q2,2025,0.4273
103650,2025-05-04,Cork,Grocery,Fresh Produce,74.84,2,0.2,4.53,2025-05,2025Q2,2025,0.0605
104243,2025-05-04,Dublin,Homeware,Kitchenware,750.17,4,0.0,199.31,2025-05,2025Q2,2025,0.2657
101485,2025-05-05,Dublin,Grocery,Bakery,31.72,2,0.0,14.2,2025-05,2025Q2,2025,0.4477
105894,2025-05-05,Limerick,Grocery,Fresh Produce,38.56,1,0.0,13.07,2025-05,2025Q2,2025,0.339
104306,2025-05-05,Dublin,Electronics,Smart Home,629.74,2,0.1,213.53,2025-05,2025Q2,2025,0.3391
103250,2025-05-05,Dublin,Electronics,Mobile Accessories,767.0,4,0.0,209.06,2025-05,2025Q2,2025,0.2726
103306,2025-05-05,Dublin,Electronics,TVs,35.86,1,0.2,5.73,2025-05,2025Q2,2025,0.1598
105324,2025-05-05,Dublin,Homeware,Bedding,479.64,2,0.0,139.83,2025-05,2025Q2,2025,0.2915
102303,2025-05-05,Dublin,Homeware,Bedding,800.4,4,0.05,273.88,2025-05,2025Q2,2025,0.3422
100617,2025-05-05,Galway,Electronics,Smart Home,334.55,1,0.1,66.7,2025-05,2025Q2,2025,0.1994
101096,2025-05-06,Cork,Homeware,Lighting,26.99,1,0.0,7.3,2025-05,2025Q2,2025,0.2705
101494,2025-05-06,Dublin,Clothing,Menswear,131.84,1,0.2,10.2,2025-05,2025Q2,2025,0.0774
101540,2025-05-06,Dublin,Clothing,Menswear,96.97,1,0.1,18.53,2025-05,2025Q2,2025,0.1911
106293,2025-05-06,Galway,Homeware,Lighting,1035.12,4,0.0,334.73,2025-05,2025Q2,2025,0.3234
102830,2025-05-07,Dublin,Electronics,TVs,725.1,1,0.1,195.59,2025-05,2025Q2,2025,0.2697
101251,2025-05-07,Cork,Grocery,Fresh Produce,59.82,2,0.0,15.26,2025-05,2025Q2,2025,0.2551
105344,2025-05-07,Dublin,Grocery,Snacks,24.66,4,0.0,7.0,2025-05,2025Q2,2025,0.2839
102435,2025-05-07,Dublin,Electronics,Smart Home,112.12,1,0.2,12.21,2025-05,2025Q2,2025,0.1089
103260,2025-05-07,Cork,Grocery,Snacks,7.08,1,0.15,1.0,2025-05,2025Q2,2025,0.1412
105758,2025-05-07,Limerick,Clothing,Accessories,81.34,2,0.05,26.46,2025-05,2025Q2,2025,0.3253
104014,2025-05-07,Dublin,Grocery,Snacks,83.49,2,0.15,24.02,2025-05,2025Q2,2025,0.2877
102887,2025-05-07,Dublin,Electronics,Smart Home,602.19,2,0.15,130.33,2025-05,2025Q2,2025,0.2164
100062,2025-05-07,Galway,Clothing,Footwear,200.96,2,0.0,77.48,2025-05,2025Q2,2025,0.3855
101312,2025-05-07,Galway,Grocery,Beverages,43.36,4,0.1,6.97,2025-05,2025Q2,2025,0.1607
100800,2025-05-07,Galway,Grocery,Snacks,9.8,1,0.0,0.51,2025-05,2025Q2,2025,0.052
102838,2025-05-07,Cork,Grocery,Beverages,119.72,4,0.0,49.05,2025-05,2025Q2,2025,0.4097
102124,2025-05-07,Cork,Electronics,TVs,81.8,1,0.2,16.74,2025-05,2025Q2,2025,0.2046
106034,2025-05-07,Limerick,Clothing,Womenswear,74.62,1,0.05,19.23,2025-05,2025Q2,2025,0.2577
105434,2025-05-07,Cork,Homeware,Bedding,262.57,1,0.15,66.41,2025-05,2025Q2,2025,0.2529
101435,2025-05-08,Cork,Electronics,Smart Home,1121.65,4,0.15,133.38,2025-05,2025Q2,2025,0.1189
100560,2025-05-08,Dublin,Grocery,Bakery,75.74,2,0.05,18.42,2025-05,2025Q2,2025,0.2432
105898,2025-05-08,Dublin,Grocery,Bakery,40.61,1,0.0,8.39,2025-05,2025Q2,2025,0.2066
105014,2025-05-08,Dublin,Clothing,Kidswear,184.3,2,0.0,72.71,2025-05,2025Q2,2025,0.3945
105685,2025-05-08,Limerick,Clothing,Accessories,330.99,3,0.1,60.48,2025-05,2025Q2,2025,0.1827
100975,2025-05-08,Cork,Grocery,Beverages,58.62,4,0.1,9.76,2025-05,2025Q2,2025,0.1665
105629,2025-05-08,Cork,Grocery,Bakery,15.61,2,0.0,6.44,2025-05,2025Q2,2025,0.4126
100432,2025-05-08,Galway,Clothing,Kidswear,221.91,3,0.2,18.32,2025-05,2025Q2,2025,0.0826
104410,2025-05-08,Galway,Clothing,Accessories,24.0,1,0.0,10.28,2025-05,2025Q2,2025,0.4283
101790,2025-05-09,Dublin,Homeware,Bedding,233.01,2,0.2,12.47,2025-05,2025Q2,2025,0.0535
104155,2025-05-09,Limerick,Grocery,Snacks,88.22,2,0.0,38.01,2025-05,2025Q2,2025,0.4309
102757,2025-05-09,Dublin,Electronics,Laptops,1320.9,3,0.0,515.43,2025-05,2025Q2,2025,0.3902
105511,2025-05-09,Dublin,Grocery,Snacks,16.51,2,0.2,3.73,2025-05,2025Q2,2025,0.2259
104328,2025-05-09,Cork,Electronics,Headphones,242.4,4,0.2,41.04,2025-05,2025Q2,2025,0.1693
100736,2025-05-09,Dublin,Homeware,Bedding,213.52,1,0.2,35.62,2025-05,2025Q2,2025,0.1668
100436,2025-05-09,Dublin,Clothing,Kidswear,273.03,2,0.0,80.59,2025-05,2025Q2,2025,0.2952
102509,2025-05-09,Dublin,Grocery,Snacks,43.61,3,0.2,10.45,2025-05,2025Q2,2025,0.2396
100548,2025-05-09,Limerick,Homeware,Bedding,217.26,2,0.15,27.21,2025-05,2025Q2,2025,0.1252
103557,2025-05-09,Dublin,Grocery,Fresh Produce,68.77,2,0.0,11.06,2025-05,2025Q2,2025,0.1608
106398,2025-05-09,Cork,Electronics,Smart Home,720.75,3,0.1,178.52,2025-05,2025Q2,2025,0.2477
106495,2025-05-09,Cork,Clothing,Accessories,22.42,1,0.0,5.64,2025-05,2025Q2,2025,0.2516
103861,2025-05-09,Dublin,Clothing,Menswear,231.22,2,0.2,36.19,2025-05,2025Q2,2025,0.1565
104325,2025-05-10,Dublin,Electronics,Headphones,194.41,1,0.0,73.27,2025-05,2025Q2,2025,0.3769
106179,2025-05-10,Limerick,Homeware,Bedding,246.53,1,0.1,38.81,2025-05,2025Q2,2025,0.1574
104807,2025-05-10,Galway,Electronics,Mobile Accessories,341.97,3,0.0,90.15,2025-05,2025Q2,2025,0.2636
105086,2025-05-10,Dublin,Clothing,Kidswear,139.38,4,0.0,38.87,2025-05,2025Q2,2025,0.2789
105388,2025-05-10,Cork,Clothing,Accessories,223.4,4,0.0,59.39,2025-05,2025Q2,2025,0.2658
100650,2025-05-11,Dublin,Homeware,Kitchenware,168.31,2,0.0,47.75,2025-05,2025Q2,2025,0.2837
105199,2025-05-11,Cork,Homeware,Lighting,176.15,1,0.1,58.26,2025-05,2025Q2,2025,0.3307
100483,2025-05-11,Galway,Grocery,Dairy,28.49,1,0.1,8.91,2025-05,2025Q2,2025,0.3127
106475,2025-05-11,Dublin,Grocery,Fresh Produce,38.78,4,0.1,11.68,2025-05,2025Q2,2025,0.3012
105001,2025-05-11,Dublin,Homeware,Furniture,303.81,2,0.0,125.99,2025-05,2025Q2,2025,0.4147
104914,2025-05-11,Galway,Homeware,Bedding,277.68,3,0.15,70.32,2025-05,2025Q2,2025,0.2532
103047,2025-05-11,Cork,Homeware,Furniture,1181.71,4,0.1,411.63,2025-05,2025Q2,2025,0.3483
100831,2025-05-11,Cork,Electronics,TVs,718.81,3,0.05,267.36,2025-05,2025Q2,2025,0.3719
104401,2025-05-11,Dublin,Grocery,Beverages,43.22,1,0.0,12.1,2025-05,2025Q2,2025,0.28
104983,2025-05-11,Dublin,Electronics,Mobile Accessories,560.08,1,0.0,236.96,2025-05,2025Q2,2025,0.4231
103317,2025-05-12,Cork,Homeware,Storage,735.87,3,0.0,291.27,2025-05,2025Q2,2025,0.3958
106413,2025-05-12,Dublin,Electronics,TVs,164.16,1,0.0,47.29,2025-05,2025Q2,2025,0.2881
105958,2025-05-12,Cork,Homeware,Furniture,259.08,1,0.0,69.99,2025-05,2025Q2,2025,0.2701
102612,2025-05-12,Cork,Homeware,Kitchenware,22.4,1,0.0,9.72,2025-05,2025Q2,2025,0.4339
102806,2025-05-12,Galway,Homeware,Kitchenware,220.34,2,0.05,48.14,2025-05,2025Q2,2025,0.2185
102872,2025-05-12,Galway,Electronics,TVs,81.96,1,0.2,4.47,2025-05,2025Q2,2025,0.0545
105464,2025-05-12,Dublin,Homeware,Storage,1472.38,4,0.1,283.18,2025-05,2025Q2,2025,0.1923
100053,2025-05-12,Dublin,Grocery,Snacks,135.79,4,0.05,29.34,2025-05,2025Q2,2025,0.2161
101035,2025-05-12,Dublin,Grocery,Fresh Produce,13.41,1,0.05,4.98,2025-05,2025Q2,2025,0.3714
103440,2025-05-12,Dublin,Homeware,Bedding,1369.79,4,0.0,382.32,2025-05,2025Q2,2025,0.2791
100864,2025-05-12,Cork,Grocery,Dairy,18.32,1,0.15,2.23,2025-05,2025Q2,2025,0.1217
101424,2025-05-12,Galway,Electronics,Laptops,1190.81,2,0.0,337.15,2025-05,2025Q2,2025,0.2831
101250,2025-05-13,Galway,Electronics,TVs,516.84,2,0.05,103.82,2025-05,2025Q2,2025,0.2009
101233,2025-05-13,Dublin,Electronics,TVs,337.64,1,0.15,41.43,2025-05,2025Q2,2025,0.1227
103826,2025-05-13,Galway,Clothing,Kidswear,190.88,2,0.05,60.9,2025-05,2025Q2,2025,0.319
104463,2025-05-13,Dublin,Clothing,Accessories,174.09,2,0.05,48.66,2025-05,2025Q2,2025,0.2795
104706,2025-05-13,Cork,Grocery,Bakery,34.18,1,0.05,8.72,2025-05,2025Q2,2025,0.2551
101511,2025-05-13,Limerick,Grocery,Bakery,4.32,1,0.0,1.5,2025-05,2025Q2,2025,0.3472
100569,2025-05-13,Cork,Homeware,Kitchenware,199.16,4,0.05,45.4,2025-05,2025Q2,2025,0.228
103859,2025-05-13,Limerick,Clothing,Footwear,210.16,4,0.0,58.92,2025-05,2025Q2,2025,0.2804
105415,2025-05-13,Dublin,Electronics,Laptops,486.56,2,0.2,92.87,2025-05,2025Q2,2025,0.1909
100732,2025-05-14,Dublin,Electronics,TVs,84.85,2,0.0,28.79,2025-05,2025Q2,2025,0.3393
103146,2025-05-14,Galway,Electronics,Headphones,643.03,1,0.0,250.69,2025-05,2025Q2,2025,0.3899
105909,2025-05-14,Cork,Homeware,Bedding,443.28,3,0.2,90.38,2025-05,2025Q2,2025,0.2039
104162,2025-05-14,Cork,Homeware,Storage,530.22,2,0.1,97.34,2025-05,2025Q2,2025,0.1836
104201,2025-05-14,Dublin,Homeware,Kitchenware,217.88,1,0.0,60.0,2025-05,2025Q2,2025,0.2754
100091,2025-05-14,Limerick,Electronics,TVs,203.28,3,0.15,23.54,2025-05,2025Q2,2025,0.1158
102041,2025-05-14,Cork,Grocery,Beverages,32.01,1,0.0,11.97,2025-05,2025Q2,2025,0.3739
102411,2025-05-14,Galway,Clothing,Womenswear,49.41,1,0.2,6.03,2025-05,2025Q2,2025,0.122
103155,2025-05-14,Cork,Electronics,TVs,923.34,4,0.15,200.01,2025-05,2025Q2,2025,0.2166
101037,2025-05-15,Limerick,Clothing,Menswear,13.06,1,0.1,2.79,2025-05,2025Q2,2025,0.2136
105096,2025-05-15,Cork,Grocery,Fresh Produce,26.63,1,0.05,6.27,2025-05,2025Q2,2025,0.2354
104629,2025-05-15,Cork,Homeware,Furniture,76.77,1,0.1,21.91,2025-05,2025Q2,2025,0.2854
102007,2025-05-15,Galway,Homeware,Furniture,106.57,1,0.0,45.79,2025-05,2025Q2,2025,0.4297
100344,2025-05-15,Cork,Homeware,Lighting,180.2,1,0.0,75.2,2025-05,2025Q2,2025,0.4173
102705,2025-05-15,Cork,Grocery,Beverages,141.28,4,0.1,47.81,2025-05,2025Q2,2025,0.3384
101145,2025-05-15,Cork,Grocery,Bakery,42.69,3,0.05,12.68,2025-05,2025Q2,2025,0.297
102015,2025-05-15,Cork,Electronics,Laptops,161.72,2,0.0,59.15,2025-05,2025Q2,2025,0.3658
102679,2025-05-16,Cork,Clothing,Footwear,13.46,1,0.05,4.5,2025-05,2025Q2,2025,0.3343
101561,2025-05-16,Galway,Homeware,Lighting,267.37,1,0.0,93.38,2025-05,2025Q2,2025,0.3493
103584,2025-05-16,Cork,Grocery,Beverages,18.75,1,0.05,7.02,2025-05,2025Q2,2025,0.3744
100061,2025-05-16,Dublin,Grocery,Snacks,66.42,2,0.0,20.14,2025-05,2025Q2,2025,0.3032
105790,2025-05-16,Dublin,Grocery,Bakery,50.37,3,0.0,12.62,2025-05,2025Q2,2025,0.2505
104602,2025-05-16,Dublin,Homeware,Storage,262.45,1,0.0,85.5,2025-05,2025Q2,2025,0.3258
102955,2025-05-16,Cork,Homeware,Lighting,1165.4,4,0.1,362.31,2025-05,2025Q2,2025,0.3109
104085,2025-05-16,Limerick,Homeware,Kitchenware,206.11,1,0.15,55.61,2025-05,2025Q2,2025,0.2698
103399,2025-05-16,Galway,Grocery,Dairy,19.07,1,0.05,5.91,2025-05,2025Q2,2025,0.3099
103303,2025-05-16,Cork,Electronics,Smart Home,304.23,1,0.0,82.97,2025-05,2025Q2,2025,0.2727
105155,2025-05-17,Cork,Grocery,Beverages,61.2,3,0.0,13.63,2025-05,2025Q2,2025,0.2227
103733,2025-05-17,Cork,Clothing,Accessories,89.92,1,0.2,13.49,2025-05,2025Q2,2025,0.15
101207,2025-05-17,Limerick,Clothing,Accessories,45.5,2,0.2,10.25,2025-05,2025Q2,2025,0.2253
100226,2025-05-17,Cork,Grocery,Bakery,14.64,2,0.05,5.32,2025-05,2025Q2,2025,0.3634
103758,2025-05-17,Galway,Homeware,Storage,256.66,2,0.0,99.19,2025-05,2025Q2,2025,0.3865
100398,2025-05-17,Galway,Grocery,Fresh Produce,31.79,1,0.1,9.73,2025-05,2025Q2,2025,0.3061
103214,2025-05-17,Galway,Homeware,Kitchenware,88.38,2,0.0,25.07,2025-05,2025Q2,2025,0.2837
100670,2025-05-17,Galway,Clothing,Footwear,70.97,1,0.1,24.05,2025-05,2025Q2,2025,0.3389
101675,2025-05-17,Dublin,Homeware,Lighting,483.72,3,0.2,78.26,2025-05,2025Q2,2025,0.1618
104280,2025-05-17,Dublin,Homeware,Lighting,426.05,2,0.05,128.27,2025-05,2025Q2,2025,0.3011
105963,2025-05-17,Galway,Grocery,Fresh Produce,42.52,4,0.0,15.87,2025-05,2025Q2,2025,0.3732
105768,2025-05-18,Galway,Grocery,Dairy,37.38,1,0.15,5.43,2025-05,2025Q2,2025,0.1453
101498,2025-05-18,Limerick,Clothing,Accessories,63.94,2,0.2,12.98,2025-05,2025Q2,2025,0.203
102582,2025-05-18,Cork,Grocery,Bakery,14.97,3,0.15,1.78,2025-05,2025Q2,2025,0.1189
105461,2025-05-18,Limerick,Grocery,Beverages,27.58,2,0.15,5.95,2025-05,2025Q2,2025,0.2157
101895,2025-05-18,Dublin,Clothing,Menswear,219.28,4,0.2,11.82,2025-05,2025Q2,2025,0.0539
101327,2025-05-18,Dublin,Clothing,Accessories,118.56,2,0.2,11.36,2025-05,2025Q2,2025,0.0958
102324,2025-05-18,Dublin,Homeware,Bedding,159.76,2,0.15,30.48,2025-05,2025Q2,2025,0.1908
104390,2025-05-18,Dublin,Electronics,Headphones,615.78,2,0.1,211.07,2025-05,2025Q2,2025,0.3428
100859,2025-05-18,Dublin,Electronics,Smart Home,1218.2,3,0.0,369.59,2025-05,2025Q2,2025,0.3034
104180,2025-05-18,Dublin,Grocery,Fresh Produce,34.58,1,0.05,8.46,2025-05,2025Q2,2025,0.2447
102888,2025-05-18,Limerick,Electronics,Smart Home,430.4,2,0.0,163.46,2025-05,2025Q2,2025,0.3798
106006,2025-05-18,Cork,Electronics,Laptops,545.92,2,0.0,199.08,2025-05,2025Q2,2025,0.3647
100071,2025-05-18,Dublin,Electronics,Laptops,271.97,2,0.0,117.75,2025-05,2025Q2,2025,0.433
105996,2025-05-18,Dublin,Homeware,Storage,66.76,1,0.0,26.96,2025-05,2025Q2,2025,0.4038
101725,2025-05-19,Cork,Electronics,Laptops,345.98,2,0.15,95.47,2025-05,2025Q2,2025,0.2759
100315,2025-05-19,Cork,Homeware,Lighting,21.01,1,0.0,7.35,2025-05,2025Q2,2025,0.3498
105480,2025-05-19,Dublin,Homeware,Bedding,294.03,1,0.2,23.34,2025-05,2025Q2,2025,0.0794
106186,2025-05-19,Galway,Grocery,Fresh Produce,59.6,2,0.0,26.54,2025-05,2025Q2,2025,0.4453
103754,2025-05-19,Cork,Clothing,Womenswear,8.08,1,0.0,2.18,2025-05,2025Q2,2025,0.2698
105053,2025-05-19,Dublin,Clothing,Kidswear,230.07,2,0.0,63.73,2025-05,2025Q2,2025,0.277
102839,2025-05-20,Dublin,Homeware,Storage,167.19,2,0.15,28.61,2025-05,2025Q2,2025,0.1711
102330,2025-05-20,Dublin,Homeware,Furniture,168.34,1,0.0,75.52,2025-05,2025Q2,2025,0.4486
104184,2025-05-20,Galway,Electronics,TVs,1085.28,3,0.0,304.3,2025-05,2025Q2,2025,0.2804
105804,2025-05-20,Dublin,Electronics,Laptops,1391.82,2,0.05,366.25,2025-05,2025Q2,2025,0.2631
104578,2025-05-20,Cork,Electronics,Headphones,616.11,3,0.0,233.44,2025-05,2025Q2,2025,0.3789
100933,2025-05-21,Galway,Electronics,Laptops,597.18,2,0.05,171.69,2025-05,2025Q2,2025,0.2875
103088,2025-05-21,Dublin,Grocery,Dairy,27.21,1,0.0,7.4,2025-05,2025Q2,2025,0.272
104507,2025-05-21,Dublin,Homeware,Kitchenware,183.61,3,0.0,36.52,2025-05,2025Q2,2025,0.1989
100808,2025-05-21,Cork,Clothing,Accessories,80.77,1,0.0,21.89,2025-05,2025Q2,2025,0.271
104910,2025-05-21,Dublin,Grocery,Beverages,37.54,2,0.0,14.76,2025-05,2025Q2,2025,0.3932
102540,2025-05-21,Galway,Clothing,Footwear,195.48,4,0.1,62.87,2025-05,2025Q2,2025,0.3216
102929,2025-05-22,Galway,Homeware,Bedding,959.64,4,0.1,177.98,2025-05,2025Q2,2025,0.1855
103666,2025-05-22,Dublin,Electronics,Mobile Accessories,201.16,1,0.0,71.83,2025-05,2025Q2,2025,0.3571
103760,2025-05-22,Galway,Homeware,Kitchenware,457.94,2,0.1,121.01,2025-05,2025Q2,2025,0.2642
105351,2025-05-22,Cork,Homeware,Bedding,249.59,1,0.15,40.44,2025-05,2025Q2,2025,0.162
100579,2025-05-22,Galway,Clothing,Footwear,69.3,2,0.15,11.95,2025-05,2025Q2,2025,0.1724
105263,2025-05-22,Limerick,Clothing,Accessories,144.0,2,0.0,45.57,2025-05,2025Q2,2025,0.3165
105853,2025-05-22,Cork,Grocery,Snacks,30.45,1,0.0,12.39,2025-05,2025Q2,2025,0.4069
104148,2025-05-22,Limerick,Clothing,Accessories,36.68,1,0.05,13.89,2025-05,2025Q2,2025,0.3787
104277,2025-05-22,Limerick,Homeware,Lighting,388.68,2,0.0,137.0,2025-05,2025Q2,2025,0.3525
103692,2025-05-23,Dublin,Electronics,Laptops,72.04,1,0.15,14.41,2025-05,2025Q2,2025,0.2
106134,2025-05-23,Dublin,Clothing,Accessories,97.16,1,0.0,34.01,2025-05,2025Q2,2025,0.35
100308,2025-05-23,Dublin,Clothing,Womenswear,54.79,1,0.0,21.59,2025-05,2025Q2,2025,0.3941
105503,2025-05-23,Dublin,Clothing,Accessories,91.67,3,0.1,22.22,2025-05,2025Q2,2025,0.2424
101455,2025-05-23,Dublin,Clothing,Footwear,203.11,2,0.05,59.41,2025-05,2025Q2,2025,0.2925
104994,2025-05-23,Galway,Homeware,Furniture,147.36,3,0.0,54.18,2025-05,2025Q2,2025,0.3677
101504,2025-05-23,Cork,Grocery,Fresh Produce,16.95,1,0.15,4.53,2025-05,2025Q2,2025,0.2673
102175,2025-05-23,Dublin,Electronics,Smart Home,718.45,2,0.0,283.38,2025-05,2025Q2,2025,0.3944
106455,2025-05-23,Cork,Grocery,Snacks,19.0,1,0.0,6.65,2025-05,2025Q2,2025,0.35
103041,2025-05-23,Galway,Clothing,Kidswear,75.06,1,0.2,13.31,2025-05,2025Q2,2025,0.1773
106168,2025-05-23,Dublin,Clothing,Womenswear,44.96,1,0.2,7.73,2025-05,2025Q2,2025,0.1719
101338,2025-05-24,Dublin,Electronics,Smart Home,372.9,1,0.0,164.97,2025-05,2025Q2,2025,0.4424
101652,2025-05-24,Galway,Homeware,Bedding,205.66,2,0.0,72.23,2025-05,2025Q2,2025,0.3512
104938,2025-05-24,Cork,Grocery,Beverages,55.46,2,0.15,16.59,2025-05,2025Q2,2025,0.2991
103110,2025-05-24,Limerick,Electronics,Headphones,1730.8,4,0.15,261.57,2025-05,2025Q2,2025,0.1511
101041,2025-05-24,Dublin,Clothing,Kidswear,35.78,1,0.0,9.51,2025-05,2025Q2,2025,0.2658
105680,2025-05-24,Cork,Homeware,Lighting,232.87,1,0.0,69.58,2025-05,2025Q2,2025,0.2988
101968,2025-05-24,Cork,Clothing,Womenswear,202.34,2,0.0,59.65,2025-05,2025Q2,2025,0.2948
103766,2025-05-24,Dublin,Homeware,Bedding,47.92,1,0.0,18.75,2025-05,2025Q2,2025,0.3913
104291,2025-05-24,Dublin,Clothing,Womenswear,64.52,2,0.15,11.47,2025-05,2025Q2,2025,0.1778
103458,2025-05-24,Limerick,Homeware,Kitchenware,70.86,2,0.2,4.2,2025-05,2025Q2,2025,0.0593
100811,2025-05-24,Dublin,Clothing,Menswear,32.33,1,0.0,10.38,2025-05,2025Q2,2025,0.3211
100380,2025-05-24,Galway,Electronics,Headphones,277.15,1,0.1,66.57,2025-05,2025Q2,2025,0.2402
102138,2025-05-24,Cork,Grocery,Beverages,23.72,2,0.2,1.48,2025-05,2025Q2,2025,0.0624
106087,2025-05-25,Dublin,Electronics,Smart Home,1198.74,2,0.0,451.07,2025-05,2025Q2,2025,0.3763
102836,2025-05-25,Cork,Electronics,Headphones,312.28,1,0.05,98.99,2025-05,2025Q2,2025,0.317
100475,2025-05-25,Limerick,Clothing,Menswear,179.96,4,0.2,10.74,2025-05,2025Q2,2025,0.0597
100449,2025-05-25,Galway,Homeware,Bedding,263.1,1,0.0,107.73,2025-05,2025Q2,2025,0.4095
104073,2025-05-25,Dublin,Grocery,Bakery,55.55,3,0.2,6.63,2025-05,2025Q2,2025,0.1194
105401,2025-05-26,Dublin,Grocery,Beverages,70.95,2,0.0,30.76,2025-05,2025Q2,2025,0.4335
100989,2025-05-26,Cork,Clothing,Footwear,53.96,1,0.2,7.64,2025-05,2025Q2,2025,0.1416
100283,2025-05-26,Cork,Electronics,TVs,319.25,1,0.0,84.03,2025-05,2025Q2,2025,0.2632
103254,2025-05-26,Cork,Homeware,Lighting,136.76,1,0.1,44.38,2025-05,2025Q2,2025,0.3245
100481,2025-05-26,Dublin,Grocery,Fresh Produce,14.73,3,0.0,4.56,2025-05,2025Q2,2025,0.3096
103601,2025-05-26,Dublin,Clothing,Kidswear,199.66,2,0.0,53.38,2025-05,2025Q2,2025,0.2674
106036,2025-05-26,Dublin,Electronics,Smart Home,284.91,1,0.0,125.99,2025-05,2025Q2,2025,0.4422
100664,2025-05-26,Dublin,Grocery,Snacks,53.58,3,0.1,8.57,2025-05,2025Q2,2025,0.1599
103009,2025-05-26,Cork,Grocery,Bakery,10.82,1,0.05,3.44,2025-05,2025Q2,2025,0.3179
103866,2025-05-27,Galway,Electronics,Smart Home,368.84,1,0.0,125.11,2025-05,2025Q2,2025,0.3392
106041,2025-05-27,Limerick,Homeware,Kitchenware,45.92,2,0.1,9.75,2025-05,2025Q2,2025,0.2123
102141,2025-05-27,Cork,Grocery,Snacks,130.44,4,0.15,26.59,2025-05,2025Q2,2025,0.2038
103282,2025-05-27,Dublin,Clothing,Accessories,46.98,1,0.15,5.49,2025-05,2025Q2,2025,0.1169
104007,2025-05-27,Galway,Homeware,Storage,543.7,2,0.15,98.29,2025-05,2025Q2,2025,0.1808
100013,2025-05-27,Galway,Electronics,Mobile Accessories,1102.08,2,0.1,341.88,2025-05,2025Q2,2025,0.3102
104027,2025-05-27,Cork,Homeware,Bedding,217.56,1,0.0,85.3,2025-05,2025Q2,2025,0.3921
105872,2025-05-27,Dublin,Grocery,Bakery,69.18,4,0.2,11.35,2025-05,2025Q2,2025,0.1641
102538,2025-05-27,Galway,Grocery,Snacks,71.98,2,0.0,30.84,2025-05,2025Q2,2025,0.4285
104321,2025-05-27,Galway,Clothing,Menswear,318.96,4,0.1,107.0,2025-05,2025Q2,2025,0.3355
103744,2025-05-28,Cork,Electronics,Smart Home,285.2,1,0.15,36.61,2025-05,2025Q2,2025,0.1284
101513,2025-05-28,Dublin,Homeware,Furniture,953.58,4,0.15,144.17,2025-05,2025Q2,2025,0.1512
104588,2025-05-28,Galway,Clothing,Kidswear,115.25,1,0.15,26.34,2025-05,2025Q2,2025,0.2285
106394,2025-05-28,Dublin,Electronics,Mobile Accessories,546.11,4,0.0,139.09,2025-05,2025Q2,2025,0.2547
100101,2025-05-28,Limerick,Homeware,Furniture,550.14,2,0.2,105.06,2025-05,2025Q2,2025,0.191
100812,2025-05-28,Cork,Electronics,Mobile Accessories,332.27,1,0.0,144.78,2025-05,2025Q2,2025,0.4357
101167,2025-05-28,Dublin,Grocery,Fresh Produce,9.84,1,0.0,3.23,2025-05,2025Q2,2025,0.3283
106012,2025-05-28,Cork,Grocery,Snacks,31.12,1,0.0,11.39,2025-05,2025Q2,2025,0.366
105456,2025-05-28,Dublin,Electronics,Smart Home,504.67,1,0.05,156.25,2025-05,2025Q2,2025,0.3096
103622,2025-05-28,Galway,Homeware,Kitchenware,11.71,1,0.0,3.91,2025-05,2025Q2,2025,0.3339
105818,2025-05-28,Cork,Homeware,Lighting,18.69,1,0.0,5.63,2025-05,2025Q2,2025,0.3012
101238,2025-05-28,Dublin,Clothing,Menswear,194.79,2,0.0,65.41,2025-05,2025Q2,2025,0.3358
102594,2025-05-29,Dublin,Electronics,Mobile Accessories,496.09,1,0.0,186.6,2025-05,2025Q2,2025,0.3761
103160,2025-05-29,Dublin,Grocery,Snacks,23.13,1,0.0,6.43,2025-05,2025Q2,2025,0.278
101671,2025-05-29,Dublin,Electronics,Headphones,1225.35,2,0.0,545.18,2025-05,2025Q2,2025,0.4449
101047,2025-05-29,Galway,Homeware,Kitchenware,216.83,1,0.15,56.52,2025-05,2025Q2,2025,0.2607
103987,2025-05-29,Cork,Electronics,TVs,1308.93,4,0.0,450.64,2025-05,2025Q2,2025,0.3443
104635,2025-05-29,Dublin,Grocery,Snacks,9.56,1,0.0,3.95,2025-05,2025Q2,2025,0.4132
103239,2025-05-29,Dublin,Electronics,Headphones,1213.27,2,0.05,448.76,2025-05,2025Q2,2025,0.3699
102217,2025-05-29,Galway,Electronics,Smart Home,319.21,1,0.1,85.25,2025-05,2025Q2,2025,0.2671
100879,2025-05-29,Limerick,Electronics,Mobile Accessories,1944.09,3,0.1,494.47,2025-05,2025Q2,2025,0.2543
105021,2025-05-29,Cork,Homeware,Lighting,85.65,1,0.15,16.07,2025-05,2025Q2,2025,0.1876
102396,2025-05-29,Dublin,Electronics,TVs,374.05,1,0.0,144.98,2025-05,2025Q2,2025,0.3876
103410,2025-05-29,Limerick,Electronics,Headphones,912.42,2,0.0,404.81,2025-05,2025Q2,2025,0.4437
103721,2025-05-29,Galway,Homeware,Bedding,921.92,4,0.05,278.44,2025-05,2025Q2,2025,0.302
104132,2025-05-30,Cork,Electronics,Smart Home,544.47,2,0.05,145.26,2025-05,2025Q2,2025,0.2668
105439,2025-05-30,Cork,Clothing,Kidswear,59.62,1,0.15,15.36,2025-05,2025Q2,2025,0.2576
105979,2025-05-30,Limerick,Grocery,Bakery,6.62,2,0.0,2.71,2025-05,2025Q2,2025,0.4094
101820,2025-05-30,Dublin,Grocery,Bakery,16.19,1,0.05,3.49,2025-05,2025Q2,2025,0.2156
102718,2025-05-30,Limerick,Homeware,Kitchenware,387.04,2,0.0,102.34,2025-05,2025Q2,2025,0.2644
106165,2025-05-30,Cork,Electronics,Laptops,145.69,1,0.15,28.23,2025-05,2025Q2,2025,0.1938
103084,2025-05-31,Cork,Clothing,Womenswear,68.96,1,0.0,25.18,2025-05,2025Q2,2025,0.3651
100998,2025-05-31,Dublin,Clothing,Kidswear,117.05,1,0.0,40.97,2025-05,2025Q2,2025,0.35
100870,2025-05-31,Dublin,Clothing,Menswear,144.04,3,0.1,21.97,2025-05,2025Q2,2025,0.1525
101425,2025-05-31,Galway,Clothing,Womenswear,331.71,3,0.0,133.23,2025-05,2025Q2,2025,0.4016
105114,2025-06-01,Cork,Clothing,Kidswear,80.32,1,0.05,20.89,2025-06,2025Q2,2025,0.2601
105715,2025-06-01,Galway,Homeware,Lighting,543.69,3,0.05,109.36,2025-06,2025Q2,2025,0.2011
106349,2025-06-01,Cork,Grocery,Snacks,31.89,3,0.05,10.41,2025-06,2025Q2,2025,0.3264
103873,2025-06-01,Dublin,Homeware,Lighting,304.14,1,0.1,86.1,2025-06,2025Q2,2025,0.2831
102670,2025-06-01,Cork,Electronics,Headphones,437.61,3,0.0,174.1,2025-06,2025Q2,2025,0.3978
105010,2025-06-01,Dublin,Clothing,Kidswear,80.94,1,0.15,18.61,2025-06,2025Q2,2025,0.2299
104906,2025-06-01,Galway,Grocery,Fresh Produce,29.06,1,0.05,11.33,2025-06,2025Q2,2025,0.3899
105308,2025-06-01,Cork,Grocery,Fresh Produce,28.38,1,0.1,6.38,2025-06,2025Q2,2025,0.2248
100652,2025-06-01,Dublin,Clothing,Accessories,76.58,1,0.0,23.59,2025-06,2025Q2,2025,0.308
103977,2025-06-02,Galway,Grocery,Fresh Produce,62.4,3,0.0,21.84,2025-06,2025Q2,2025,0.35
102148,2025-06-02,Cork,Homeware,Bedding,26.68,1,0.2,4.69,2025-06,2025Q2,2025,0.1758
100301,2025-06-02,Galway,Grocery,Beverages,19.2,1,0.0,5.02,2025-06,2025Q2,2025,0.2615
103927,2025-06-02,Limerick,Clothing,Accessories,373.8,4,0.15,91.73,2025-06,2025Q2,2025,0.2454
104018,2025-06-02,Galway,Electronics,TVs,421.6,1,0.2,72.95,2025-06,2025Q2,2025,0.173
105913,2025-06-02,Cork,Grocery,Bakery,5.78,1,0.1,1.74,2025-06,2025Q2,2025,0.301
103840,2025-06-02,Cork,Clothing,Menswear,167.74,2,0.1,38.98,2025-06,2025Q2,2025,0.2324
105011,2025-06-02,Dublin,Grocery,Snacks,74.93,4,0.0,27.24,2025-06,2025Q2,2025,0.3635
105105,2025-06-02,Cork,Homeware,Storage,253.89,1,0.1,61.73,2025-06,2025Q2,2025,0.2431
101466,2025-06-03,Cork,Clothing,Accessories,31.01,1,0.15,8.82,2025-06,2025Q2,2025,0.2844
100734,2025-06-03,Dublin,Grocery,Dairy,118.78,3,0.15,24.51,2025-06,2025Q2,2025,0.2063
100284,2025-06-03,Dublin,Homeware,Lighting,1319.23,4,0.0,589.25,2025-06,2025Q2,2025,0.4467
100366,2025-06-03,Galway,Grocery,Dairy,25.01,1,0.05,5.85,2025-06,2025Q2,2025,0.2339
105433,2025-06-03,Galway,Homeware,Bedding,210.84,4,0.15,23.55,2025-06,2025Q2,2025,0.1117
105719,2025-06-03,Galway,Grocery,Dairy,128.28,4,0.05,44.04,2025-06,2025Q2,2025,0.3433
105991,2025-06-03,Galway,Homeware,Kitchenware,532.68,2,0.15,96.25,2025-06,2025Q2,2025,0.1807
101987,2025-06-03,Cork,Homeware,Furniture,209.16,2,0.0,66.05,2025-06,2025Q2,2025,0.3158
104100,2025-06-03,Cork,Homeware,Furniture,170.01,1,0.0,46.78,2025-06,2025Q2,2025,0.2752
100908,2025-06-04,Limerick,Homeware,Lighting,463.08,3,0.15,92.62,2025-06,2025Q2,2025,0.2
104643,2025-06-04,Galway,Homeware,Furniture,489.0,2,0.0,198.05,2025-06,2025Q2,2025,0.405
103216,2025-06-04,Galway,Homeware,Kitchenware,134.47,1,0.0,57.42,2025-06,2025Q2,2025,0.427
105698,2025-06-04,Galway,Grocery,Dairy,30.47,1,0.0,8.9,2025-06,2025Q2,2025,0.2921
102574,2025-06-04,Limerick,Grocery,Bakery,28.94,3,0.05,7.11,2025-06,2025Q2,2025,0.2457
103175,2025-06-04,Dublin,Clothing,Accessories,154.74,2,0.0,61.49,2025-06,2025Q2,2025,0.3974
101903,2025-06-04,Galway,Clothing,Womenswear,215.82,3,0.05,57.98,2025-06,2025Q2,2025,0.2686
100141,2025-06-04,Dublin,Grocery,Beverages,10.18,1,0.0,2.65,2025-06,2025Q2,2025,0.2603
105407,2025-06-05,Galway,Homeware,Bedding,133.59,1,0.1,38.49,2025-06,2025Q2,2025,0.2881
104954,2025-06-05,Limerick,Electronics,TVs,425.55,3,0.05,142.94,2025-06,2025Q2,2025,0.3359
105298,2025-06-05,Cork,Clothing,Accessories,230.2,2,0.15,54.98,2025-06,2025Q2,2025,0.2388
102687,2025-06-05,Cork,Grocery,Fresh Produce,27.42,2,0.0,11.24,2025-06,2025Q2,2025,0.4099
101521,2025-06-05,Dublin,Homeware,Furniture,67.87,1,0.15,16.87,2025-06,2025Q2,2025,0.2486
101607,2025-06-05,Cork,Clothing,Accessories,60.54,3,0.2,9.26,2025-06,2025Q2,2025,0.153
101851,2025-06-05,Dublin,Grocery,Fresh Produce,62.05,2,0.0,25.84,2025-06,2025Q2,2025,0.4164
100788,2025-06-05,Cork,Electronics,TVs,287.79,1,0.2,57.53,2025-06,2025Q2,2025,0.1999
105595,2025-06-05,Dublin,Electronics,Headphones,219.3,1,0.05,45.21,2025-06,2025Q2,2025,0.2062
106147,2025-06-05,Galway,Grocery,Bakery,33.27,1,0.05,11.18,2025-06,2025Q2,2025,0.336
103042,2025-06-05,Dublin,Grocery,Dairy,58.12,2,0.0,23.7,2025-06,2025Q2,2025,0.4078
101505,2025-06-05,Dublin,Clothing,Footwear,113.14,1,0.2,6.01,2025-06,2025Q2,2025,0.0531
102339,2025-06-05,Limerick,Electronics,TVs,678.51,3,0.15,135.7,2025-06,2025Q2,2025,0.2
103995,2025-06-06,Limerick,Electronics,Smart Home,146.97,3,0.0,59.21,2025-06,2025Q2,2025,0.4029
105930,2025-06-06,Dublin,Electronics,Headphones,76.43,1,0.0,22.26,2025-06,2025Q2,2025,0.2912
105116,2025-06-06,Cork,Clothing,Footwear,39.3,1,0.2,7.06,2025-06,2025Q2,2025,0.1796
106250,2025-06-06,Galway,Clothing,Accessories,366.24,4,0.2,64.04,2025-06,2025Q2,2025,0.1749
101444,2025-06-06,Dublin,Electronics,Smart Home,397.75,1,0.1,126.11,2025-06,2025Q2,2025,0.3171
100207,2025-06-06,Cork,Electronics,Smart Home,118.22,2,0.05,33.95,2025-06,2025Q2,2025,0.2872
106360,2025-06-06,Dublin,Clothing,Accessories,182.18,2,0.0,72.29,2025-06,2025Q2,2025,0.3968
102822,2025-06-07,Limerick,Homeware,Furniture,68.5,1,0.0,21.45,2025-06,2025Q2,2025,0.3131
105000,2025-06-07,Limerick,Clothing,Accessories,118.28,1,0.0,46.05,2025-06,2025Q2,2025,0.3893
101388,2025-06-07,Limerick,Clothing,Womenswear,77.84,1,0.1,19.6,2025-06,2025Q2,2025,0.2518
103174,2025-06-07,Galway,Clothing,Accessories,165.8,2,0.0,73.61,2025-06,2025Q2,2025,0.444
100529,2025-06-07,Cork,Homeware,Lighting,169.6,1,0.2,36.6,2025-06,2025Q2,2025,0.2158
101650,2025-06-07,Galway,Homeware,Kitchenware,561.66,2,0.0,210.01,2025-06,2025Q2,2025,0.3739
102269,2025-06-07,Dublin,Electronics,Laptops,1852.1,4,0.15,353.41,2025-06,2025Q2,2025,0.1908
102019,2025-06-08,Dublin,Electronics,Mobile Accessories,668.22,2,0.0,261.6,2025-06,2025Q2,2025,0.3915
101180,2025-06-08,Dublin,Grocery,Dairy,88.96,2,0.0,23.1,2025-06,2025Q2,2025,0.2597
100638,2025-06-08,Dublin,Clothing,Kidswear,173.79,2,0.0,46.63,2025-06,2025Q2,2025,0.2683
105127,2025-06-08,Limerick,Grocery,Dairy,92.81,3,0.05,25.63,2025-06,2025Q2,2025,0.2762
101863,2025-06-08,Galway,Grocery,Beverages,8.6,2,0.0,2.53,2025-06,2025Q2,2025,0.2942
102677,2025-06-08,Dublin,Electronics,Headphones,44.37,1,0.2,4.31,2025-06,2025Q2,2025,0.0971
101406,2025-06-08,Galway,Grocery,Bakery,121.35,4,0.0,45.85,2025-06,2025Q2,2025,0.3778
103064,2025-06-09,Dublin,Homeware,Furniture,467.72,3,0.2,89.2,2025-06,2025Q2,2025,0.1907
105969,2025-06-09,Cork,Grocery,Dairy,148.8,4,0.05,36.36,2025-06,2025Q2,2025,0.2444
105740,2025-06-09,Galway,Electronics,Mobile Accessories,1205.52,2,0.15,219.47,2025-06,2025Q2,2025,0.1821
102472,2025-06-09,Dublin,Homeware,Bedding,294.41,1,0.15,56.66,2025-06,2025Q2,2025,0.1925
105245,2025-06-09,Galway,Grocery,Snacks,9.67,1,0.05,2.92,2025-06,2025Q2,2025,0.302
104662,2025-06-09,Cork,Grocery,Fresh Produce,16.71,1,0.2,2.74,2025-06,2025Q2,2025,0.164
100720,2025-06-09,Dublin,Clothing,Womenswear,277.83,3,0.0,73.31,2025-06,2025Q2,2025,0.2639
103530,2025-06-09,Cork,Clothing,Footwear,161.52,2,0.15,23.21,2025-06,2025Q2,2025,0.1437
100223,2025-06-09,Limerick,Clothing,Menswear,293.76,3,0.05,72.76,2025-06,2025Q2,2025,0.2477
104488,2025-06-09,Cork,Electronics,Mobile Accessories,989.52,4,0.0,250.93,2025-06,2025Q2,2025,0.2536
105695,2025-06-09,Dublin,Homeware,Kitchenware,349.97,2,0.15,86.34,2025-06,2025Q2,2025,0.2467
106390,2025-06-09,Cork,Clothing,Menswear,22.34,1,0.05,6.96,2025-06,2025Q2,2025,0.3115
104852,2025-06-10,Dublin,Homeware,Lighting,364.0,2,0.2,44.73,2025-06,2025Q2,2025,0.1229
105427,2025-06-10,Galway,Grocery,Snacks,116.96,4,0.0,40.94,2025-06,2025Q2,2025,0.35
100846,2025-06-10,Dublin,Clothing,Menswear,132.03,1,0.15,13.41,2025-06,2025Q2,2025,0.1016
106231,2025-06-10,Dublin,Electronics,Headphones,538.13,2,0.0,159.89,2025-06,2025Q2,2025,0.2971
105473,2025-06-10,Galway,Homeware,Storage,162.33,1,0.0,41.13,2025-06,2025Q2,2025,0.2534
100898,2025-06-10,Galway,Homeware,Furniture,520.38,3,0.2,76.87,2025-06,2025Q2,2025,0.1477
101668,2025-06-10,Cork,Grocery,Snacks,8.19,1,0.0,2.77,2025-06,2025Q2,2025,0.3382
100081,2025-06-10,Galway,Electronics,TVs,313.74,1,0.0,108.65,2025-06,2025Q2,2025,0.3463
105837,2025-06-11,Galway,Homeware,Bedding,363.58,1,0.2,77.58,2025-06,2025Q2,2025,0.2134
104294,2025-06-11,Dublin,Clothing,Womenswear,381.09,3,0.0,129.35,2025-06,2025Q2,2025,0.3394
104530,2025-06-11,Limerick,Clothing,Footwear,163.95,1,0.0,70.98,2025-06,2025Q2,2025,0.4329
102218,2025-06-11,Galway,Clothing,Footwear,42.8,4,0.0,12.42,2025-06,2025Q2,2025,0.2902
101111,2025-06-11,Limerick,Clothing,Footwear,95.38,2,0.15,17.99,2025-06,2025Q2,2025,0.1886
103547,2025-06-11,Dublin,Grocery,Dairy,82.39,2,0.2,13.28,2025-06,2025Q2,2025,0.1612
101778,2025-06-11,Dublin,Clothing,Footwear,70.28,1,0.1,11.88,2025-06,2025Q2,2025,0.169
102419,2025-06-11,Cork,Clothing,Menswear,11.27,1,0.05,2.69,2025-06,2025Q2,2025,0.2387
105649,2025-06-12,Limerick,Clothing,Kidswear,94.49,1,0.0,30.09,2025-06,2025Q2,2025,0.3184
105166,2025-06-12,Dublin,Clothing,Menswear,95.09,1,0.0,39.43,2025-06,2025Q2,2025,0.4147
105397,2025-06-12,Galway,Clothing,Womenswear,93.92,4,0.05,20.8,2025-06,2025Q2,2025,0.2215
102347,2025-06-12,Dublin,Clothing,Womenswear,198.67,2,0.05,72.24,2025-06,2025Q2,2025,0.3636
104428,2025-06-12,Galway,Homeware,Bedding,22.39,1,0.15,5.37,2025-06,2025Q2,2025,0.2398
102093,2025-06-12,Cork,Homeware,Bedding,444.84,2,0.2,85.5,2025-06,2025Q2,2025,0.1922
105403,2025-06-12,Dublin,Electronics,Laptops,128.21,1,0.2,30.16,2025-06,2025Q2,2025,0.2352
102735,2025-06-13,Dublin,Clothing,Kidswear,174.43,3,0.0,57.81,2025-06,2025Q2,2025,0.3314
102517,2025-06-13,Limerick,Electronics,Headphones,760.94,2,0.2,63.67,2025-06,2025Q2,2025,0.0837
105045,2025-06-14,Galway,Homeware,Furniture,251.81,1,0.15,49.11,2025-06,2025Q2,2025,0.195
106432,2025-06-14,Dublin,Electronics,Smart Home,38.2,1,0.2,4.62,2025-06,2025Q2,2025,0.1209
100453,2025-06-14,Cork,Electronics,Headphones,490.94,2,0.1,161.94,2025-06,2025Q2,2025,0.3299
106127,2025-06-14,Limerick,Grocery,Fresh Produce,66.19,2,0.15,15.1,2025-06,2025Q2,2025,0.2281
105227,2025-06-14,Dublin,Electronics,Laptops,662.26,3,0.05,197.77,2025-06,2025Q2,2025,0.2986
104604,2025-06-14,Dublin,Homeware,Kitchenware,816.17,3,0.15,205.39,2025-06,2025Q2,2025,0.2517
104067,2025-06-14,Galway,Grocery,Fresh Produce,25.86,1,0.1,8.28,2025-06,2025Q2,2025,0.3202
105682,2025-06-14,Galway,Homeware,Lighting,206.91,3,0.0,90.18,2025-06,2025Q2,2025,0.4358
101075,2025-06-14,Limerick,Grocery,Snacks,61.22,2,0.15,7.45,2025-06,2025Q2,2025,0.1217
105827,2025-06-14,Galway,Clothing,Menswear,174.46,2,0.0,47.27,2025-06,2025Q2,2025,0.271
100491,2025-06-15,Dublin,Homeware,Storage,140.01,1,0.1,30.61,2025-06,2025Q2,2025,0.2186
104780,2025-06-15,Dublin,Electronics,Smart Home,419.77,2,0.1,140.4,2025-06,2025Q2,2025,0.3345
105653,2025-06-15,Cork,Clothing,Menswear,268.35,3,0.0,95.65,2025-06,2025Q2,2025,0.3564
101690,2025-06-15,Dublin,Homeware,Kitchenware,1129.62,4,0.0,477.89,2025-06,2025Q2,2025,0.4231
103227,2025-06-15,Dublin,Electronics,Laptops,2169.36,3,0.05,811.57,2025-06,2025Q2,2025,0.3741
103108,2025-06-15,Cork,Clothing,Kidswear,43.5,3,0.05,13.45,2025-06,2025Q2,2025,0.3092
100189,2025-06-15,Dublin,Grocery,Snacks,25.27,1,0.0,9.05,2025-06,2025Q2,2025,0.3581
106194,2025-06-15,Galway,Homeware,Kitchenware,68.87,1,0.0,20.93,2025-06,2025Q2,2025,0.3039
103386,2025-06-15,Cork,Grocery,Beverages,3.64,1,0.15,0.57,2025-06,2025Q2,2025,0.1566
100753,2025-06-16,Galway,Electronics,Mobile Accessories,347.78,1,0.2,32.79,2025-06,2025Q2,2025,0.0943
100667,2025-06-16,Galway,Clothing,Womenswear,81.76,2,0.05,24.45,2025-06,2025Q2,2025,0.299
105973,2025-06-16,Dublin,Grocery,Bakery,78.98,2,0.15,13.11,2025-06,2025Q2,2025,0.166
103617,2025-06-16,Galway,Clothing,Accessories,116.3,1,0.0,38.28,2025-06,2025Q2,2025,0.3291
101422,2025-06-16,Dublin,Electronics,Mobile Accessories,2101.29,3,0.0,634.71,2025-06,2025Q2,2025,0.3021
104851,2025-06-16,Limerick,Homeware,Lighting,271.08,2,0.1,64.54,2025-06,2025Q2,2025,0.2381
106399,2025-06-16,Dublin,Electronics,Headphones,679.32,1,0.0,152.26,2025-06,2025Q2,2025,0.2241
102747,2025-06-16,Galway,Clothing,Menswear,459.8,4,0.15,57.54,2025-06,2025Q2,2025,0.1251
100544,2025-06-17,Dublin,Grocery,Dairy,25.71,1,0.1,5.47,2025-06,2025Q2,2025,0.2128
100421,2025-06-17,Cork,Grocery,Beverages,47.98,2,0.0,17.98,2025-06,2025Q2,2025,0.3747
105507,2025-06-17,Galway,Grocery,Snacks,15.19,1,0.0,6.05,2025-06,2025Q2,2025,0.3983
103880,2025-06-17,Limerick,Grocery,Dairy,54.22,2,0.1,9.51,2025-06,2025Q2,2025,0.1754
102518,2025-06-17,Dublin,Homeware,Bedding,299.02,2,0.2,72.26,2025-06,2025Q2,2025,0.2417
106167,2025-06-17,Cork,Homeware,Storage,56.84,1,0.2,12.28,2025-06,2025Q2,2025,0.216
101702,2025-06-17,Dublin,Grocery,Bakery,6.69,1,0.0,1.95,2025-06,2025Q2,2025,0.2915
102629,2025-06-17,Cork,Clothing,Kidswear,146.28,2,0.1,33.64,2025-06,2025Q2,2025,0.23
102084,2025-06-17,Cork,Electronics,Headphones,200.84,2,0.2,50.1,2025-06,2025Q2,2025,0.2495
100216,2025-06-17,Dublin,Grocery,Beverages,9.94,2,0.15,1.17,2025-06,2025Q2,2025,0.1177
105751,2025-06-17,Dublin,Electronics,Smart Home,619.18,2,0.0,169.95,2025-06,2025Q2,2025,0.2745
105936,2025-06-18,Dublin,Electronics,Laptops,1170.7,2,0.0,420.24,2025-06,2025Q2,2025,0.359
103482,2025-06-18,Dublin,Grocery,Bakery,44.25,1,0.2,8.48,2025-06,2025Q2,2025,0.1916
104387,2025-06-18,Dublin,Clothing,Kidswear,66.12,1,0.2,13.91,2025-06,2025Q2,2025,0.2104
104314,2025-06-18,Limerick,Grocery,Fresh Produce,53.66,2,0.0,13.98,2025-06,2025Q2,2025,0.2605
104288,2025-06-18,Galway,Clothing,Menswear,94.07,1,0.0,30.36,2025-06,2025Q2,2025,0.3227
105901,2025-06-18,Galway,Clothing,Womenswear,250.64,4,0.2,49.3,2025-06,2025Q2,2025,0.1967
101892,2025-06-18,Cork,Homeware,Kitchenware,373.32,4,0.05,97.72,2025-06,2025Q2,2025,0.2618
105865,2025-06-18,Limerick,Grocery,Fresh Produce,39.06,3,0.0,15.06,2025-06,2025Q2,2025,0.3856
102961,2025-06-18,Cork,Electronics,Laptops,232.61,1,0.15,49.93,2025-06,2025Q2,2025,0.2147
104378,2025-06-18,Cork,Electronics,Smart Home,1078.18,4,0.1,353.19,2025-06,2025Q2,2025,0.3276
101154,2025-06-18,Cork,Clothing,Kidswear,289.88,4,0.1,66.4,2025-06,2025Q2,2025,0.2291
106402,2025-06-18,Limerick,Grocery,Dairy,168.77,4,0.2,14.36,2025-06,2025Q2,2025,0.0851
105163,2025-06-18,Cork,Homeware,Furniture,317.38,2,0.0,107.45,2025-06,2025Q2,2025,0.3386
106258,2025-06-19,Limerick,Homeware,Storage,1022.12,4,0.0,405.14,2025-06,2025Q2,2025,0.3964
103232,2025-06-19,Galway,Grocery,Dairy,16.84,1,0.05,6.13,2025-06,2025Q2,2025,0.364
101295,2025-06-19,Dublin,Clothing,Footwear,95.38,1,0.0,32.11,2025-06,2025Q2,2025,0.3367
102344,2025-06-19,Galway,Homeware,Kitchenware,621.0,4,0.15,170.26,2025-06,2025Q2,2025,0.2742
102053,2025-06-19,Limerick,Clothing,Womenswear,138.84,2,0.15,20.9,2025-06,2025Q2,2025,0.1505
100336,2025-06-19,Galway,Electronics,Smart Home,237.06,2,0.1,55.35,2025-06,2025Q2,2025,0.2335
100834,2025-06-19,Cork,Electronics,Smart Home,502.12,2,0.0,165.88,2025-06,2025Q2,2025,0.3304
106085,2025-06-19,Galway,Grocery,Dairy,14.35,1,0.0,4.73,2025-06,2025Q2,2025,0.3296
104503,2025-06-19,Dublin,Electronics,Smart Home,570.46,1,0.2,94.75,2025-06,2025Q2,2025,0.1661
104041,2025-06-19,Dublin,Grocery,Beverages,135.14,3,0.0,43.29,2025-06,2025Q2,2025,0.3203
103555,2025-06-20,Limerick,Homeware,Kitchenware,404.28,4,0.0,180.77,2025-06,2025Q2,2025,0.4471
103735,2025-06-20,Dublin,Clothing,Kidswear,241.2,2,0.0,72.45,2025-06,2025Q2,2025,0.3004
105032,2025-06-20,Limerick,Grocery,Fresh Produce,5.63,1,0.05,2.16,2025-06,2025Q2,2025,0.3837
106437,2025-06-20,Dublin,Homeware,Furniture,96.69,1,0.1,18.22,2025-06,2025Q2,2025,0.1884
101287,2025-06-20,Dublin,Clothing,Womenswear,94.27,1,0.2,21.21,2025-06,2025Q2,2025,0.225
104239,2025-06-20,Dublin,Grocery,Bakery,21.47,1,0.05,5.43,2025-06,2025Q2,2025,0.2529
100342,2025-06-20,Limerick,Electronics,Laptops,581.92,4,0.0,164.45,2025-06,2025Q2,2025,0.2826
104055,2025-06-20,Cork,Electronics,Smart Home,588.27,2,0.2,117.74,2025-06,2025Q2,2025,0.2001
101330,2025-06-20,Galway,Grocery,Fresh Produce,36.61,1,0.05,7.69,2025-06,2025Q2,2025,0.2101
104817,2025-06-20,Dublin,Electronics,TVs,300.15,2,0.15,63.6,2025-06,2025Q2,2025,0.2119
103287,2025-06-20,Cork,Grocery,Bakery,26.38,1,0.0,7.24,2025-06,2025Q2,2025,0.2745
104339,2025-06-20,Dublin,Grocery,Dairy,24.32,3,0.0,8.91,2025-06,2025Q2,2025,0.3664
100227,2025-06-20,Dublin,Electronics,Headphones,1156.23,2,0.0,325.47,2025-06,2025Q2,2025,0.2815
106310,2025-06-21,Cork,Homeware,Kitchenware,127.91,1,0.0,49.88,2025-06,2025Q2,2025,0.39
102619,2025-06-21,Cork,Grocery,Fresh Produce,8.3,1,0.0,2.59,2025-06,2025Q2,2025,0.312
102690,2025-06-21,Limerick,Grocery,Snacks,19.07,1,0.0,5.1,2025-06,2025Q2,2025,0.2674
106318,2025-06-21,Limerick,Homeware,Kitchenware,688.2,3,0.2,165.58,2025-06,2025Q2,2025,0.2406
104092,2025-06-21,Galway,Grocery,Fresh Produce,8.48,1,0.2,0.88,2025-06,2025Q2,2025,0.1038
101597,2025-06-21,Limerick,Electronics,Laptops,155.44,1,0.2,37.95,2025-06,2025Q2,2025,0.2441
105175,2025-06-21,Galway,Electronics,Headphones,1547.36,4,0.1,259.04,2025-06,2025Q2,2025,0.1674
101534,2025-06-21,Cork,Electronics,Mobile Accessories,52.72,1,0.2,9.66,2025-06,2025Q2,2025,0.1832
101847,2025-06-21,Galway,Clothing,Menswear,169.76,2,0.0,61.67,2025-06,2025Q2,2025,0.3633
106362,2025-06-21,Limerick,Clothing,Footwear,327.24,4,0.1,86.02,2025-06,2025Q2,2025,0.2629
105656,2025-06-21,Dublin,Electronics,Smart Home,928.05,2,0.0,365.68,2025-06,2025Q2,2025,0.394
106497,2025-06-21,Cork,Homeware,Furniture,204.99,1,0.0,81.35,2025-06,2025Q2,2025,0.3968
101583,2025-06-22,Dublin,Electronics,Headphones,221.24,1,0.0,61.27,2025-06,2025Q2,2025,0.2769
106493,2025-06-22,Galway,Homeware,Storage,225.6,4,0.0,61.95,2025-06,2025Q2,2025,0.2746
101594,2025-06-22,Cork,Electronics,TVs,30.37,1,0.0,10.06,2025-06,2025Q2,2025,0.3312
104560,2025-06-22,Dublin,Homeware,Kitchenware,1104.32,4,0.1,255.08,2025-06,2025Q2,2025,0.231
105673,2025-06-22,Cork,Grocery,Dairy,53.8,4,0.0,24.03,2025-06,2025Q2,2025,0.4467
103564,2025-06-22,Cork,Grocery,Fresh Produce,17.36,4,0.05,6.46,2025-06,2025Q2,2025,0.3721
106157,2025-06-22,Cork,Clothing,Kidswear,23.64,1,0.05,7.85,2025-06,2025Q2,2025,0.3321
103715,2025-06-22,Dublin,Grocery,Beverages,13.47,1,0.2,3.18,2025-06,2025Q2,2025,0.2361
100310,2025-06-22,Dublin,Electronics,Smart Home,590.75,1,0.05,171.97,2025-06,2025Q2,2025,0.2911
100651,2025-06-22,Galway,Electronics,Smart Home,312.81,1,0.0,89.54,2025-06,2025Q2,2025,0.2862
101924,2025-06-22,Galway,Homeware,Bedding,150.22,2,0.0,52.56,2025-06,2025Q2,2025,0.3499
103456,2025-06-22,Galway,Homeware,Furniture,283.91,1,0.15,60.01,2025-06,2025Q2,2025,0.2114
100452,2025-06-22,Galway,Clothing,Accessories,11.65,1,0.05,2.66,2025-06,2025Q2,2025,0.2283
102296,2025-06-23,Cork,Electronics,Mobile Accessories,58.07,1,0.0,25.26,2025-06,2025Q2,2025,0.435
104163,2025-06-23,Limerick,Clothing,Womenswear,129.44,2,0.0,45.36,2025-06,2025Q2,2025,0.3504
100943,2025-06-23,Dublin,Electronics,TVs,200.86,2,0.0,85.97,2025-06,2025Q2,2025,0.428
101493,2025-06-23,Dublin,Grocery,Dairy,36.32,1,0.0,10.42,2025-06,2025Q2,2025,0.2869
102152,2025-06-23,Dublin,Homeware,Lighting,163.12,2,0.15,21.62,2025-06,2025Q2,2025,0.1325
105347,2025-06-23,Galway,Homeware,Furniture,350.42,2,0.15,63.8,2025-06,2025Q2,2025,0.1821
104810,2025-06-23,Galway,Grocery,Fresh Produce,32.09,1,0.0,11.27,2025-06,2025Q2,2025,0.3512
102749,2025-06-23,Dublin,Clothing,Menswear,128.8,1,0.0,50.94,2025-06,2025Q2,2025,0.3955
103806,2025-06-23,Cork,Electronics,Smart Home,1060.29,4,0.05,265.61,2025-06,2025Q2,2025,0.2505
103376,2025-06-24,Dublin,Homeware,Furniture,211.21,3,0.0,77.63,2025-06,2025Q2,2025,0.3675
102113,2025-06-24,Cork,Clothing,Accessories,21.2,2,0.05,7.38,2025-06,2025Q2,2025,0.3481
101105,2025-06-24,Galway,Clothing,Accessories,66.28,1,0.0,27.24,2025-06,2025Q2,2025,0.411
104473,2025-06-24,Dublin,Clothing,Womenswear,446.66,4,0.1,111.67,2025-06,2025Q2,2025,0.25
104740,2025-06-24,Galway,Homeware,Kitchenware,283.83,3,0.15,29.44,2025-06,2025Q2,2025,0.1037
100910,2025-06-24,Galway,Electronics,TVs,305.41,1,0.15,34.81,2025-06,2025Q2,2025,0.114
103181,2025-06-24,Dublin,Grocery,Bakery,79.46,2,0.0,33.33,2025-06,2025Q2,2025,0.4195
104305,2025-06-24,Dublin,Clothing,Womenswear,83.74,1,0.1,15.86,2025-06,2025Q2,2025,0.1894
101478,2025-06-25,Galway,Clothing,Accessories,137.28,2,0.1,35.24,2025-06,2025Q2,2025,0.2567
104272,2025-06-25,Galway,Homeware,Furniture,206.78,1,0.05,68.23,2025-06,2025Q2,2025,0.33
105612,2025-06-25,Dublin,Electronics,Smart Home,483.31,1,0.2,34.87,2025-06,2025Q2,2025,0.0721
102147,2025-06-25,Cork,Clothing,Accessories,41.52,3,0.15,12.21,2025-06,2025Q2,2025,0.2941
105949,2025-06-25,Cork,Grocery,Snacks,10.47,3,0.1,1.96,2025-06,2025Q2,2025,0.1872
101070,2025-06-25,Galway,Homeware,Kitchenware,536.43,3,0.15,150.61,2025-06,2025Q2,2025,0.2808
100312,2025-06-26,Dublin,Homeware,Bedding,134.69,3,0.0,53.43,2025-06,2025Q2,2025,0.3967
101580,2025-06-26,Dublin,Clothing,Accessories,50.07,2,0.0,14.54,2025-06,2025Q2,2025,0.2904
101549,2025-06-26,Dublin,Clothing,Kidswear,48.25,1,0.05,17.36,2025-06,2025Q2,2025,0.3598
106033,2025-06-26,Dublin,Clothing,Menswear,33.43,1,0.0,8.43,2025-06,2025Q2,2025,0.2522
104930,2025-06-26,Dublin,Electronics,Headphones,719.59,1,0.0,322.92,2025-06,2025Q2,2025,0.4488
101371,2025-06-26,Dublin,Homeware,Lighting,213.42,1,0.05,73.07,2025-06,2025Q2,2025,0.3424
103794,2025-06-26,Limerick,Homeware,Kitchenware,85.77,1,0.0,23.32,2025-06,2025Q2,2025,0.2719
102291,2025-06-26,Dublin,Grocery,Beverages,39.4,2,0.0,10.9,2025-06,2025Q2,2025,0.2766
104398,2025-06-26,Limerick,Electronics,Mobile Accessories,293.46,2,0.05,104.51,2025-06,2025Q2,2025,0.3561
100014,2025-06-27,Limerick,Grocery,Snacks,3.29,1,0.2,0.29,2025-06,2025Q2,2025,0.0881
103683,2025-06-27,Dublin,Clothing,Accessories,181.4,2,0.05,46.56,2025-06,2025Q2,2025,0.2567
100279,2025-06-27,Cork,Homeware,Lighting,111.84,1,0.15,16.81,2025-06,2025Q2,2025,0.1503
104311,2025-06-27,Galway,Clothing,Womenswear,58.06,1,0.1,18.14,2025-06,2025Q2,2025,0.3124
106177,2025-06-27,Dublin,Grocery,Dairy,11.02,2,0.2,1.98,2025-06,2025Q2,2025,0.1797
104214,2025-06-27,Cork,Electronics,TVs,66.53,3,0.0,19.0,2025-06,2025Q2,2025,0.2856
101281,2025-06-27,Dublin,Homeware,Kitchenware,715.25,3,0.15,91.7,2025-06,2025Q2,2025,0.1282
101911,2025-06-27,Cork,Clothing,Accessories,55.08,1,0.2,6.75,2025-06,2025Q2,2025,0.1225
103908,2025-06-27,Dublin,Clothing,Accessories,288.83,4,0.1,72.21,2025-06,2025Q2,2025,0.25
102038,2025-06-27,Cork,Clothing,Footwear,47.32,2,0.0,19.24,2025-06,2025Q2,2025,0.4066
100025,2025-06-27,Dublin,Electronics,Laptops,78.0,1,0.15,9.96,2025-06,2025Q2,2025,0.1277
101901,2025-06-28,Dublin,Clothing,Footwear,178.89,4,0.0,80.27,2025-06,2025Q2,2025,0.4487
103952,2025-06-28,Galway,Clothing,Footwear,59.42,2,0.2,7.32,2025-06,2025Q2,2025,0.1232
102468,2025-06-28,Dublin,Homeware,Bedding,259.6,1,0.0,105.78,2025-06,2025Q2,2025,0.4075
101971,2025-06-28,Dublin,Electronics,Mobile Accessories,1110.81,2,0.1,217.17,2025-06,2025Q2,2025,0.1955
103292,2025-06-29,Cork,Clothing,Womenswear,30.63,1,0.05,9.39,2025-06,2025Q2,2025,0.3066
100954,2025-06-29,Cork,Homeware,Lighting,102.75,3,0.05,30.27,2025-06,2025Q2,2025,0.2946
103342,2025-06-29,Cork,Grocery,Beverages,76.4,2,0.1,25.22,2025-06,2025Q2,2025,0.3301
106148,2025-06-29,Dublin,Homeware,Lighting,58.28,1,0.1,11.7,2025-06,2025Q2,2025,0.2008
101770,2025-06-29,Dublin,Grocery,Bakery,18.4,1,0.1,5.8,2025-06,2025Q2,2025,0.3152
105883,2025-06-29,Dublin,Electronics,Headphones,323.5,2,0.0,67.73,2025-06,2025Q2,2025,0.2094
105707,2025-06-29,Dublin,Clothing,Menswear,138.0,3,0.0,24.68,2025-06,2025Q2,2025,0.1788
102062,2025-06-30,Galway,Electronics,Headphones,290.52,2,0.1,76.6,2025-06,2025Q2,2025,0.2637
105394,2025-06-30,Dublin,Grocery,Beverages,54.1,3,0.05,18.97,2025-06,2025Q2,2025,0.3506
105858,2025-06-30,Cork,Homeware,Storage,287.56,1,0.15,36.3,2025-06,2025Q2,2025,0.1262
102918,2025-06-30,Cork,Grocery,Beverages,17.47,1,0.0,6.74,2025-06,2025Q2,2025,0.3858
100391,2025-06-30,Dublin,Clothing,Menswear,76.53,1,0.05,28.39,2025-06,2025Q2,2025,0.371
102263,2025-07-01,Dublin,Homeware,Bedding,116.62,1,0.0,36.34,2025-07,2025Q3,2025,0.3116
103661,2025-07-01,Dublin,Electronics,Mobile Accessories,699.75,4,0.0,184.17,2025-07,2025Q3,2025,0.2632
100686,2025-07-01,Galway,Electronics,Smart Home,1843.44,3,0.2,409.04,2025-07,2025Q3,2025,0.2219
100925,2025-07-01,Dublin,Grocery,Snacks,13.09,1,0.0,5.78,2025-07,2025Q3,2025,0.4416
103293,2025-07-02,Limerick,Electronics,Laptops,646.04,4,0.0,173.99,2025-07,2025Q3,2025,0.2693
105732,2025-07-02,Limerick,Clothing,Womenswear,80.66,2,0.2,7.48,2025-07,2025Q3,2025,0.0927
105185,2025-07-02,Limerick,Grocery,Beverages,37.37,1,0.1,7.09,2025-07,2025Q3,2025,0.1897
101966,2025-07-02,Cork,Clothing,Kidswear,108.09,1,0.2,14.42,2025-07,2025Q3,2025,0.1334
105986,2025-07-02,Dublin,Homeware,Lighting,68.84,1,0.0,27.63,2025-07,2025Q3,2025,0.4014
105873,2025-07-02,Galway,Grocery,Dairy,8.78,2,0.15,1.14,2025-07,2025Q3,2025,0.1298
101720,2025-07-02,Cork,Homeware,Kitchenware,112.44,1,0.1,33.94,2025-07,2025Q3,2025,0.3018
102392,2025-07-02,Dublin,Electronics,Mobile Accessories,365.71,1,0.0,159.73,2025-07,2025Q3,2025,0.4368
104120,2025-07-02,Galway,Grocery,Bakery,15.73,1,0.0,3.95,2025-07,2025Q3,2025,0.2511
105895,2025-07-02,Dublin,Clothing,Menswear,84.06,1,0.15,16.55,2025-07,2025Q3,2025,0.1969
105281,2025-07-03,Dublin,Clothing,Menswear,59.98,2,0.2,4.89,2025-07,2025Q3,2025,0.0815
102519,2025-07-03,Dublin,Homeware,Furniture,260.82,2,0.0,86.69,2025-07,2025Q3,2025,0.3324
104249,2025-07-03,Galway,Clothing,Womenswear,76.14,3,0.0,27.82,2025-07,2025Q3,2025,0.3654
102075,2025-07-03,Cork,Electronics,Laptops,581.23,2,0.05,117.02,2025-07,2025Q3,2025,0.2013
104190,2025-07-03,Limerick,Electronics,Smart Home,1190.74,2,0.0,493.2,2025-07,2025Q3,2025,0.4142
101434,2025-07-04,Dublin,Homeware,Kitchenware,108.31,1,0.05,40.95,2025-07,2025Q3,2025,0.3781
101764,2025-07-04,Cork,Clothing,Footwear,42.79,1,0.2,7.99,2025-07,2025Q3,2025,0.1867
100509,2025-07-04,Dublin,Grocery,Dairy,70.24,3,0.0,21.84,2025-07,2025Q3,2025,0.3109
104134,2025-07-04,Cork,Clothing,Womenswear,205.66,2,0.05,69.65,2025-07,2025Q3,2025,0.3387
105243,2025-07-04,Cork,Grocery,Dairy,26.84,2,0.1,8.5,2025-07,2025Q3,2025,0.3167
104522,2025-07-04,Dublin,Grocery,Bakery,10.76,1,0.0,4.27,2025-07,2025Q3,2025,0.3968
100403,2025-07-04,Cork,Electronics,Laptops,976.71,4,0.0,270.56,2025-07,2025Q3,2025,0.277
100658,2025-07-04,Dublin,Electronics,Laptops,2761.38,4,0.15,566.24,2025-07,2025Q3,2025,0.2051
100445,2025-07-04,Galway,Grocery,Snacks,77.42,2,0.05,19.05,2025-07,2025Q3,2025,0.2461
103628,2025-07-05,Dublin,Electronics,Mobile Accessories,466.72,2,0.0,169.39,2025-07,2025Q3,2025,0.3629
103579,2025-07-05,Dublin,Grocery,Fresh Produce,37.71,3,0.05,12.72,2025-07,2025Q3,2025,0.3373
104102,2025-07-05,Cork,Homeware,Furniture,478.44,3,0.0,194.32,2025-07,2025Q3,2025,0.4062
100486,2025-07-05,Galway,Homeware,Storage,832.56,4,0.1,265.73,2025-07,2025Q3,2025,0.3192
101119,2025-07-06,Cork,Homeware,Kitchenware,606.52,4,0.0,228.11,2025-07,2025Q3,2025,0.3761
104880,2025-07-06,Dublin,Grocery,Beverages,108.16,3,0.0,44.91,2025-07,2025Q3,2025,0.4152
101640,2025-07-06,Dublin,Electronics,TVs,468.37,3,0.0,172.51,2025-07,2025Q3,2025,0.3683
100417,2025-07-06,Cork,Homeware,Furniture,495.28,4,0.1,100.72,2025-07,2025Q3,2025,0.2034
101894,2025-07-06,Dublin,Clothing,Menswear,430.65,4,0.0,122.32,2025-07,2025Q3,2025,0.284
103383,2025-07-06,Dublin,Electronics,Smart Home,601.73,2,0.0,266.35,2025-07,2025Q3,2025,0.4426
106500,2025-07-06,Cork,Homeware,Kitchenware,528.76,2,0.2,44.42,2025-07,2025Q3,2025,0.084
104778,2025-07-06,Galway,Grocery,Snacks,21.53,1,0.1,4.46,2025-07,2025Q3,2025,0.2072
100265,2025-07-06,Dublin,Electronics,Mobile Accessories,2343.47,4,0.0,800.51,2025-07,2025Q3,2025,0.3416
100750,2025-07-06,Cork,Homeware,Furniture,441.38,2,0.0,134.0,2025-07,2025Q3,2025,0.3036
104490,2025-07-06,Dublin,Homeware,Storage,318.37,3,0.05,76.72,2025-07,2025Q3,2025,0.241
106283,2025-07-06,Cork,Electronics,Smart Home,256.83,2,0.0,68.94,2025-07,2025Q3,2025,0.2684
101100,2025-07-06,Dublin,Homeware,Furniture,806.89,4,0.2,91.82,2025-07,2025Q3,2025,0.1138
102622,2025-07-06,Dublin,Clothing,Accessories,104.14,1,0.05,36.2,2025-07,2025Q3,2025,0.3476
100912,2025-07-06,Limerick,Electronics,Mobile Accessories,211.99,1,0.0,86.36,2025-07,2025Q3,2025,0.4074
103474,2025-07-06,Cork,Homeware,Lighting,218.88,1,0.0,59.07,2025-07,2025Q3,2025,0.2699
104600,2025-07-06,Dublin,Electronics,TVs,326.5,1,0.0,99.54,2025-07,2025Q3,2025,0.3049
101823,2025-07-07,Limerick,Grocery,Fresh Produce,13.03,3,0.15,3.1,2025-07,2025Q3,2025,0.2379
101841,2025-07-07,Cork,Clothing,Accessories,36.37,1,0.0,9.92,2025-07,2025Q3,2025,0.2728
102028,2025-07-07,Dublin,Clothing,Menswear,68.72,1,0.2,9.2,2025-07,2025Q3,2025,0.1339
102456,2025-07-07,Dublin,Electronics,Headphones,672.0,1,0.1,196.53,2025-07,2025Q3,2025,0.2925
100022,2025-07-07,Galway,Electronics,Laptops,257.88,2,0.05,92.13,2025-07,2025Q3,2025,0.3573
105541,2025-07-07,Dublin,Homeware,Bedding,323.13,1,0.0,119.72,2025-07,2025Q3,2025,0.3705
100106,2025-07-07,Dublin,Homeware,Lighting,919.68,4,0.05,254.63,2025-07,2025Q3,2025,0.2769
100590,2025-07-07,Galway,Homeware,Storage,393.14,2,0.15,97.58,2025-07,2025Q3,2025,0.2482
104438,2025-07-08,Limerick,Homeware,Bedding,459.98,2,0.0,160.99,2025-07,2025Q3,2025,0.35
104918,2025-07-08,Cork,Clothing,Accessories,84.15,1,0.2,9.66,2025-07,2025Q3,2025,0.1148
102746,2025-07-08,Galway,Homeware,Furniture,467.94,2,0.0,165.69,2025-07,2025Q3,2025,0.3541
103007,2025-07-08,Cork,Electronics,Mobile Accessories,146.51,1,0.05,43.95,2025-07,2025Q3,2025,0.3
102427,2025-07-08,Dublin,Clothing,Womenswear,69.97,1,0.15,12.8,2025-07,2025Q3,2025,0.1829
105340,2025-07-08,Dublin,Homeware,Lighting,159.21,3,0.1,53.36,2025-07,2025Q3,2025,0.3352
105645,2025-07-08,Limerick,Homeware,Bedding,72.24,1,0.0,29.96,2025-07,2025Q3,2025,0.4147
101462,2025-07-08,Galway,Grocery,Snacks,5.72,1,0.2,0.97,2025-07,2025Q3,2025,0.1696
100965,2025-07-08,Dublin,Homeware,Storage,15.16,1,0.0,5.15,2025-07,2025Q3,2025,0.3397
103973,2025-07-09,Dublin,Electronics,Headphones,82.25,2,0.1,24.98,2025-07,2025Q3,2025,0.3037
105676,2025-07-09,Dublin,Clothing,Footwear,426.83,4,0.1,111.9,2025-07,2025Q3,2025,0.2622
104660,2025-07-09,Dublin,Clothing,Kidswear,16.49,1,0.0,6.99,2025-07,2025Q3,2025,0.4239
101743,2025-07-09,Cork,Electronics,TVs,1385.54,4,0.2,284.87,2025-07,2025Q3,2025,0.2056
102352,2025-07-09,Cork,Clothing,Menswear,166.32,2,0.0,47.9,2025-07,2025Q3,2025,0.288
101094,2025-07-09,Dublin,Clothing,Menswear,88.48,1,0.0,28.15,2025-07,2025Q3,2025,0.3182
105681,2025-07-10,Limerick,Electronics,Headphones,79.16,2,0.2,8.66,2025-07,2025Q3,2025,0.1094
102328,2025-07-10,Dublin,Homeware,Lighting,78.82,2,0.0,35.35,2025-07,2025Q3,2025,0.4485
104392,2025-07-10,Dublin,Clothing,Kidswear,65.11,1,0.0,18.72,2025-07,2025Q3,2025,0.2875
100476,2025-07-10,Cork,Homeware,Furniture,988.0,4,0.0,420.5,2025-07,2025Q3,2025,0.4256
103432,2025-07-10,Dublin,Homeware,Lighting,294.95,4,0.1,95.88,2025-07,2025Q3,2025,0.3251
105412,2025-07-10,Dublin,Electronics,Laptops,2769.02,4,0.0,987.23,2025-07,2025Q3,2025,0.3565
100212,2025-07-11,Cork,Clothing,Womenswear,35.72,1,0.0,14.1,2025-07,2025Q3,2025,0.3947
102271,2025-07-11,Cork,Grocery,Fresh Produce,54.16,2,0.1,18.82,2025-07,2025Q3,2025,0.3475
103462,2025-07-11,Dublin,Electronics,Laptops,801.83,2,0.0,292.73,2025-07,2025Q3,2025,0.3651
100894,2025-07-11,Dublin,Electronics,Laptops,489.6,2,0.2,93.67,2025-07,2025Q3,2025,0.1913
105549,2025-07-11,Dublin,Electronics,Laptops,1117.98,2,0.05,425.17,2025-07,2025Q3,2025,0.3803
104231,2025-07-11,Limerick,Clothing,Menswear,38.16,4,0.05,8.75,2025-07,2025Q3,2025,0.2293
102377,2025-07-11,Dublin,Electronics,Smart Home,442.36,2,0.0,154.83,2025-07,2025Q3,2025,0.35
102354,2025-07-11,Cork,Electronics,Smart Home,542.4,2,0.1,182.65,2025-07,2025Q3,2025,0.3367
102429,2025-07-12,Galway,Grocery,Fresh Produce,29.68,1,0.2,4.84,2025-07,2025Q3,2025,0.1631
102240,2025-07-12,Dublin,Grocery,Beverages,67.3,4,0.05,23.48,2025-07,2025Q3,2025,0.3489
105147,2025-07-12,Cork,Clothing,Accessories,318.19,4,0.2,20.8,2025-07,2025Q3,2025,0.0654
104343,2025-07-12,Limerick,Grocery,Bakery,71.3,2,0.1,17.1,2025-07,2025Q3,2025,0.2398
102520,2025-07-12,Dublin,Grocery,Bakery,90.9,2,0.15,16.48,2025-07,2025Q3,2025,0.1813
106241,2025-07-12,Dublin,Electronics,Headphones,2600.1,4,0.0,703.32,2025-07,2025Q3,2025,0.2705
106385,2025-07-12,Dublin,Clothing,Footwear,102.32,1,0.1,17.17,2025-07,2025Q3,2025,0.1678
103533,2025-07-12,Dublin,Grocery,Bakery,43.07,1,0.2,5.06,2025-07,2025Q3,2025,0.1175
101248,2025-07-12,Dublin,Electronics,Mobile Accessories,1003.43,1,0.2,161.38,2025-07,2025Q3,2025,0.1608
102501,2025-07-12,Limerick,Electronics,Mobile Accessories,1663.73,2,0.15,310.37,2025-07,2025Q3,2025,0.1866
104597,2025-07-12,Cork,Electronics,TVs,384.84,2,0.0,139.43,2025-07,2025Q3,2025,0.3623
104941,2025-07-12,Dublin,Grocery,Snacks,20.09,1,0.15,2.2,2025-07,2025Q3,2025,0.1095
102542,2025-07-13,Dublin,Electronics,Headphones,742.16,3,0.05,179.62,2025-07,2025Q3,2025,0.242
103245,2025-07-13,Limerick,Grocery,Beverages,138.53,4,0.1,36.11,2025-07,2025Q3,2025,0.2607
104040,2025-07-13,Dublin,Clothing,Accessories,31.57,1,0.2,5.19,2025-07,2025Q3,2025,0.1644
100668,2025-07-13,Dublin,Electronics,Smart Home,661.34,1,0.05,205.0,2025-07,2025Q3,2025,0.31
105877,2025-07-13,Dublin,Grocery,Dairy,13.29,2,0.0,4.31,2025-07,2025Q3,2025,0.3243
102242,2025-07-13,Dublin,Grocery,Dairy,44.09,2,0.0,15.27,2025-07,2025Q3,2025,0.3463
102785,2025-07-13,Cork,Homeware,Furniture,979.6,4,0.0,363.57,2025-07,2025Q3,2025,0.3711
103049,2025-07-13,Galway,Clothing,Accessories,314.46,3,0.1,101.2,2025-07,2025Q3,2025,0.3218
103796,2025-07-13,Limerick,Grocery,Snacks,27.89,4,0.2,4.16,2025-07,2025Q3,2025,0.1492
103632,2025-07-13,Dublin,Grocery,Bakery,66.77,2,0.0,25.23,2025-07,2025Q3,2025,0.3779
103461,2025-07-14,Limerick,Electronics,Headphones,598.56,1,0.0,209.4,2025-07,2025Q3,2025,0.3498
101298,2025-07-14,Cork,Clothing,Kidswear,95.47,1,0.2,14.32,2025-07,2025Q3,2025,0.15
102087,2025-07-14,Cork,Grocery,Snacks,11.31,1,0.0,3.01,2025-07,2025Q3,2025,0.2661
102416,2025-07-14,Limerick,Grocery,Beverages,36.29,3,0.0,13.35,2025-07,2025Q3,2025,0.3679
103816,2025-07-14,Dublin,Homeware,Lighting,214.03,1,0.0,55.01,2025-07,2025Q3,2025,0.257
105950,2025-07-14,Dublin,Homeware,Bedding,548.71,2,0.0,240.35,2025-07,2025Q3,2025,0.438
104611,2025-07-14,Galway,Clothing,Menswear,98.89,1,0.0,42.63,2025-07,2025Q3,2025,0.4311
104669,2025-07-15,Cork,Electronics,TVs,322.1,2,0.0,124.49,2025-07,2025Q3,2025,0.3865
100883,2025-07-15,Dublin,Homeware,Furniture,524.77,2,0.2,46.7,2025-07,2025Q3,2025,0.089
102398,2025-07-15,Cork,Electronics,TVs,733.62,3,0.1,209.8,2025-07,2025Q3,2025,0.286
103085,2025-07-15,Galway,Electronics,Headphones,363.02,1,0.0,136.79,2025-07,2025Q3,2025,0.3768
102083,2025-07-15,Cork,Homeware,Furniture,451.4,2,0.05,135.42,2025-07,2025Q3,2025,0.3
100454,2025-07-15,Dublin,Grocery,Snacks,44.18,1,0.0,18.26,2025-07,2025Q3,2025,0.4133
103229,2025-07-15,Cork,Clothing,Footwear,80.85,1,0.05,26.36,2025-07,2025Q3,2025,0.326
103558,2025-07-15,Cork,Homeware,Storage,34.51,1,0.05,9.07,2025-07,2025Q3,2025,0.2628
104675,2025-07-15,Dublin,Electronics,Headphones,1076.03,4,0.0,362.51,2025-07,2025Q3,2025,0.3369
103483,2025-07-15,Dublin,Electronics,Headphones,607.49,1,0.1,156.35,2025-07,2025Q3,2025,0.2574
101323,2025-07-15,Galway,Clothing,Menswear,82.89,1,0.0,33.22,2025-07,2025Q3,2025,0.4008
105857,2025-07-15,Cork,Clothing,Footwear,202.8,2,0.1,54.15,2025-07,2025Q3,2025,0.267
105273,2025-07-15,Cork,Clothing,Womenswear,319.92,4,0.0,95.55,2025-07,2025Q3,2025,0.2987
103955,2025-07-16,Limerick,Clothing,Womenswear,40.29,1,0.0,15.53,2025-07,2025Q3,2025,0.3855
106433,2025-07-16,Dublin,Clothing,Menswear,159.56,3,0.05,54.21,2025-07,2025Q3,2025,0.3397
102984,2025-07-16,Cork,Grocery,Dairy,23.68,1,0.2,2.34,2025-07,2025Q3,2025,0.0988
100847,2025-07-16,Galway,Homeware,Bedding,314.3,2,0.15,64.93,2025-07,2025Q3,2025,0.2066
105280,2025-07-16,Dublin,Homeware,Furniture,1090.98,4,0.05,351.34,2025-07,2025Q3,2025,0.322
101382,2025-07-16,Dublin,Homeware,Lighting,427.75,2,0.05,133.88,2025-07,2025Q3,2025,0.313
101620,2025-07-16,Galway,Homeware,Lighting,181.25,1,0.1,38.91,2025-07,2025Q3,2025,0.2147
102571,2025-07-16,Limerick,Clothing,Kidswear,223.76,2,0.0,70.88,2025-07,2025Q3,2025,0.3168
101081,2025-07-16,Dublin,Clothing,Menswear,124.75,1,0.0,51.31,2025-07,2025Q3,2025,0.4113
106048,2025-07-16,Cork,Homeware,Kitchenware,278.08,1,0.0,78.72,2025-07,2025Q3,2025,0.2831
101598,2025-07-16,Dublin,Electronics,Laptops,523.54,1,0.05,142.73,2025-07,2025Q3,2025,0.2726
105316,2025-07-16,Dublin,Electronics,Smart Home,453.44,1,0.0,202.13,2025-07,2025Q3,2025,0.4458
100566,2025-07-16,Limerick,Electronics,TVs,537.97,1,0.0,149.42,2025-07,2025Q3,2025,0.2777
102117,2025-07-17,Galway,Electronics,Headphones,80.92,1,0.0,21.23,2025-07,2025Q3,2025,0.2624
101621,2025-07-17,Dublin,Clothing,Kidswear,61.62,1,0.2,12.74,2025-07,2025Q3,2025,0.2068
100897,2025-07-17,Dublin,Clothing,Womenswear,60.73,1,0.0,19.11,2025-07,2025Q3,2025,0.3147
102135,2025-07-17,Dublin,Electronics,Mobile Accessories,41.02,1,0.2,7.99,2025-07,2025Q3,2025,0.1948
102426,2025-07-17,Dublin,Grocery,Bakery,28.52,1,0.0,7.38,2025-07,2025Q3,2025,0.2588
102134,2025-07-17,Limerick,Grocery,Snacks,34.91,1,0.0,11.05,2025-07,2025Q3,2025,0.3165
102162,2025-07-17,Dublin,Homeware,Storage,172.98,2,0.15,46.43,2025-07,2025Q3,2025,0.2684
103998,2025-07-17,Limerick,Clothing,Footwear,315.12,4,0.0,135.22,2025-07,2025Q3,2025,0.4291
103755,2025-07-17,Limerick,Electronics,Headphones,494.84,4,0.1,112.05,2025-07,2025Q3,2025,0.2264
106207,2025-07-17,Cork,Electronics,Mobile Accessories,270.44,1,0.0,120.35,2025-07,2025Q3,2025,0.445
101551,2025-07-18,Cork,Homeware,Kitchenware,87.63,1,0.1,26.2,2025-07,2025Q3,2025,0.299
103065,2025-07-18,Galway,Homeware,Furniture,50.46,1,0.15,9.86,2025-07,2025Q3,2025,0.1954
106429,2025-07-18,Galway,Electronics,TVs,557.32,4,0.0,171.47,2025-07,2025Q3,2025,0.3077
105440,2025-07-18,Dublin,Homeware,Lighting,88.73,3,0.1,26.07,2025-07,2025Q3,2025,0.2938
101418,2025-07-18,Cork,Grocery,Beverages,34.94,2,0.05,11.38,2025-07,2025Q3,2025,0.3257
105666,2025-07-18,Limerick,Electronics,TVs,1089.6,3,0.0,367.16,2025-07,2025Q3,2025,0.337
101963,2025-07-18,Dublin,Homeware,Bedding,252.91,1,0.15,48.64,2025-07,2025Q3,2025,0.1923
100993,2025-07-18,Dublin,Homeware,Lighting,328.51,1,0.2,22.07,2025-07,2025Q3,2025,0.0672
100171,2025-07-18,Cork,Homeware,Bedding,541.84,4,0.0,153.73,2025-07,2025Q3,2025,0.2837
100229,2025-07-18,Dublin,Electronics,TVs,1095.65,2,0.0,489.29,2025-07,2025Q3,2025,0.4466
104173,2025-07-18,Cork,Homeware,Bedding,855.9,3,0.0,382.49,2025-07,2025Q3,2025,0.4469
106016,2025-07-18,Dublin,Grocery,Bakery,59.89,4,0.0,22.88,2025-07,2025Q3,2025,0.382
101852,2025-07-18,Dublin,Grocery,Dairy,31.46,4,0.0,13.31,2025-07,2025Q3,2025,0.4231
104374,2025-07-19,Dublin,Clothing,Womenswear,194.0,2,0.0,85.6,2025-07,2025Q3,2025,0.4412
102767,2025-07-19,Dublin,Grocery,Snacks,34.94,1,0.2,5.33,2025-07,2025Q3,2025,0.1525
103814,2025-07-19,Galway,Grocery,Dairy,8.76,1,0.2,0.82,2025-07,2025Q3,2025,0.0936
105641,2025-07-19,Dublin,Grocery,Snacks,16.02,1,0.0,7.19,2025-07,2025Q3,2025,0.4488
100927,2025-07-19,Galway,Homeware,Furniture,458.24,4,0.0,138.12,2025-07,2025Q3,2025,0.3014
103382,2025-07-19,Limerick,Homeware,Bedding,830.76,3,0.2,113.75,2025-07,2025Q3,2025,0.1369
101723,2025-07-19,Dublin,Grocery,Dairy,2.44,1,0.15,0.25,2025-07,2025Q3,2025,0.1025
105206,2025-07-19,Dublin,Electronics,Mobile Accessories,690.12,1,0.0,303.71,2025-07,2025Q3,2025,0.4401
103598,2025-07-20,Cork,Clothing,Menswear,35.03,1,0.2,5.81,2025-07,2025Q3,2025,0.1659
106247,2025-07-20,Dublin,Grocery,Beverages,43.11,1,0.0,14.06,2025-07,2025Q3,2025,0.3261
102631,2025-07-20,Cork,Electronics,Headphones,324.96,2,0.0,105.17,2025-07,2025Q3,2025,0.3236
105601,2025-07-20,Cork,Homeware,Kitchenware,897.57,3,0.0,286.55,2025-07,2025Q3,2025,0.3193
102361,2025-07-20,Cork,Homeware,Bedding,269.16,3,0.1,58.53,2025-07,2025Q3,2025,0.2175
102248,2025-07-20,Galway,Clothing,Accessories,196.95,3,0.05,61.02,2025-07,2025Q3,2025,0.3098
100389,2025-07-20,Cork,Homeware,Bedding,191.01,1,0.15,44.11,2025-07,2025Q3,2025,0.2309
100386,2025-07-20,Limerick,Clothing,Accessories,95.48,1,0.15,17.6,2025-07,2025Q3,2025,0.1843
102884,2025-07-21,Dublin,Grocery,Snacks,9.04,1,0.05,3.23,2025-07,2025Q3,2025,0.3573
104626,2025-07-21,Dublin,Electronics,Mobile Accessories,120.7,4,0.0,38.96,2025-07,2025Q3,2025,0.3228
102684,2025-07-21,Limerick,Clothing,Footwear,75.36,2,0.2,5.9,2025-07,2025Q3,2025,0.0783
106366,2025-07-21,Cork,Electronics,Headphones,234.55,2,0.1,55.05,2025-07,2025Q3,2025,0.2347
106340,2025-07-21,Limerick,Homeware,Kitchenware,254.5,1,0.15,27.06,2025-07,2025Q3,2025,0.1063
103992,2025-07-21,Cork,Homeware,Lighting,66.8,4,0.1,15.06,2025-07,2025Q3,2025,0.2254
102453,2025-07-21,Dublin,Electronics,Laptops,1187.44,4,0.0,367.03,2025-07,2025Q3,2025,0.3091
103663,2025-07-21,Cork,Grocery,Bakery,138.16,4,0.0,51.71,2025-07,2025Q3,2025,0.3743
100327,2025-07-21,Galway,Grocery,Beverages,13.3,1,0.0,4.94,2025-07,2025Q3,2025,0.3714
105182,2025-07-21,Dublin,Electronics,Headphones,1395.29,2,0.2,329.18,2025-07,2025Q3,2025,0.2359
102439,2025-07-21,Galway,Electronics,Headphones,1197.46,2,0.0,391.65,2025-07,2025Q3,2025,0.3271
101309,2025-07-21,Galway,Homeware,Lighting,352.2,4,0.0,126.07,2025-07,2025Q3,2025,0.358
102089,2025-07-22,Cork,Grocery,Beverages,84.2,4,0.1,21.05,2025-07,2025Q3,2025,0.25
101713,2025-07-22,Dublin,Electronics,TVs,116.9,1,0.0,33.76,2025-07,2025Q3,2025,0.2888
106257,2025-07-22,Cork,Grocery,Beverages,19.49,1,0.05,6.7,2025-07,2025Q3,2025,0.3438
101674,2025-07-22,Galway,Electronics,Mobile Accessories,858.16,4,0.1,210.28,2025-07,2025Q3,2025,0.245
104145,2025-07-22,Cork,Grocery,Bakery,89.82,3,0.05,21.25,2025-07,2025Q3,2025,0.2366
100801,2025-07-22,Dublin,Grocery,Snacks,21.6,2,0.2,3.85,2025-07,2025Q3,2025,0.1782
105565,2025-07-22,Limerick,Grocery,Bakery,134.78,4,0.1,40.2,2025-07,2025Q3,2025,0.2983
104446,2025-07-22,Dublin,Electronics,Smart Home,2040.19,4,0.0,598.1,2025-07,2025Q3,2025,0.2932
104228,2025-07-22,Galway,Homeware,Bedding,260.28,4,0.0,87.75,2025-07,2025Q3,2025,0.3371
104573,2025-07-22,Cork,Homeware,Kitchenware,212.48,1,0.1,56.97,2025-07,2025Q3,2025,0.2681
103151,2025-07-22,Galway,Homeware,Bedding,255.58,2,0.1,86.37,2025-07,2025Q3,2025,0.3379
100120,2025-07-23,Dublin,Grocery,Dairy,24.36,2,0.2,3.36,2025-07,2025Q3,2025,0.1379
103951,2025-07-23,Limerick,Clothing,Footwear,298.36,4,0.0,119.13,2025-07,2025Q3,2025,0.3993
103333,2025-07-23,Dublin,Grocery,Beverages,17.84,1,0.2,3.16,2025-07,2025Q3,2025,0.1771
101584,2025-07-23,Limerick,Electronics,Mobile Accessories,415.99,1,0.2,50.44,2025-07,2025Q3,2025,0.1213
103522,2025-07-23,Cork,Electronics,TVs,353.42,1,0.05,97.35,2025-07,2025Q3,2025,0.2755
105815,2025-07-23,Galway,Grocery,Fresh Produce,15.33,1,0.0,5.13,2025-07,2025Q3,2025,0.3346
100118,2025-07-23,Dublin,Grocery,Fresh Produce,81.01,4,0.15,9.05,2025-07,2025Q3,2025,0.1117
104726,2025-07-24,Cork,Clothing,Footwear,44.79,1,0.0,18.15,2025-07,2025Q3,2025,0.4052
104926,2025-07-24,Dublin,Grocery,Beverages,34.59,1,0.0,15.55,2025-07,2025Q3,2025,0.4496
101759,2025-07-24,Cork,Clothing,Footwear,53.97,1,0.0,8.79,2025-07,2025Q3,2025,0.1629
106286,2025-07-24,Dublin,Clothing,Menswear,117.45,1,0.0,41.65,2025-07,2025Q3,2025,0.3546
101413,2025-07-24,Dublin,Electronics,TVs,1120.66,3,0.15,301.84,2025-07,2025Q3,2025,0.2693
103063,2025-07-24,Limerick,Electronics,Smart Home,285.12,1,0.15,35.24,2025-07,2025Q3,2025,0.1236
100739,2025-07-24,Dublin,Homeware,Storage,213.03,1,0.15,61.76,2025-07,2025Q3,2025,0.2899
100518,2025-07-24,Cork,Electronics,Laptops,122.93,1,0.15,36.15,2025-07,2025Q3,2025,0.2941
103448,2025-07-25,Cork,Grocery,Dairy,25.48,2,0.1,5.8,2025-07,2025Q3,2025,0.2276
100699,2025-07-25,Cork,Homeware,Kitchenware,292.5,1,0.0,90.6,2025-07,2025Q3,2025,0.3097
102460,2025-07-25,Cork,Electronics,Laptops,188.85,4,0.15,33.22,2025-07,2025Q3,2025,0.1759
104181,2025-07-25,Galway,Electronics,Smart Home,119.4,2,0.0,31.11,2025-07,2025Q3,2025,0.2606
100353,2025-07-25,Dublin,Electronics,Smart Home,120.72,1,0.15,16.7,2025-07,2025Q3,2025,0.1383
100492,2025-07-25,Dublin,Electronics,TVs,572.08,2,0.15,95.51,2025-07,2025Q3,2025,0.167
100817,2025-07-25,Dublin,Homeware,Storage,302.9,1,0.15,90.28,2025-07,2025Q3,2025,0.2981
103314,2025-07-25,Limerick,Grocery,Fresh Produce,3.41,1,0.0,1.48,2025-07,2025Q3,2025,0.434
100482,2025-07-25,Galway,Grocery,Snacks,29.86,1,0.15,6.7,2025-07,2025Q3,2025,0.2244
105138,2025-07-25,Galway,Grocery,Bakery,39.23,1,0.0,10.83,2025-07,2025Q3,2025,0.2761
103878,2025-07-25,Cork,Electronics,TVs,661.12,3,0.0,264.94,2025-07,2025Q3,2025,0.4007
104985,2025-07-25,Dublin,Electronics,Laptops,703.75,1,0.0,207.34,2025-07,2025Q3,2025,0.2946
103189,2025-07-25,Limerick,Homeware,Lighting,318.18,2,0.0,103.08,2025-07,2025Q3,2025,0.324
102060,2025-07-25,Cork,Clothing,Kidswear,209.88,2,0.05,75.36,2025-07,2025Q3,2025,0.3591
104737,2025-07-25,Cork,Electronics,TVs,517.12,2,0.0,140.82,2025-07,2025Q3,2025,0.2723
103209,2025-07-25,Limerick,Grocery,Fresh Produce,74.3,3,0.0,24.52,2025-07,2025Q3,2025,0.33
100252,2025-07-25,Cork,Homeware,Lighting,236.98,2,0.2,27.04,2025-07,2025Q3,2025,0.1141
103668,2025-07-25,Dublin,Grocery,Bakery,45.9,1,0.15,9.15,2025-07,2025Q3,2025,0.1993
104203,2025-07-26,Cork,Electronics,TVs,984.6,3,0.0,267.41,2025-07,2025Q3,2025,0.2716
100140,2025-07-26,Dublin,Grocery,Bakery,126.32,4,0.15,12.7,2025-07,2025Q3,2025,0.1005
104197,2025-07-26,Cork,Homeware,Furniture,457.08,3,0.0,133.27,2025-07,2025Q3,2025,0.2916
102932,2025-07-26,Cork,Clothing,Womenswear,200.74,2,0.1,65.23,2025-07,2025Q3,2025,0.3249
104912,2025-07-26,Dublin,Electronics,Laptops,116.63,2,0.2,28.01,2025-07,2025Q3,2025,0.2402
106009,2025-07-26,Cork,Homeware,Bedding,207.7,2,0.05,62.17,2025-07,2025Q3,2025,0.2993
104356,2025-07-26,Galway,Homeware,Kitchenware,217.38,1,0.15,25.12,2025-07,2025Q3,2025,0.1156
100963,2025-07-26,Cork,Electronics,Smart Home,533.59,3,0.15,116.85,2025-07,2025Q3,2025,0.219
100797,2025-07-26,Limerick,Clothing,Kidswear,29.89,1,0.15,3.54,2025-07,2025Q3,2025,0.1184
103191,2025-07-26,Dublin,Grocery,Beverages,140.53,4,0.0,43.12,2025-07,2025Q3,2025,0.3068
100755,2025-07-26,Cork,Clothing,Kidswear,220.32,3,0.05,44.22,2025-07,2025Q3,2025,0.2007
101767,2025-07-26,Dublin,Electronics,Laptops,444.07,1,0.05,94.97,2025-07,2025Q3,2025,0.2139
103845,2025-07-27,Galway,Grocery,Bakery,19.68,1,0.0,6.08,2025-07,2025Q3,2025,0.3089
102203,2025-07-27,Dublin,Grocery,Beverages,36.02,1,0.2,5.43,2025-07,2025Q3,2025,0.1507
103693,2025-07-27,Dublin,Electronics,Mobile Accessories,438.69,1,0.0,172.59,2025-07,2025Q3,2025,0.3934
101896,2025-07-27,Cork,Homeware,Kitchenware,578.92,2,0.15,81.77,2025-07,2025Q3,2025,0.1412
106014,2025-07-27,Dublin,Clothing,Accessories,171.12,2,0.15,46.63,2025-07,2025Q3,2025,0.2725
101921,2025-07-27,Galway,Grocery,Dairy,16.95,1,0.05,4.55,2025-07,2025Q3,2025,0.2684
101160,2025-07-27,Limerick,Homeware,Lighting,355.56,3,0.0,124.45,2025-07,2025Q3,2025,0.35
103898,2025-07-28,Galway,Electronics,Laptops,2362.72,4,0.2,354.41,2025-07,2025Q3,2025,0.15
105300,2025-07-28,Galway,Homeware,Kitchenware,250.66,1,0.0,80.66,2025-07,2025Q3,2025,0.3218
106171,2025-07-28,Cork,Clothing,Menswear,129.84,2,0.0,52.4,2025-07,2025Q3,2025,0.4036
102990,2025-07-28,Limerick,Clothing,Accessories,162.04,2,0.2,15.65,2025-07,2025Q3,2025,0.0966
102940,2025-07-28,Limerick,Clothing,Womenswear,30.02,1,0.0,13.14,2025-07,2025Q3,2025,0.4377
100104,2025-07-28,Dublin,Homeware,Kitchenware,446.82,2,0.15,107.04,2025-07,2025Q3,2025,0.2396
101817,2025-07-28,Galway,Clothing,Womenswear,84.68,1,0.05,18.76,2025-07,2025Q3,2025,0.2215
105368,2025-07-29,Dublin,Clothing,Footwear,337.55,3,0.0,118.14,2025-07,2025Q3,2025,0.35
102572,2025-07-29,Galway,Homeware,Furniture,399.86,2,0.15,107.16,2025-07,2025Q3,2025,0.268
104963,2025-07-29,Dublin,Clothing,Womenswear,35.55,1,0.1,6.28,2025-07,2025Q3,2025,0.1767
103611,2025-07-29,Dublin,Electronics,TVs,484.28,1,0.1,129.93,2025-07,2025Q3,2025,0.2683
104803,2025-07-30,Cork,Clothing,Accessories,146.76,2,0.05,38.28,2025-07,2025Q3,2025,0.2608
100028,2025-07-30,Limerick,Electronics,TVs,158.22,1,0.0,41.67,2025-07,2025Q3,2025,0.2634
105083,2025-07-30,Cork,Electronics,Mobile Accessories,87.0,2,0.1,25.07,2025-07,2025Q3,2025,0.2882
101064,2025-07-30,Dublin,Homeware,Furniture,819.86,3,0.0,217.51,2025-07,2025Q3,2025,0.2653
102066,2025-07-30,Limerick,Electronics,Smart Home,320.24,2,0.0,131.97,2025-07,2025Q3,2025,0.4121
104788,2025-07-31,Dublin,Electronics,Headphones,30.07,1,0.0,9.26,2025-07,2025Q3,2025,0.3079
104418,2025-07-31,Dublin,Electronics,TVs,180.25,2,0.0,53.6,2025-07,2025Q3,2025,0.2974
103221,2025-07-31,Dublin,Grocery,Dairy,40.55,1,0.2,6.86,2025-07,2025Q3,2025,0.1692
103752,2025-07-31,Galway,Grocery,Dairy,61.5,2,0.2,15.19,2025-07,2025Q3,2025,0.247
106222,2025-07-31,Dublin,Clothing,Menswear,118.75,1,0.15,29.33,2025-07,2025Q3,2025,0.247
105355,2025-07-31,Dublin,Clothing,Womenswear,240.26,4,0.0,70.74,2025-07,2025Q3,2025,0.2944
103653,2025-07-31,Cork,Homeware,Furniture,431.08,2,0.0,109.63,2025-07,2025Q3,2025,0.2543
105778,2025-07-31,Galway,Electronics,Mobile Accessories,281.07,1,0.2,58.78,2025-07,2025Q3,2025,0.2091
106438,2025-08-01,Dublin,Clothing,Kidswear,396.89,4,0.1,77.75,2025-08,2025Q3,2025,0.1959
100144,2025-08-01,Galway,Homeware,Lighting,748.28,4,0.15,107.18,2025-08,2025Q3,2025,0.1432
106276,2025-08-01,Cork,Grocery,Beverages,23.29,1,0.0,6.56,2025-08,2025Q3,2025,0.2817
105022,2025-08-01,Galway,Clothing,Kidswear,58.37,3,0.0,15.5,2025-08,2025Q3,2025,0.2655
102233,2025-08-01,Dublin,Clothing,Kidswear,35.09,2,0.1,12.27,2025-08,2025Q3,2025,0.3497
100783,2025-08-01,Dublin,Homeware,Kitchenware,91.79,2,0.2,18.76,2025-08,2025Q3,2025,0.2044
104031,2025-08-02,Dublin,Electronics,Headphones,868.73,2,0.05,235.85,2025-08,2025Q3,2025,0.2715
101053,2025-08-02,Limerick,Electronics,Smart Home,264.46,3,0.0,94.53,2025-08,2025Q3,2025,0.3574
105167,2025-08-02,Cork,Homeware,Lighting,404.34,2,0.0,138.72,2025-08,2025Q3,2025,0.3431
103141,2025-08-02,Dublin,Grocery,Fresh Produce,111.67,4,0.0,46.37,2025-08,2025Q3,2025,0.4152
100752,2025-08-02,Galway,Homeware,Furniture,246.76,3,0.2,21.46,2025-08,2025Q3,2025,0.087
105978,2025-08-02,Cork,Electronics,Laptops,1115.89,4,0.2,168.04,2025-08,2025Q3,2025,0.1506
101488,2025-08-02,Cork,Homeware,Lighting,269.64,3,0.05,68.41,2025-08,2025Q3,2025,0.2537
105018,2025-08-02,Cork,Homeware,Kitchenware,96.39,3,0.15,14.82,2025-08,2025Q3,2025,0.1538
102794,2025-08-02,Cork,Grocery,Fresh Produce,84.16,4,0.1,25.71,2025-08,2025Q3,2025,0.3055
105040,2025-08-02,Dublin,Grocery,Dairy,24.44,4,0.05,5.3,2025-08,2025Q3,2025,0.2169
103040,2025-08-02,Galway,Clothing,Footwear,203.28,3,0.15,24.37,2025-08,2025Q3,2025,0.1199
101335,2025-08-02,Dublin,Clothing,Womenswear,94.59,1,0.0,30.5,2025-08,2025Q3,2025,0.3224
104330,2025-08-03,Cork,Homeware,Storage,201.03,1,0.15,45.4,2025-08,2025Q3,2025,0.2258
101496,2025-08-03,Dublin,Electronics,Laptops,247.37,2,0.15,70.93,2025-08,2025Q3,2025,0.2867
100678,2025-08-03,Galway,Clothing,Footwear,107.07,4,0.0,34.23,2025-08,2025Q3,2025,0.3197
106380,2025-08-03,Galway,Electronics,TVs,637.18,1,0.0,191.79,2025-08,2025Q3,2025,0.301
105488,2025-08-03,Dublin,Grocery,Bakery,33.45,2,0.0,9.65,2025-08,2025Q3,2025,0.2885
102297,2025-08-03,Dublin,Clothing,Kidswear,87.96,1,0.0,37.87,2025-08,2025Q3,2025,0.4305
100200,2025-08-04,Galway,Homeware,Bedding,477.31,3,0.05,111.98,2025-08,2025Q3,2025,0.2346
104682,2025-08-04,Dublin,Clothing,Footwear,106.16,1,0.2,17.79,2025-08,2025Q3,2025,0.1676
100495,2025-08-04,Cork,Clothing,Menswear,89.35,1,0.1,30.98,2025-08,2025Q3,2025,0.3467
102039,2025-08-04,Dublin,Grocery,Bakery,31.61,1,0.15,9.44,2025-08,2025Q3,2025,0.2986
103608,2025-08-04,Dublin,Homeware,Storage,167.13,2,0.2,27.33,2025-08,2025Q3,2025,0.1635
103727,2025-08-04,Cork,Grocery,Dairy,86.44,3,0.05,24.55,2025-08,2025Q3,2025,0.284
103676,2025-08-04,Cork,Grocery,Bakery,3.23,1,0.15,0.93,2025-08,2025Q3,2025,0.2879
103503,2025-08-04,Cork,Homeware,Lighting,163.74,2,0.0,42.24,2025-08,2025Q3,2025,0.258
106018,2025-08-05,Dublin,Grocery,Bakery,70.41,3,0.1,23.44,2025-08,2025Q3,2025,0.3329
106470,2025-08-05,Dublin,Homeware,Furniture,583.29,2,0.1,161.68,2025-08,2025Q3,2025,0.2772
100542,2025-08-05,Cork,Electronics,Laptops,273.51,4,0.0,72.63,2025-08,2025Q3,2025,0.2655
101614,2025-08-05,Dublin,Grocery,Dairy,5.78,1,0.2,0.87,2025-08,2025Q3,2025,0.1505
101539,2025-08-05,Galway,Electronics,Headphones,813.32,3,0.15,223.39,2025-08,2025Q3,2025,0.2747
101226,2025-08-05,Dublin,Clothing,Menswear,95.33,1,0.0,38.61,2025-08,2025Q3,2025,0.405
101728,2025-08-05,Limerick,Clothing,Menswear,52.7,4,0.0,21.97,2025-08,2025Q3,2025,0.4169
106363,2025-08-05,Dublin,Grocery,Beverages,17.51,1,0.0,4.63,2025-08,2025Q3,2025,0.2644
104513,2025-08-05,Limerick,Electronics,Smart Home,712.3,4,0.15,159.1,2025-08,2025Q3,2025,0.2234
103397,2025-08-05,Limerick,Clothing,Kidswear,305.42,4,0.15,54.38,2025-08,2025Q3,2025,0.178
102886,2025-08-06,Dublin,Grocery,Beverages,76.48,2,0.1,23.64,2025-08,2025Q3,2025,0.3091
101662,2025-08-06,Galway,Electronics,Headphones,1192.36,2,0.05,437.64,2025-08,2025Q3,2025,0.367
105703,2025-08-06,Galway,Grocery,Fresh Produce,9.69,1,0.05,2.76,2025-08,2025Q3,2025,0.2848
100357,2025-08-06,Limerick,Clothing,Womenswear,110.75,3,0.0,32.58,2025-08,2025Q3,2025,0.2942
100268,2025-08-06,Dublin,Grocery,Dairy,21.96,1,0.15,5.3,2025-08,2025Q3,2025,0.2413
105499,2025-08-07,Dublin,Clothing,Footwear,63.64,3,0.1,16.72,2025-08,2025Q3,2025,0.2627
103070,2025-08-07,Galway,Grocery,Bakery,39.82,2,0.05,10.04,2025-08,2025Q3,2025,0.2521
101208,2025-08-07,Dublin,Homeware,Lighting,165.71,1,0.2,34.21,2025-08,2025Q3,2025,0.2064
106453,2025-08-07,Dublin,Homeware,Storage,260.76,1,0.0,70.85,2025-08,2025Q3,2025,0.2717
105838,2025-08-07,Cork,Homeware,Kitchenware,166.0,2,0.05,47.71,2025-08,2025Q3,2025,0.2874
106477,2025-08-07,Limerick,Electronics,Mobile Accessories,1124.44,2,0.2,235.63,2025-08,2025Q3,2025,0.2096
105131,2025-08-08,Cork,Homeware,Kitchenware,13.64,1,0.05,2.89,2025-08,2025Q3,2025,0.2119
101731,2025-08-08,Cork,Clothing,Womenswear,92.23,1,0.05,19.14,2025-08,2025Q3,2025,0.2075
102708,2025-08-08,Dublin,Electronics,Headphones,1261.89,2,0.0,361.12,2025-08,2025Q3,2025,0.2862
102851,2025-08-08,Dublin,Homeware,Furniture,818.61,3,0.0,263.48,2025-08,2025Q3,2025,0.3219
100497,2025-08-08,Dublin,Electronics,Smart Home,241.72,1,0.0,91.03,2025-08,2025Q3,2025,0.3766
103900,2025-08-08,Dublin,Clothing,Womenswear,278.65,3,0.0,109.92,2025-08,2025Q3,2025,0.3945
105677,2025-08-08,Cork,Grocery,Snacks,2.56,1,0.15,0.29,2025-08,2025Q3,2025,0.1133
100996,2025-08-08,Limerick,Homeware,Storage,248.46,1,0.1,54.94,2025-08,2025Q3,2025,0.2211
100902,2025-08-08,Limerick,Grocery,Dairy,5.88,1,0.0,2.27,2025-08,2025Q3,2025,0.3861
104792,2025-08-08,Galway,Electronics,Mobile Accessories,409.12,1,0.0,133.8,2025-08,2025Q3,2025,0.327
101701,2025-08-08,Dublin,Clothing,Kidswear,30.63,1,0.15,8.09,2025-08,2025Q3,2025,0.2641
106406,2025-08-08,Dublin,Clothing,Kidswear,123.3,2,0.15,15.05,2025-08,2025Q3,2025,0.1221
101631,2025-08-09,Dublin,Grocery,Fresh Produce,39.33,2,0.15,7.6,2025-08,2025Q3,2025,0.1932
101602,2025-08-09,Cork,Electronics,Laptops,168.88,1,0.0,61.87,2025-08,2025Q3,2025,0.3664
100320,2025-08-09,Dublin,Electronics,Laptops,1569.83,4,0.1,480.09,2025-08,2025Q3,2025,0.3058
100675,2025-08-09,Dublin,Clothing,Menswear,83.46,1,0.0,29.27,2025-08,2025Q3,2025,0.3507
104795,2025-08-09,Cork,Electronics,Mobile Accessories,110.91,1,0.1,31.9,2025-08,2025Q3,2025,0.2876
100426,2025-08-09,Dublin,Homeware,Furniture,542.53,2,0.05,151.98,2025-08,2025Q3,2025,0.2801
101132,2025-08-09,Limerick,Homeware,Kitchenware,484.3,2,0.1,137.57,2025-08,2025Q3,2025,0.2841
104841,2025-08-10,Dublin,Clothing,Accessories,123.27,3,0.1,29.07,2025-08,2025Q3,2025,0.2358
102097,2025-08-10,Limerick,Grocery,Dairy,9.65,3,0.2,0.69,2025-08,2025Q3,2025,0.0715
104157,2025-08-10,Limerick,Grocery,Bakery,23.65,1,0.15,4.82,2025-08,2025Q3,2025,0.2038
104828,2025-08-10,Dublin,Homeware,Kitchenware,218.06,1,0.05,55.79,2025-08,2025Q3,2025,0.2558
104285,2025-08-10,Limerick,Homeware,Kitchenware,203.97,1,0.15,49.0,2025-08,2025Q3,2025,0.2402
103765,2025-08-10,Cork,Electronics,TVs,188.28,1,0.0,80.69,2025-08,2025Q3,2025,0.4286
101200,2025-08-10,Cork,Clothing,Kidswear,311.61,4,0.0,122.97,2025-08,2025Q3,2025,0.3946
103487,2025-08-10,Dublin,Clothing,Menswear,77.5,2,0.0,33.24,2025-08,2025Q3,2025,0.4289
101247,2025-08-10,Dublin,Electronics,Smart Home,348.52,2,0.1,68.81,2025-08,2025Q3,2025,0.1974
103621,2025-08-10,Limerick,Electronics,Headphones,509.93,1,0.0,134.58,2025-08,2025Q3,2025,0.2639
102253,2025-08-11,Cork,Homeware,Storage,124.37,1,0.1,28.28,2025-08,2025Q3,2025,0.2274
104088,2025-08-11,Dublin,Clothing,Footwear,223.08,3,0.1,68.1,2025-08,2025Q3,2025,0.3053
102194,2025-08-11,Dublin,Grocery,Bakery,21.96,1,0.0,9.18,2025-08,2025Q3,2025,0.418
102930,2025-08-11,Dublin,Homeware,Lighting,647.45,2,0.1,167.92,2025-08,2025Q3,2025,0.2594
106111,2025-08-11,Dublin,Electronics,Mobile Accessories,254.76,1,0.0,112.85,2025-08,2025Q3,2025,0.443
103326,2025-08-11,Limerick,Grocery,Beverages,36.13,1,0.0,14.69,2025-08,2025Q3,2025,0.4066
101806,2025-08-11,Dublin,Electronics,Headphones,410.62,1,0.15,49.4,2025-08,2025Q3,2025,0.1203
106237,2025-08-11,Cork,Grocery,Dairy,26.74,1,0.0,8.78,2025-08,2025Q3,2025,0.3283
102864,2025-08-11,Dublin,Electronics,Mobile Accessories,219.61,1,0.15,31.72,2025-08,2025Q3,2025,0.1444
103422,2025-08-11,Dublin,Electronics,Laptops,1944.75,2,0.2,102.96,2025-08,2025Q3,2025,0.0529
104125,2025-08-11,Dublin,Homeware,Kitchenware,924.9,3,0.0,272.5,2025-08,2025Q3,2025,0.2946
103201,2025-08-11,Galway,Clothing,Kidswear,200.0,2,0.2,33.65,2025-08,2025Q3,2025,0.1682
100427,2025-08-11,Galway,Electronics,Laptops,856.1,2,0.2,131.55,2025-08,2025Q3,2025,0.1537
102485,2025-08-12,Dublin,Electronics,Mobile Accessories,315.72,1,0.05,84.48,2025-08,2025Q3,2025,0.2676
103207,2025-08-12,Dublin,Homeware,Storage,253.02,2,0.0,88.47,2025-08,2025Q3,2025,0.3497
104094,2025-08-12,Dublin,Electronics,Laptops,635.41,2,0.0,214.53,2025-08,2025Q3,2025,0.3376
102500,2025-08-12,Dublin,Clothing,Kidswear,106.47,1,0.0,31.14,2025-08,2025Q3,2025,0.2925
105520,2025-08-12,Galway,Grocery,Bakery,47.15,4,0.0,19.03,2025-08,2025Q3,2025,0.4036
102583,2025-08-12,Dublin,Homeware,Lighting,222.5,2,0.2,43.87,2025-08,2025Q3,2025,0.1972
104837,2025-08-12,Cork,Clothing,Womenswear,612.75,4,0.1,207.43,2025-08,2025Q3,2025,0.3385
103779,2025-08-13,Galway,Clothing,Kidswear,73.25,1,0.15,11.06,2025-08,2025Q3,2025,0.151
105139,2025-08-13,Limerick,Grocery,Fresh Produce,39.73,1,0.2,8.54,2025-08,2025Q3,2025,0.215
101256,2025-08-13,Dublin,Homeware,Bedding,97.22,1,0.0,33.38,2025-08,2025Q3,2025,0.3433
106415,2025-08-13,Dublin,Electronics,Headphones,102.12,1,0.0,28.02,2025-08,2025Q3,2025,0.2744
105065,2025-08-13,Galway,Clothing,Womenswear,184.65,2,0.15,41.94,2025-08,2025Q3,2025,0.2271
102831,2025-08-13,Galway,Clothing,Accessories,113.46,2,0.0,30.19,2025-08,2025Q3,2025,0.2661
103180,2025-08-13,Galway,Clothing,Womenswear,40.7,2,0.0,14.24,2025-08,2025Q3,2025,0.3499
102282,2025-08-13,Dublin,Electronics,Mobile Accessories,166.23,1,0.0,49.9,2025-08,2025Q3,2025,0.3002
100324,2025-08-14,Cork,Homeware,Bedding,478.96,4,0.2,116.54,2025-08,2025Q3,2025,0.2433
105782,2025-08-14,Cork,Homeware,Furniture,211.39,1,0.0,67.59,2025-08,2025Q3,2025,0.3197
101835,2025-08-14,Dublin,Electronics,Smart Home,1493.62,4,0.1,505.21,2025-08,2025Q3,2025,0.3382
102132,2025-08-14,Dublin,Grocery,Dairy,4.41,1,0.0,1.72,2025-08,2025Q3,2025,0.39
101275,2025-08-14,Dublin,Homeware,Lighting,371.8,2,0.05,139.96,2025-08,2025Q3,2025,0.3764
102440,2025-08-14,Limerick,Homeware,Bedding,166.61,1,0.0,65.51,2025-08,2025Q3,2025,0.3932
101536,2025-08-14,Limerick,Grocery,Dairy,27.54,1,0.05,6.87,2025-08,2025Q3,2025,0.2495
105687,2025-08-14,Galway,Homeware,Kitchenware,352.75,2,0.0,143.31,2025-08,2025Q3,2025,0.4063
104238,2025-08-14,Cork,Grocery,Bakery,44.76,2,0.05,11.42,2025-08,2025Q3,2025,0.2551
102086,2025-08-14,Galway,Electronics,Smart Home,103.94,4,0.15,24.18,2025-08,2025Q3,2025,0.2326
100434,2025-08-14,Cork,Electronics,Smart Home,608.81,3,0.2,113.74,2025-08,2025Q3,2025,0.1868
104742,2025-08-14,Cork,Clothing,Footwear,181.13,2,0.0,47.61,2025-08,2025Q3,2025,0.2628
106487,2025-08-14,Dublin,Clothing,Footwear,41.32,1,0.15,4.87,2025-08,2025Q3,2025,0.1179
100884,2025-08-14,Dublin,Clothing,Kidswear,106.05,1,0.0,37.12,2025-08,2025Q3,2025,0.35
106198,2025-08-14,Cork,Electronics,Laptops,435.49,3,0.0,154.8,2025-08,2025Q3,2025,0.3555
103402,2025-08-14,Dublin,Clothing,Footwear,20.08,1,0.1,5.34,2025-08,2025Q3,2025,0.2659
103519,2025-08-15,Dublin,Grocery,Fresh Produce,3.48,1,0.05,1.39,2025-08,2025Q3,2025,0.3994
106076,2025-08-15,Dublin,Homeware,Kitchenware,247.11,1,0.1,46.57,2025-08,2025Q3,2025,0.1885
103077,2025-08-15,Galway,Clothing,Menswear,34.71,1,0.05,10.57,2025-08,2025Q3,2025,0.3045
103337,2025-08-15,Cork,Homeware,Bedding,209.75,2,0.0,61.73,2025-08,2025Q3,2025,0.2943
105848,2025-08-15,Dublin,Homeware,Kitchenware,440.5,2,0.15,87.7,2025-08,2025Q3,2025,0.1991
103446,2025-08-15,Dublin,Electronics,Smart Home,881.82,2,0.0,277.87,2025-08,2025Q3,2025,0.3151
101260,2025-08-15,Galway,Electronics,Laptops,423.2,1,0.05,106.59,2025-08,2025Q3,2025,0.2519
101517,2025-08-16,Dublin,Grocery,Fresh Produce,21.67,1,0.0,7.58,2025-08,2025Q3,2025,0.3498
103156,2025-08-16,Dublin,Electronics,Smart Home,2054.08,4,0.2,223.36,2025-08,2025Q3,2025,0.1087
102814,2025-08-16,Galway,Grocery,Snacks,15.06,1,0.0,6.45,2025-08,2025Q3,2025,0.4283
102726,2025-08-16,Dublin,Electronics,TVs,1236.6,2,0.1,351.08,2025-08,2025Q3,2025,0.2839
103793,2025-08-16,Dublin,Electronics,TVs,244.7,1,0.0,96.5,2025-08,2025Q3,2025,0.3944
105545,2025-08-16,Dublin,Grocery,Dairy,9.23,1,0.0,3.18,2025-08,2025Q3,2025,0.3445
103838,2025-08-17,Dublin,Electronics,TVs,553.04,1,0.0,159.24,2025-08,2025Q3,2025,0.2879
102915,2025-08-17,Cork,Clothing,Menswear,64.33,1,0.0,21.12,2025-08,2025Q3,2025,0.3283
101066,2025-08-17,Dublin,Clothing,Menswear,50.95,4,0.15,13.66,2025-08,2025Q3,2025,0.2681
104229,2025-08-17,Cork,Grocery,Snacks,53.55,3,0.15,11.07,2025-08,2025Q3,2025,0.2067
105518,2025-08-17,Dublin,Electronics,Laptops,216.98,1,0.0,63.13,2025-08,2025Q3,2025,0.2909
105534,2025-08-17,Dublin,Clothing,Womenswear,99.91,3,0.05,31.51,2025-08,2025Q3,2025,0.3154
103364,2025-08-17,Galway,Clothing,Kidswear,65.65,1,0.0,18.42,2025-08,2025Q3,2025,0.2806
101738,2025-08-17,Cork,Grocery,Snacks,6.24,2,0.15,1.56,2025-08,2025Q3,2025,0.25
102971,2025-08-17,Cork,Electronics,TVs,382.64,4,0.15,89.44,2025-08,2025Q3,2025,0.2337
101663,2025-08-18,Dublin,Electronics,Headphones,536.75,1,0.05,181.68,2025-08,2025Q3,2025,0.3385
101454,2025-08-18,Cork,Electronics,Mobile Accessories,198.28,1,0.1,38.07,2025-08,2025Q3,2025,0.192
100940,2025-08-18,Cork,Clothing,Womenswear,147.8,3,0.15,31.51,2025-08,2025Q3,2025,0.2132
100958,2025-08-18,Dublin,Homeware,Kitchenware,51.42,1,0.0,20.62,2025-08,2025Q3,2025,0.401
101103,2025-08-18,Galway,Homeware,Lighting,213.27,1,0.15,33.0,2025-08,2025Q3,2025,0.1547
105725,2025-08-18,Dublin,Homeware,Furniture,501.99,2,0.0,132.42,2025-08,2025Q3,2025,0.2638
101301,2025-08-18,Dublin,Grocery,Dairy,43.89,2,0.1,9.26,2025-08,2025Q3,2025,0.211
104385,2025-08-19,Dublin,Clothing,Womenswear,228.87,2,0.0,96.8,2025-08,2025Q3,2025,0.4229
104434,2025-08-19,Dublin,Grocery,Snacks,38.39,3,0.05,10.8,2025-08,2025Q3,2025,0.2813
103200,2025-08-19,Dublin,Electronics,Smart Home,73.96,1,0.0,21.26,2025-08,2025Q3,2025,0.2875
100428,2025-08-19,Galway,Homeware,Storage,171.11,1,0.0,52.22,2025-08,2025Q3,2025,0.3052
105999,2025-08-19,Dublin,Grocery,Bakery,50.61,2,0.15,7.57,2025-08,2025Q3,2025,0.1496
102805,2025-08-19,Galway,Electronics,Laptops,805.12,4,0.2,104.2,2025-08,2025Q3,2025,0.1294
100139,2025-08-19,Galway,Grocery,Beverages,98.86,3,0.15,21.91,2025-08,2025Q3,2025,0.2216
105352,2025-08-19,Cork,Homeware,Kitchenware,147.8,1,0.0,65.11,2025-08,2025Q3,2025,0.4405
102920,2025-08-20,Galway,Grocery,Dairy,9.85,1,0.05,3.92,2025-08,2025Q3,2025,0.398
103349,2025-08-20,Galway,Clothing,Kidswear,159.39,2,0.05,51.31,2025-08,2025Q3,2025,0.3219
101669,2025-08-20,Cork,Clothing,Accessories,48.9,1,0.2,10.59,2025-08,2025Q3,2025,0.2166
104521,2025-08-20,Galway,Homeware,Lighting,277.92,2,0.15,35.96,2025-08,2025Q3,2025,0.1294
100939,2025-08-20,Dublin,Clothing,Kidswear,309.2,3,0.1,74.15,2025-08,2025Q3,2025,0.2398
105816,2025-08-20,Dublin,Grocery,Fresh Produce,66.8,2,0.0,27.81,2025-08,2025Q3,2025,0.4163
101705,2025-08-20,Cork,Electronics,Headphones,157.12,2,0.0,66.25,2025-08,2025Q3,2025,0.4217
100010,2025-08-20,Dublin,Homeware,Bedding,154.21,1,0.2,37.1,2025-08,2025Q3,2025,0.2406
100187,2025-08-20,Cork,Clothing,Womenswear,85.03,1,0.0,29.76,2025-08,2025Q3,2025,0.35
104217,2025-08-20,Dublin,Homeware,Storage,283.46,2,0.0,125.17,2025-08,2025Q3,2025,0.4416
106007,2025-08-20,Cork,Clothing,Footwear,129.61,2,0.2,24.97,2025-08,2025Q3,2025,0.1927
104692,2025-08-20,Dublin,Clothing,Footwear,79.39,2,0.05,18.25,2025-08,2025Q3,2025,0.2299
103475,2025-08-20,Dublin,Electronics,TVs,217.62,1,0.05,77.13,2025-08,2025Q3,2025,0.3544
102586,2025-08-21,Dublin,Electronics,Headphones,315.63,1,0.0,89.71,2025-08,2025Q3,2025,0.2842
104195,2025-08-21,Galway,Grocery,Snacks,87.96,4,0.05,24.79,2025-08,2025Q3,2025,0.2818
106158,2025-08-21,Limerick,Electronics,Mobile Accessories,867.1,2,0.0,218.26,2025-08,2025Q3,2025,0.2517
105341,2025-08-21,Galway,Grocery,Fresh Produce,51.33,3,0.0,14.23,2025-08,2025Q3,2025,0.2772
102035,2025-08-21,Dublin,Homeware,Storage,90.79,2,0.05,30.73,2025-08,2025Q3,2025,0.3385
101055,2025-08-21,Galway,Electronics,Laptops,591.04,2,0.15,62.97,2025-08,2025Q3,2025,0.1065
103509,2025-08-21,Dublin,Grocery,Beverages,73.59,2,0.1,17.32,2025-08,2025Q3,2025,0.2354
101858,2025-08-21,Dublin,Homeware,Bedding,682.36,3,0.0,218.11,2025-08,2025Q3,2025,0.3196
103565,2025-08-21,Dublin,Homeware,Kitchenware,82.61,1,0.0,35.7,2025-08,2025Q3,2025,0.4322
101023,2025-08-21,Limerick,Clothing,Footwear,140.83,2,0.1,42.52,2025-08,2025Q3,2025,0.3019
103649,2025-08-21,Limerick,Homeware,Furniture,442.93,3,0.0,190.78,2025-08,2025Q3,2025,0.4307
102022,2025-08-22,Galway,Electronics,Headphones,93.74,2,0.1,26.43,2025-08,2025Q3,2025,0.282
106261,2025-08-22,Dublin,Clothing,Kidswear,46.68,1,0.2,8.31,2025-08,2025Q3,2025,0.178
100435,2025-08-22,Dublin,Clothing,Accessories,47.85,1,0.15,10.55,2025-08,2025Q3,2025,0.2205
102382,2025-08-22,Dublin,Homeware,Kitchenware,167.91,1,0.05,54.5,2025-08,2025Q3,2025,0.3246
102424,2025-08-22,Limerick,Grocery,Fresh Produce,41.53,4,0.1,12.36,2025-08,2025Q3,2025,0.2976
101286,2025-08-22,Limerick,Homeware,Bedding,353.38,3,0.0,105.27,2025-08,2025Q3,2025,0.2979
101470,2025-08-22,Cork,Homeware,Kitchenware,249.87,1,0.0,74.43,2025-08,2025Q3,2025,0.2979
100730,2025-08-22,Dublin,Grocery,Dairy,65.53,2,0.0,25.11,2025-08,2025Q3,2025,0.3832
104506,2025-08-22,Limerick,Clothing,Kidswear,26.61,1,0.15,5.86,2025-08,2025Q3,2025,0.2202
101292,2025-08-22,Cork,Clothing,Kidswear,66.78,4,0.2,7.23,2025-08,2025Q3,2025,0.1083
104870,2025-08-22,Cork,Electronics,Laptops,103.96,2,0.0,26.33,2025-08,2025Q3,2025,0.2533
100079,2025-08-22,Cork,Clothing,Menswear,103.09,2,0.0,39.77,2025-08,2025Q3,2025,0.3858
103327,2025-08-23,Galway,Homeware,Lighting,310.9,2,0.0,138.85,2025-08,2025Q3,2025,0.4466
104371,2025-08-23,Galway,Homeware,Furniture,497.9,2,0.0,214.76,2025-08,2025Q3,2025,0.4313
100194,2025-08-23,Dublin,Electronics,TVs,162.3,1,0.0,69.78,2025-08,2025Q3,2025,0.4299
103665,2025-08-23,Cork,Clothing,Womenswear,92.72,3,0.0,35.73,2025-08,2025Q3,2025,0.3854
104982,2025-08-23,Dublin,Grocery,Snacks,56.19,4,0.0,21.9,2025-08,2025Q3,2025,0.3897
101555,2025-08-23,Dublin,Clothing,Accessories,69.7,1,0.0,26.07,2025-08,2025Q3,2025,0.374
101313,2025-08-23,Dublin,Electronics,TVs,227.21,4,0.0,75.55,2025-08,2025Q3,2025,0.3325
103330,2025-08-23,Dublin,Electronics,Laptops,997.7,2,0.05,346.5,2025-08,2025Q3,2025,0.3473
104962,2025-08-23,Galway,Clothing,Accessories,68.95,4,0.05,24.75,2025-08,2025Q3,2025,0.359
106321,2025-08-24,Dublin,Electronics,Smart Home,503.9,1,0.1,112.45,2025-08,2025Q3,2025,0.2232
101508,2025-08-24,Dublin,Homeware,Lighting,195.78,1,0.0,72.8,2025-08,2025Q3,2025,0.3718
101593,2025-08-24,Dublin,Electronics,Smart Home,1877.89,4,0.0,542.35,2025-08,2025Q3,2025,0.2888
102071,2025-08-24,Dublin,Electronics,Laptops,1822.46,3,0.15,540.54,2025-08,2025Q3,2025,0.2966
104760,2025-08-24,Galway,Electronics,Headphones,217.33,1,0.2,25.36,2025-08,2025Q3,2025,0.1167
104440,2025-08-24,Cork,Electronics,Smart Home,700.39,3,0.0,180.35,2025-08,2025Q3,2025,0.2575
100641,2025-08-24,Cork,Homeware,Bedding,333.0,4,0.1,50.84,2025-08,2025Q3,2025,0.1527
103604,2025-08-24,Cork,Homeware,Lighting,166.55,1,0.05,53.41,2025-08,2025Q3,2025,0.3207
106192,2025-08-24,Cork,Clothing,Menswear,394.91,4,0.15,68.38,2025-08,2025Q3,2025,0.1732
101732,2025-08-24,Limerick,Electronics,Headphones,1073.67,2,0.0,417.85,2025-08,2025Q3,2025,0.3892
102021,2025-08-24,Cork,Grocery,Snacks,44.05,2,0.0,11.26,2025-08,2025Q3,2025,0.2556
101009,2025-08-24,Dublin,Homeware,Lighting,265.31,2,0.05,74.48,2025-08,2025Q3,2025,0.2807
105784,2025-08-24,Dublin,Clothing,Accessories,83.35,1,0.0,32.58,2025-08,2025Q3,2025,0.3909
104907,2025-08-24,Dublin,Grocery,Fresh Produce,30.08,1,0.1,10.36,2025-08,2025Q3,2025,0.3444
104786,2025-08-25,Dublin,Clothing,Footwear,19.81,1,0.2,3.73,2025-08,2025Q3,2025,0.1883
100853,2025-08-25,Dublin,Electronics,Headphones,519.09,2,0.0,213.43,2025-08,2025Q3,2025,0.4112
101792,2025-08-25,Dublin,Electronics,Mobile Accessories,109.15,3,0.0,39.6,2025-08,2025Q3,2025,0.3628
100584,2025-08-25,Galway,Grocery,Bakery,11.81,1,0.0,3.52,2025-08,2025Q3,2025,0.2981
103406,2025-08-26,Dublin,Grocery,Fresh Produce,37.5,2,0.0,10.87,2025-08,2025Q3,2025,0.2899
101428,2025-08-26,Limerick,Electronics,Smart Home,1080.57,2,0.0,410.29,2025-08,2025Q3,2025,0.3797
103769,2025-08-26,Dublin,Homeware,Bedding,159.53,2,0.15,33.58,2025-08,2025Q3,2025,0.2105
100068,2025-08-26,Limerick,Grocery,Fresh Produce,34.31,1,0.0,12.96,2025-08,2025Q3,2025,0.3777
100003,2025-08-26,Dublin,Electronics,Laptops,450.96,1,0.0,188.91,2025-08,2025Q3,2025,0.4189
103895,2025-08-26,Dublin,Clothing,Accessories,99.51,2,0.1,30.92,2025-08,2025Q3,2025,0.3107
100689,2025-08-26,Dublin,Grocery,Fresh Produce,27.43,2,0.05,7.23,2025-08,2025Q3,2025,0.2636
103712,2025-08-26,Limerick,Grocery,Dairy,15.92,1,0.05,4.21,2025-08,2025Q3,2025,0.2644
104478,2025-08-26,Dublin,Electronics,Mobile Accessories,349.57,2,0.0,155.5,2025-08,2025Q3,2025,0.4448
101514,2025-08-27,Cork,Homeware,Lighting,594.71,3,0.2,143.99,2025-08,2025Q3,2025,0.2421
101736,2025-08-27,Dublin,Homeware,Storage,399.64,2,0.1,127.85,2025-08,2025Q3,2025,0.3199
105318,2025-08-27,Dublin,Electronics,Laptops,455.86,1,0.15,112.72,2025-08,2025Q3,2025,0.2473
105135,2025-08-27,Cork,Grocery,Beverages,16.71,2,0.1,4.36,2025-08,2025Q3,2025,0.2609
105788,2025-08-27,Dublin,Grocery,Beverages,35.47,1,0.0,10.91,2025-08,2025Q3,2025,0.3076
103606,2025-08-27,Cork,Electronics,Headphones,192.83,1,0.0,62.15,2025-08,2025Q3,2025,0.3223
103196,2025-08-28,Galway,Clothing,Kidswear,88.48,2,0.15,23.62,2025-08,2025Q3,2025,0.267
100616,2025-08-28,Limerick,Electronics,Smart Home,541.98,1,0.05,137.29,2025-08,2025Q3,2025,0.2533
101798,2025-08-28,Cork,Grocery,Snacks,57.92,2,0.05,12.78,2025-08,2025Q3,2025,0.2206
101667,2025-08-28,Cork,Electronics,TVs,225.71,1,0.2,34.85,2025-08,2025Q3,2025,0.1544
106183,2025-08-28,Cork,Clothing,Kidswear,231.31,3,0.0,93.63,2025-08,2025Q3,2025,0.4048
105884,2025-08-28,Cork,Clothing,Accessories,302.33,4,0.0,80.71,2025-08,2025Q3,2025,0.267
101091,2025-08-28,Dublin,Electronics,Mobile Accessories,935.7,2,0.05,212.26,2025-08,2025Q3,2025,0.2268
102058,2025-08-28,Galway,Grocery,Fresh Produce,19.95,1,0.0,7.5,2025-08,2025Q3,2025,0.3759
100615,2025-08-28,Cork,Clothing,Kidswear,16.35,2,0.15,2.05,2025-08,2025Q3,2025,0.1254
104781,2025-08-29,Dublin,Electronics,Mobile Accessories,33.15,1,0.15,9.47,2025-08,2025Q3,2025,0.2857
104550,2025-08-29,Dublin,Clothing,Kidswear,15.72,1,0.0,5.91,2025-08,2025Q3,2025,0.376
100054,2025-08-29,Cork,Electronics,Headphones,199.49,1,0.2,31.45,2025-08,2025Q3,2025,0.1577
104193,2025-08-29,Galway,Electronics,Mobile Accessories,105.43,1,0.15,23.96,2025-08,2025Q3,2025,0.2273
105855,2025-08-29,Cork,Homeware,Bedding,247.45,1,0.0,78.22,2025-08,2025Q3,2025,0.3161
105914,2025-08-29,Cork,Grocery,Fresh Produce,86.6,4,0.2,9.77,2025-08,2025Q3,2025,0.1128
102541,2025-08-29,Limerick,Clothing,Womenswear,34.42,1,0.2,8.37,2025-08,2025Q3,2025,0.2432
105267,2025-08-30,Cork,Clothing,Footwear,218.21,4,0.1,60.27,2025-08,2025Q3,2025,0.2762
103396,2025-08-30,Galway,Homeware,Kitchenware,383.15,4,0.2,86.58,2025-08,2025Q3,2025,0.226
101114,2025-08-30,Dublin,Clothing,Footwear,42.9,1,0.1,8.82,2025-08,2025Q3,2025,0.2056
105288,2025-08-30,Limerick,Electronics,Laptops,1086.99,3,0.0,338.83,2025-08,2025Q3,2025,0.3117
103562,2025-08-30,Cork,Clothing,Womenswear,51.36,1,0.0,12.57,2025-08,2025Q3,2025,0.2447
104980,2025-08-30,Dublin,Grocery,Dairy,24.55,2,0.05,9.13,2025-08,2025Q3,2025,0.3719
102656,2025-08-30,Limerick,Electronics,Laptops,299.47,2,0.15,66.99,2025-08,2025Q3,2025,0.2237
101916,2025-08-30,Cork,Grocery,Fresh Produce,15.26,1,0.05,3.39,2025-08,2025Q3,2025,0.2221
104127,2025-08-30,Dublin,Grocery,Dairy,97.98,4,0.0,39.17,2025-08,2025Q3,2025,0.3998
100999,2025-08-30,Dublin,Electronics,TVs,774.18,3,0.15,212.04,2025-08,2025Q3,2025,0.2739
102879,2025-08-30,Dublin,Electronics,Headphones,2337.36,4,0.2,389.12,2025-08,2025Q3,2025,0.1665
105710,2025-08-30,Dublin,Grocery,Fresh Produce,10.01,2,0.2,1.9,2025-08,2025Q3,2025,0.1898
104086,2025-08-31,Dublin,Clothing,Kidswear,60.23,3,0.1,15.6,2025-08,2025Q3,2025,0.259
104627,2025-08-31,Dublin,Grocery,Bakery,2.79,1,0.15,0.76,2025-08,2025Q3,2025,0.2724
101874,2025-08-31,Galway,Clothing,Menswear,47.82,1,0.0,20.76,2025-08,2025Q3,2025,0.4341
105057,2025-08-31,Galway,Grocery,Snacks,23.94,1,0.15,5.86,2025-08,2025Q3,2025,0.2448
103828,2025-08-31,Dublin,Homeware,Furniture,247.95,1,0.2,37.19,2025-08,2025Q3,2025,0.15
103938,2025-09-01,Dublin,Clothing,Footwear,205.65,3,0.0,78.78,2025-09,2025Q3,2025,0.3831
101830,2025-09-01,Cork,Grocery,Dairy,82.83,3,0.0,22.14,2025-09,2025Q3,2025,0.2673
103642,2025-09-01,Limerick,Homeware,Bedding,338.12,2,0.0,144.19,2025-09,2025Q3,2025,0.4264
105708,2025-09-01,Dublin,Grocery,Snacks,50.54,3,0.2,9.35,2025-09,2025Q3,2025,0.185
102236,2025-09-01,Dublin,Homeware,Furniture,245.78,2,0.15,33.36,2025-09,2025Q3,2025,0.1357
105777,2025-09-01,Cork,Homeware,Kitchenware,282.12,1,0.2,68.51,2025-09,2025Q3,2025,0.2428
105012,2025-09-01,Limerick,Electronics,Laptops,265.55,1,0.0,66.44,2025-09,2025Q3,2025,0.2502
104875,2025-09-01,Cork,Grocery,Fresh Produce,21.23,1,0.0,8.84,2025-09,2025Q3,2025,0.4164
104613,2025-09-01,Dublin,Grocery,Dairy,36.39,2,0.0,11.76,2025-09,2025Q3,2025,0.3232
103269,2025-09-01,Cork,Grocery,Dairy,18.16,1,0.2,1.72,2025-09,2025Q3,2025,0.0947
106086,2025-09-01,Cork,Clothing,Menswear,141.24,2,0.15,38.57,2025-09,2025Q3,2025,0.2731
103820,2025-09-02,Cork,Grocery,Bakery,68.06,2,0.0,12.16,2025-09,2025Q3,2025,0.1787
103183,2025-09-02,Dublin,Homeware,Storage,199.23,1,0.2,20.16,2025-09,2025Q3,2025,0.1012
105266,2025-09-02,Limerick,Clothing,Womenswear,45.32,1,0.0,12.42,2025-09,2025Q3,2025,0.2741
104631,2025-09-02,Limerick,Clothing,Accessories,112.6,1,0.0,43.48,2025-09,2025Q3,2025,0.3861
102345,2025-09-02,Galway,Grocery,Fresh Produce,23.68,1,0.0,7.59,2025-09,2025Q3,2025,0.3205
105090,2025-09-02,Cork,Grocery,Beverages,4.99,1,0.2,0.68,2025-09,2025Q3,2025,0.1363
101689,2025-09-02,Cork,Clothing,Menswear,95.97,3,0.2,17.72,2025-09,2025Q3,2025,0.1846
105009,2025-09-02,Galway,Electronics,Laptops,1865.67,3,0.0,819.88,2025-09,2025Q3,2025,0.4395
101599,2025-09-02,Dublin,Clothing,Menswear,368.53,3,0.0,136.96,2025-09,2025Q3,2025,0.3716
101636,2025-09-02,Dublin,Electronics,Headphones,338.64,1,0.0,136.37,2025-09,2025Q3,2025,0.4027
100241,2025-09-03,Cork,Grocery,Snacks,4.94,2,0.05,1.21,2025-09,2025Q3,2025,0.2449
103361,2025-09-03,Dublin,Homeware,Bedding,889.13,3,0.1,188.17,2025-09,2025Q3,2025,0.2116
101049,2025-09-03,Dublin,Clothing,Kidswear,112.8,1,0.15,16.52,2025-09,2025Q3,2025,0.1465
103485,2025-09-03,Galway,Clothing,Kidswear,301.12,4,0.15,86.73,2025-09,2025Q3,2025,0.288
100152,2025-09-03,Cork,Homeware,Bedding,94.47,1,0.1,26.4,2025-09,2025Q3,2025,0.2795
102818,2025-09-03,Dublin,Clothing,Menswear,37.34,1,0.05,9.1,2025-09,2025Q3,2025,0.2437
100575,2025-09-03,Galway,Grocery,Fresh Produce,51.82,2,0.0,17.38,2025-09,2025Q3,2025,0.3354
104359,2025-09-04,Dublin,Homeware,Kitchenware,105.06,2,0.0,36.77,2025-09,2025Q3,2025,0.35
100288,2025-09-04,Cork,Electronics,Mobile Accessories,728.15,3,0.15,192.87,2025-09,2025Q3,2025,0.2649
105878,2025-09-04,Cork,Homeware,Furniture,30.58,2,0.2,4.92,2025-09,2025Q3,2025,0.1609
103441,2025-09-04,Galway,Clothing,Womenswear,79.54,2,0.2,4.38,2025-09,2025Q3,2025,0.0551
100609,2025-09-04,Dublin,Electronics,TVs,620.68,4,0.0,219.09,2025-09,2025Q3,2025,0.353
106100,2025-09-04,Dublin,Grocery,Beverages,42.95,1,0.0,15.74,2025-09,2025Q3,2025,0.3665
104097,2025-09-04,Cork,Homeware,Storage,21.8,2,0.15,5.33,2025-09,2025Q3,2025,0.2445
101877,2025-09-04,Limerick,Grocery,Bakery,53.28,4,0.15,9.71,2025-09,2025Q3,2025,0.1822
102230,2025-09-05,Limerick,Clothing,Kidswear,12.76,1,0.0,5.66,2025-09,2025Q3,2025,0.4436
101629,2025-09-05,Dublin,Homeware,Kitchenware,499.44,2,0.0,152.23,2025-09,2025Q3,2025,0.3048
102842,2025-09-05,Galway,Electronics,TVs,105.7,1,0.1,34.23,2025-09,2025Q3,2025,0.3238
100805,2025-09-05,Cork,Homeware,Kitchenware,462.58,2,0.0,129.11,2025-09,2025Q3,2025,0.2791
100484,2025-09-05,Limerick,Homeware,Kitchenware,328.06,2,0.0,114.82,2025-09,2025Q3,2025,0.35
105321,2025-09-05,Galway,Grocery,Fresh Produce,6.86,2,0.05,1.47,2025-09,2025Q3,2025,0.2143
101491,2025-09-05,Galway,Homeware,Lighting,275.39,1,0.15,55.44,2025-09,2025Q3,2025,0.2013
102367,2025-09-05,Limerick,Electronics,Laptops,1830.39,3,0.2,339.46,2025-09,2025Q3,2025,0.1855
103252,2025-09-06,Cork,Grocery,Dairy,114.56,4,0.1,23.67,2025-09,2025Q3,2025,0.2066
106478,2025-09-06,Dublin,Clothing,Menswear,323.71,3,0.0,94.31,2025-09,2025Q3,2025,0.2913
101613,2025-09-06,Galway,Clothing,Menswear,107.58,1,0.0,36.89,2025-09,2025Q3,2025,0.3429
102880,2025-09-06,Dublin,Electronics,TVs,455.62,1,0.0,132.2,2025-09,2025Q3,2025,0.2902
103572,2025-09-06,Cork,Electronics,Smart Home,232.25,4,0.05,49.5,2025-09,2025Q3,2025,0.2131
100700,2025-09-06,Dublin,Electronics,Mobile Accessories,302.06,2,0.0,135.07,2025-09,2025Q3,2025,0.4472
104874,2025-09-06,Dublin,Electronics,Laptops,213.74,1,0.0,76.79,2025-09,2025Q3,2025,0.3593
100060,2025-09-06,Galway,Electronics,Mobile Accessories,1073.91,3,0.0,468.45,2025-09,2025Q3,2025,0.4362
102657,2025-09-06,Dublin,Homeware,Storage,127.21,1,0.1,34.76,2025-09,2025Q3,2025,0.2732
101746,2025-09-06,Cork,Homeware,Bedding,217.27,1,0.0,76.04,2025-09,2025Q3,2025,0.35
106476,2025-09-06,Cork,Homeware,Lighting,174.74,1,0.0,55.24,2025-09,2025Q3,2025,0.3161
103961,2025-09-07,Limerick,Electronics,Smart Home,353.94,2,0.0,146.45,2025-09,2025Q3,2025,0.4138
102812,2025-09-07,Dublin,Electronics,TVs,987.48,4,0.05,251.74,2025-09,2025Q3,2025,0.2549
104460,2025-09-07,Dublin,Homeware,Lighting,76.06,2,0.05,25.65,2025-09,2025Q3,2025,0.3372
102247,2025-09-07,Cork,Homeware,Storage,550.6,2,0.2,32.89,2025-09,2025Q3,2025,0.0597
101932,2025-09-07,Cork,Electronics,Laptops,115.71,1,0.0,32.89,2025-09,2025Q3,2025,0.2842
105322,2025-09-07,Dublin,Grocery,Bakery,72.13,4,0.1,22.21,2025-09,2025Q3,2025,0.3079
101890,2025-09-07,Cork,Clothing,Womenswear,139.56,3,0.0,35.83,2025-09,2025Q3,2025,0.2567
105311,2025-09-08,Dublin,Clothing,Footwear,270.92,2,0.0,59.26,2025-09,2025Q3,2025,0.2187
100160,2025-09-08,Limerick,Homeware,Storage,95.19,1,0.0,36.59,2025-09,2025Q3,2025,0.3844
102098,2025-09-08,Dublin,Electronics,Mobile Accessories,335.27,1,0.0,145.15,2025-09,2025Q3,2025,0.4329
104967,2025-09-08,Dublin,Homeware,Storage,693.4,4,0.1,153.12,2025-09,2025Q3,2025,0.2208
103267,2025-09-08,Limerick,Homeware,Kitchenware,323.97,2,0.1,64.49,2025-09,2025Q3,2025,0.1991
102032,2025-09-08,Cork,Homeware,Kitchenware,236.54,2,0.0,88.92,2025-09,2025Q3,2025,0.3759
100424,2025-09-08,Galway,Electronics,Laptops,284.13,1,0.15,78.8,2025-09,2025Q3,2025,0.2773
100516,2025-09-08,Dublin,Grocery,Dairy,28.37,2,0.0,11.59,2025-09,2025Q3,2025,0.4085
105301,2025-09-09,Cork,Electronics,Mobile Accessories,308.25,1,0.1,102.09,2025-09,2025Q3,2025,0.3312
101923,2025-09-09,Cork,Homeware,Furniture,179.96,2,0.0,72.83,2025-09,2025Q3,2025,0.4047
103657,2025-09-09,Dublin,Clothing,Footwear,245.59,4,0.0,87.27,2025-09,2025Q3,2025,0.3553
105814,2025-09-09,Cork,Electronics,TVs,519.02,2,0.15,149.8,2025-09,2025Q3,2025,0.2886
104074,2025-09-09,Cork,Electronics,Smart Home,186.3,1,0.0,52.68,2025-09,2025Q3,2025,0.2828
100431,2025-09-09,Cork,Electronics,Smart Home,193.2,1,0.2,46.62,2025-09,2025Q3,2025,0.2413
103057,2025-09-09,Dublin,Homeware,Furniture,584.27,2,0.0,170.88,2025-09,2025Q3,2025,0.2925
103036,2025-09-09,Cork,Clothing,Kidswear,318.72,4,0.1,84.64,2025-09,2025Q3,2025,0.2656
102528,2025-09-09,Dublin,Clothing,Menswear,28.06,1,0.2,6.22,2025-09,2025Q3,2025,0.2217
106142,2025-09-09,Dublin,Clothing,Menswear,57.34,1,0.05,17.78,2025-09,2025Q3,2025,0.3101
100600,2025-09-10,Dublin,Grocery,Fresh Produce,22.24,1,0.2,2.93,2025-09,2025Q3,2025,0.1317
103614,2025-09-10,Limerick,Clothing,Accessories,199.68,2,0.15,53.29,2025-09,2025Q3,2025,0.2669
105325,2025-09-10,Cork,Grocery,Dairy,125.4,4,0.15,16.0,2025-09,2025Q3,2025,0.1276
105833,2025-09-10,Dublin,Clothing,Kidswear,543.9,4,0.2,33.03,2025-09,2025Q3,2025,0.0607
103463,2025-09-10,Dublin,Electronics,Mobile Accessories,873.82,2,0.05,198.9,2025-09,2025Q3,2025,0.2276
100539,2025-09-10,Cork,Homeware,Storage,77.49,1,0.0,34.85,2025-09,2025Q3,2025,0.4497
104616,2025-09-10,Dublin,Grocery,Bakery,10.88,1,0.1,2.74,2025-09,2025Q3,2025,0.2518
101850,2025-09-10,Limerick,Electronics,TVs,1273.86,2,0.0,443.68,2025-09,2025Q3,2025,0.3483
101163,2025-09-10,Cork,Homeware,Lighting,682.44,3,0.2,96.14,2025-09,2025Q3,2025,0.1409
105668,2025-09-11,Cork,Clothing,Womenswear,148.27,1,0.15,43.32,2025-09,2025Q3,2025,0.2922
104365,2025-09-11,Cork,Electronics,Laptops,67.28,2,0.15,8.24,2025-09,2025Q3,2025,0.1225
101437,2025-09-11,Cork,Clothing,Footwear,147.21,3,0.05,58.28,2025-09,2025Q3,2025,0.3959
106419,2025-09-11,Galway,Electronics,Mobile Accessories,3402.78,4,0.0,1098.46,2025-09,2025Q3,2025,0.3228
100937,2025-09-11,Limerick,Grocery,Fresh Produce,91.1,2,0.0,27.84,2025-09,2025Q3,2025,0.3056
105149,2025-09-11,Galway,Clothing,Footwear,177.58,2,0.0,62.15,2025-09,2025Q3,2025,0.35
100174,2025-09-11,Dublin,Electronics,Headphones,261.37,3,0.2,35.19,2025-09,2025Q3,2025,0.1346
104234,2025-09-11,Cork,Homeware,Kitchenware,21.97,1,0.1,6.76,2025-09,2025Q3,2025,0.3077
103185,2025-09-11,Dublin,Clothing,Womenswear,162.87,2,0.0,51.05,2025-09,2025Q3,2025,0.3134
101450,2025-09-11,Cork,Homeware,Lighting,323.25,3,0.05,66.25,2025-09,2025Q3,2025,0.2049
101547,2025-09-11,Dublin,Clothing,Kidswear,91.75,1,0.0,33.34,2025-09,2025Q3,2025,0.3634
102664,2025-09-11,Limerick,Clothing,Kidswear,44.6,1,0.1,14.75,2025-09,2025Q3,2025,0.3307
102736,2025-09-11,Cork,Homeware,Bedding,227.37,1,0.15,43.81,2025-09,2025Q3,2025,0.1927
100072,2025-09-12,Cork,Homeware,Storage,240.62,2,0.0,66.88,2025-09,2025Q3,2025,0.2779
104777,2025-09-12,Dublin,Electronics,Headphones,1490.15,2,0.15,250.25,2025-09,2025Q3,2025,0.1679
102596,2025-09-12,Cork,Electronics,Mobile Accessories,114.4,1,0.15,27.79,2025-09,2025Q3,2025,0.2429
105066,2025-09-12,Galway,Homeware,Kitchenware,262.81,1,0.0,116.24,2025-09,2025Q3,2025,0.4423
101479,2025-09-12,Cork,Clothing,Kidswear,133.26,2,0.0,46.56,2025-09,2025Q3,2025,0.3494
105976,2025-09-12,Cork,Grocery,Dairy,52.68,2,0.2,3.79,2025-09,2025Q3,2025,0.0719
106320,2025-09-12,Cork,Clothing,Footwear,208.43,2,0.05,53.56,2025-09,2025Q3,2025,0.257
103731,2025-09-12,Dublin,Clothing,Womenswear,207.93,3,0.15,61.67,2025-09,2025Q3,2025,0.2966
102982,2025-09-13,Limerick,Electronics,Headphones,1801.56,4,0.05,364.12,2025-09,2025Q3,2025,0.2021
101010,2025-09-13,Dublin,Homeware,Storage,387.61,3,0.2,91.92,2025-09,2025Q3,2025,0.2371
102154,2025-09-13,Dublin,Clothing,Menswear,63.68,1,0.2,12.17,2025-09,2025Q3,2025,0.1911
103993,2025-09-13,Galway,Homeware,Furniture,136.76,1,0.15,21.99,2025-09,2025Q3,2025,0.1608
102614,2025-09-13,Dublin,Homeware,Bedding,329.01,2,0.0,142.73,2025-09,2025Q3,2025,0.4338
104872,2025-09-13,Dublin,Clothing,Womenswear,64.56,1,0.05,19.78,2025-09,2025Q3,2025,0.3064
105880,2025-09-13,Galway,Clothing,Womenswear,27.61,1,0.0,11.2,2025-09,2025Q3,2025,0.4057
101627,2025-09-13,Dublin,Grocery,Fresh Produce,88.41,4,0.0,24.53,2025-09,2025Q3,2025,0.2775
103849,2025-09-13,Cork,Clothing,Accessories,90.95,1,0.15,17.07,2025-09,2025Q3,2025,0.1877
102709,2025-09-13,Limerick,Homeware,Furniture,275.27,1,0.15,49.09,2025-09,2025Q3,2025,0.1783
101293,2025-09-13,Cork,Clothing,Menswear,150.78,2,0.2,13.76,2025-09,2025Q3,2025,0.0913
105633,2025-09-13,Cork,Electronics,Smart Home,280.19,1,0.1,72.34,2025-09,2025Q3,2025,0.2582
102438,2025-09-14,Dublin,Clothing,Footwear,118.56,1,0.05,38.4,2025-09,2025Q3,2025,0.3239
100114,2025-09-14,Dublin,Homeware,Furniture,439.42,2,0.1,91.21,2025-09,2025Q3,2025,0.2076
102308,2025-09-14,Dublin,Clothing,Kidswear,459.22,4,0.0,176.5,2025-09,2025Q3,2025,0.3843
102264,2025-09-14,Dublin,Clothing,Menswear,405.31,3,0.1,72.69,2025-09,2025Q3,2025,0.1793
103946,2025-09-14,Limerick,Homeware,Furniture,571.3,2,0.2,92.68,2025-09,2025Q3,2025,0.1622
104452,2025-09-14,Galway,Clothing,Accessories,158.49,3,0.0,53.99,2025-09,2025Q3,2025,0.3407
103638,2025-09-14,Cork,Electronics,Headphones,242.25,1,0.0,81.28,2025-09,2025Q3,2025,0.3355
105745,2025-09-15,Cork,Homeware,Kitchenware,21.73,1,0.1,6.37,2025-09,2025Q3,2025,0.2931
106351,2025-09-15,Limerick,Electronics,Laptops,334.55,1,0.1,97.09,2025-09,2025Q3,2025,0.2902
100007,2025-09-15,Cork,Homeware,Bedding,144.06,1,0.15,23.39,2025-09,2025Q3,2025,0.1624
101803,2025-09-15,Galway,Clothing,Womenswear,56.8,1,0.0,23.96,2025-09,2025Q3,2025,0.4218
105730,2025-09-15,Galway,Homeware,Furniture,28.1,1,0.0,11.9,2025-09,2025Q3,2025,0.4235
101186,2025-09-15,Dublin,Homeware,Furniture,264.64,2,0.2,66.08,2025-09,2025Q3,2025,0.2497
101516,2025-09-15,Cork,Grocery,Dairy,10.47,1,0.0,2.84,2025-09,2025Q3,2025,0.2713
100841,2025-09-15,Limerick,Clothing,Footwear,195.69,3,0.0,68.36,2025-09,2025Q3,2025,0.3493
102336,2025-09-15,Galway,Grocery,Fresh Produce,30.24,3,0.1,10.51,2025-09,2025Q3,2025,0.3476
101646,2025-09-15,Cork,Electronics,Laptops,57.37,1,0.2,10.55,2025-09,2025Q3,2025,0.1839
105169,2025-09-15,Dublin,Clothing,Kidswear,252.15,2,0.2,34.08,2025-09,2025Q3,2025,0.1352
102418,2025-09-15,Galway,Electronics,Smart Home,340.44,4,0.0,107.32,2025-09,2025Q3,2025,0.3152
101941,2025-09-16,Dublin,Grocery,Bakery,41.57,1,0.0,16.4,2025-09,2025Q3,2025,0.3945
106492,2025-09-16,Dublin,Electronics,Mobile Accessories,253.92,2,0.0,72.94,2025-09,2025Q3,2025,0.2873
100137,2025-09-16,Dublin,Grocery,Beverages,76.91,4,0.0,24.17,2025-09,2025Q3,2025,0.3143
104146,2025-09-16,Cork,Homeware,Lighting,136.2,1,0.0,46.55,2025-09,2025Q3,2025,0.3418
103640,2025-09-16,Cork,Electronics,TVs,238.93,1,0.0,76.44,2025-09,2025Q3,2025,0.3199
103272,2025-09-16,Dublin,Grocery,Dairy,44.56,1,0.0,18.42,2025-09,2025Q3,2025,0.4134
100573,2025-09-16,Dublin,Clothing,Menswear,194.63,2,0.2,26.09,2025-09,2025Q3,2025,0.134
104642,2025-09-16,Dublin,Homeware,Kitchenware,614.1,3,0.0,234.55,2025-09,2025Q3,2025,0.3819
100073,2025-09-16,Limerick,Electronics,Laptops,415.95,1,0.15,118.03,2025-09,2025Q3,2025,0.2838
103055,2025-09-17,Limerick,Homeware,Storage,297.43,1,0.05,59.8,2025-09,2025Q3,2025,0.2011
102857,2025-09-17,Galway,Homeware,Furniture,561.42,3,0.0,202.29,2025-09,2025Q3,2025,0.3603
102004,2025-09-17,Cork,Clothing,Womenswear,86.66,2,0.2,13.0,2025-09,2025Q3,2025,0.15
103538,2025-09-17,Limerick,Homeware,Lighting,147.09,1,0.0,57.99,2025-09,2025Q3,2025,0.3942
105956,2025-09-17,Limerick,Grocery,Fresh Produce,152.83,4,0.0,45.37,2025-09,2025Q3,2025,0.2969
100045,2025-09-17,Galway,Electronics,Smart Home,852.09,3,0.1,265.1,2025-09,2025Q3,2025,0.3111
103450,2025-09-17,Galway,Grocery,Dairy,12.62,1,0.0,3.79,2025-09,2025Q3,2025,0.3003
101568,2025-09-17,Galway,Clothing,Kidswear,86.72,2,0.0,22.96,2025-09,2025Q3,2025,0.2648
103014,2025-09-18,Dublin,Clothing,Accessories,70.46,1,0.0,26.32,2025-09,2025Q3,2025,0.3735
105262,2025-09-18,Galway,Clothing,Accessories,75.99,1,0.1,15.59,2025-09,2025Q3,2025,0.2052
102661,2025-09-18,Dublin,Electronics,TVs,1364.64,4,0.0,392.49,2025-09,2025Q3,2025,0.2876
100166,2025-09-18,Dublin,Clothing,Womenswear,100.0,4,0.0,35.96,2025-09,2025Q3,2025,0.3596
105567,2025-09-18,Dublin,Electronics,Laptops,743.73,1,0.0,270.12,2025-09,2025Q3,2025,0.3632
101596,2025-09-18,Galway,Clothing,Kidswear,119.04,1,0.05,24.74,2025-09,2025Q3,2025,0.2078
105832,2025-09-18,Cork,Homeware,Bedding,119.64,1,0.0,35.06,2025-09,2025Q3,2025,0.293
103498,2025-09-18,Cork,Grocery,Fresh Produce,8.95,1,0.0,3.68,2025-09,2025Q3,2025,0.4112
105181,2025-09-18,Cork,Clothing,Accessories,70.48,2,0.15,20.6,2025-09,2025Q3,2025,0.2923
105887,2025-09-18,Galway,Homeware,Storage,819.2,4,0.0,367.7,2025-09,2025Q3,2025,0.4489
101626,2025-09-18,Dublin,Electronics,Headphones,1416.43,2,0.1,479.89,2025-09,2025Q3,2025,0.3388
104975,2025-09-19,Limerick,Clothing,Accessories,54.87,1,0.0,20.26,2025-09,2025Q3,2025,0.3692
100657,2025-09-19,Dublin,Electronics,Headphones,2471.3,4,0.0,850.7,2025-09,2025Q3,2025,0.3442
105578,2025-09-19,Limerick,Electronics,Mobile Accessories,270.23,1,0.2,49.64,2025-09,2025Q3,2025,0.1837
100526,2025-09-19,Limerick,Homeware,Lighting,501.34,2,0.0,153.14,2025-09,2025Q3,2025,0.3055
101453,2025-09-19,Limerick,Homeware,Furniture,195.27,3,0.0,60.04,2025-09,2025Q3,2025,0.3075
105193,2025-09-19,Limerick,Electronics,TVs,633.3,1,0.0,209.72,2025-09,2025Q3,2025,0.3312
103335,2025-09-19,Dublin,Electronics,Mobile Accessories,2217.73,3,0.1,735.55,2025-09,2025Q3,2025,0.3317
100520,2025-09-19,Dublin,Homeware,Bedding,240.74,1,0.0,75.2,2025-09,2025Q3,2025,0.3124
101022,2025-09-19,Galway,Clothing,Kidswear,86.25,1,0.1,22.24,2025-09,2025Q3,2025,0.2579
100621,2025-09-19,Cork,Homeware,Kitchenware,189.93,1,0.15,21.57,2025-09,2025Q3,2025,0.1136
102653,2025-09-19,Galway,Grocery,Fresh Produce,13.74,1,0.0,4.48,2025-09,2025Q3,2025,0.3261
105762,2025-09-19,Limerick,Grocery,Bakery,44.4,4,0.0,11.32,2025-09,2025Q3,2025,0.255
105616,2025-09-20,Limerick,Clothing,Footwear,180.46,2,0.2,42.11,2025-09,2025Q3,2025,0.2333
100438,2025-09-20,Galway,Electronics,Laptops,804.57,3,0.0,232.62,2025-09,2025Q3,2025,0.2891
101950,2025-09-20,Dublin,Electronics,Smart Home,2573.29,4,0.2,393.85,2025-09,2025Q3,2025,0.1531
100237,2025-09-20,Limerick,Clothing,Kidswear,11.32,1,0.2,0.58,2025-09,2025Q3,2025,0.0512
101005,2025-09-20,Cork,Electronics,Laptops,193.1,1,0.0,79.45,2025-09,2025Q3,2025,0.4114
105039,2025-09-20,Dublin,Electronics,Headphones,465.43,4,0.0,138.57,2025-09,2025Q3,2025,0.2977
102696,2025-09-20,Dublin,Grocery,Bakery,18.42,1,0.1,4.29,2025-09,2025Q3,2025,0.2329
100316,2025-09-20,Dublin,Homeware,Furniture,1002.39,4,0.0,76.54,2025-09,2025Q3,2025,0.0764
101234,2025-09-21,Galway,Electronics,Mobile Accessories,993.2,2,0.0,349.09,2025-09,2025Q3,2025,0.3515
105810,2025-09-21,Dublin,Grocery,Dairy,24.15,2,0.0,7.23,2025-09,2025Q3,2025,0.2994
102916,2025-09-21,Dublin,Homeware,Lighting,332.82,1,0.0,94.29,2025-09,2025Q3,2025,0.2833
100681,2025-09-21,Limerick,Clothing,Accessories,89.38,1,0.1,27.7,2025-09,2025Q3,2025,0.3099
103416,2025-09-21,Dublin,Electronics,Laptops,2873.25,4,0.2,222.59,2025-09,2025Q3,2025,0.0775
101972,2025-09-21,Cork,Clothing,Accessories,152.5,2,0.0,51.08,2025-09,2025Q3,2025,0.335
106443,2025-09-21,Limerick,Grocery,Fresh Produce,113.14,4,0.2,21.4,2025-09,2025Q3,2025,0.1891
105108,2025-09-21,Dublin,Electronics,Smart Home,655.72,1,0.2,65.64,2025-09,2025Q3,2025,0.1001
100807,2025-09-21,Dublin,Clothing,Accessories,114.82,2,0.05,41.82,2025-09,2025Q3,2025,0.3642
103024,2025-09-21,Cork,Clothing,Womenswear,69.12,1,0.05,20.43,2025-09,2025Q3,2025,0.2956
104524,2025-09-22,Cork,Grocery,Fresh Produce,38.04,1,0.1,12.25,2025-09,2025Q3,2025,0.322
106306,2025-09-22,Limerick,Electronics,TVs,140.88,2,0.15,25.34,2025-09,2025Q3,2025,0.1799
106073,2025-09-22,Cork,Electronics,Headphones,264.17,1,0.0,84.56,2025-09,2025Q3,2025,0.3201
102123,2025-09-22,Cork,Homeware,Bedding,807.57,3,0.1,140.66,2025-09,2025Q3,2025,0.1742
104806,2025-09-22,Limerick,Clothing,Kidswear,53.4,4,0.0,17.25,2025-09,2025Q3,2025,0.323
100601,2025-09-22,Dublin,Homeware,Lighting,496.02,4,0.15,81.51,2025-09,2025Q3,2025,0.1643
105785,2025-09-22,Dublin,Electronics,Smart Home,2503.14,4,0.0,716.67,2025-09,2025Q3,2025,0.2863
105553,2025-09-22,Dublin,Electronics,Mobile Accessories,97.82,2,0.0,37.47,2025-09,2025Q3,2025,0.3831
101471,2025-09-22,Galway,Electronics,Mobile Accessories,74.53,1,0.05,27.59,2025-09,2025Q3,2025,0.3702
105702,2025-09-23,Dublin,Electronics,Laptops,665.67,1,0.05,243.8,2025-09,2025Q3,2025,0.3662
105926,2025-09-23,Galway,Clothing,Accessories,26.33,1,0.2,3.17,2025-09,2025Q3,2025,0.1204
100842,2025-09-23,Galway,Electronics,Mobile Accessories,345.5,2,0.2,69.55,2025-09,2025Q3,2025,0.2013
105101,2025-09-23,Dublin,Grocery,Bakery,32.98,4,0.0,11.57,2025-09,2025Q3,2025,0.3508
101178,2025-09-23,Cork,Clothing,Footwear,61.04,1,0.0,18.64,2025-09,2025Q3,2025,0.3054
102823,2025-09-23,Cork,Homeware,Furniture,91.18,1,0.2,15.48,2025-09,2025Q3,2025,0.1698
100671,2025-09-23,Galway,Grocery,Beverages,8.66,2,0.0,3.67,2025-09,2025Q3,2025,0.4238
103365,2025-09-23,Cork,Electronics,Headphones,289.36,1,0.0,77.92,2025-09,2025Q3,2025,0.2693
106300,2025-09-23,Dublin,Grocery,Snacks,6.95,2,0.1,2.06,2025-09,2025Q3,2025,0.2964
100523,2025-09-23,Cork,Grocery,Snacks,71.46,2,0.05,17.49,2025-09,2025Q3,2025,0.2448
105046,2025-09-24,Galway,Grocery,Fresh Produce,39.35,1,0.0,16.59,2025-09,2025Q3,2025,0.4216
104095,2025-09-24,Dublin,Homeware,Kitchenware,458.95,3,0.1,143.58,2025-09,2025Q3,2025,0.3128
102185,2025-09-24,Limerick,Homeware,Furniture,291.02,2,0.15,70.44,2025-09,2025Q3,2025,0.242
100143,2025-09-24,Dublin,Clothing,Womenswear,120.38,4,0.15,17.55,2025-09,2025Q3,2025,0.1458
103570,2025-09-24,Cork,Homeware,Bedding,488.58,2,0.15,67.85,2025-09,2025Q3,2025,0.1389
100175,2025-09-24,Cork,Clothing,Accessories,40.44,1,0.05,14.2,2025-09,2025Q3,2025,0.3511
105701,2025-09-24,Cork,Homeware,Furniture,441.15,3,0.15,69.98,2025-09,2025Q3,2025,0.1586
104096,2025-09-24,Limerick,Homeware,Lighting,29.61,1,0.1,8.99,2025-09,2025Q3,2025,0.3036
105213,2025-09-25,Cork,Homeware,Bedding,359.6,4,0.2,80.35,2025-09,2025Q3,2025,0.2234
103480,2025-09-25,Dublin,Electronics,Headphones,591.02,1,0.05,223.92,2025-09,2025Q3,2025,0.3789
102719,2025-09-25,Cork,Clothing,Womenswear,11.41,1,0.15,2.8,2025-09,2025Q3,2025,0.2454
101681,2025-09-25,Dublin,Clothing,Footwear,250.15,2,0.0,76.07,2025-09,2025Q3,2025,0.3041
100607,2025-09-25,Dublin,Homeware,Lighting,805.23,3,0.0,317.84,2025-09,2025Q3,2025,0.3947
103224,2025-09-25,Cork,Grocery,Dairy,62.6,4,0.15,13.23,2025-09,2025Q3,2025,0.2113
100748,2025-09-25,Cork,Grocery,Snacks,31.47,1,0.0,13.93,2025-09,2025Q3,2025,0.4426
100400,2025-09-25,Cork,Electronics,Headphones,487.4,2,0.0,131.16,2025-09,2025Q3,2025,0.2691
103273,2025-09-25,Dublin,Electronics,Mobile Accessories,1484.67,2,0.0,642.26,2025-09,2025Q3,2025,0.4326
103705,2025-09-25,Galway,Homeware,Bedding,210.43,1,0.15,23.31,2025-09,2025Q3,2025,0.1108
105573,2025-09-25,Galway,Homeware,Bedding,298.39,1,0.0,123.24,2025-09,2025Q3,2025,0.413
103195,2025-09-25,Dublin,Electronics,Smart Home,142.13,1,0.0,59.7,2025-09,2025Q3,2025,0.42
104479,2025-09-25,Dublin,Electronics,Headphones,1390.63,2,0.0,381.99,2025-09,2025Q3,2025,0.2747
105841,2025-09-25,Dublin,Electronics,Headphones,394.4,2,0.0,118.78,2025-09,2025Q3,2025,0.3012
102530,2025-09-25,Galway,Clothing,Menswear,167.84,2,0.15,34.42,2025-09,2025Q3,2025,0.2051
105078,2025-09-26,Cork,Clothing,Womenswear,234.72,2,0.1,73.86,2025-09,2025Q3,2025,0.3147
102096,2025-09-26,Dublin,Homeware,Storage,245.35,1,0.1,80.17,2025-09,2025Q3,2025,0.3268
103310,2025-09-26,Cork,Electronics,Headphones,269.23,1,0.0,76.28,2025-09,2025Q3,2025,0.2833
102129,2025-09-26,Galway,Homeware,Storage,256.41,1,0.15,38.53,2025-09,2025Q3,2025,0.1503
101822,2025-09-26,Dublin,Electronics,Mobile Accessories,719.42,1,0.0,242.51,2025-09,2025Q3,2025,0.3371
105481,2025-09-26,Dublin,Clothing,Menswear,69.06,1,0.0,20.22,2025-09,2025Q3,2025,0.2928
100382,2025-09-26,Cork,Grocery,Snacks,25.32,4,0.15,6.47,2025-09,2025Q3,2025,0.2555
105588,2025-09-27,Galway,Electronics,Mobile Accessories,323.46,3,0.0,114.53,2025-09,2025Q3,2025,0.3541
103118,2025-09-27,Galway,Clothing,Menswear,115.95,1,0.1,20.59,2025-09,2025Q3,2025,0.1776
104704,2025-09-27,Limerick,Electronics,TVs,230.81,1,0.0,67.95,2025-09,2025Q3,2025,0.2944
103278,2025-09-27,Limerick,Electronics,Mobile Accessories,753.57,3,0.05,208.28,2025-09,2025Q3,2025,0.2764
103528,2025-09-27,Dublin,Homeware,Bedding,32.18,2,0.1,7.8,2025-09,2025Q3,2025,0.2424
105369,2025-09-27,Dublin,Grocery,Snacks,21.78,1,0.05,8.63,2025-09,2025Q3,2025,0.3962
104416,2025-09-27,Dublin,Homeware,Furniture,212.66,2,0.2,22.73,2025-09,2025Q3,2025,0.1069
103321,2025-09-27,Dublin,Grocery,Beverages,69.44,2,0.0,26.34,2025-09,2025Q3,2025,0.3793
102256,2025-09-27,Dublin,Electronics,Mobile Accessories,317.91,1,0.0,137.64,2025-09,2025Q3,2025,0.433
103886,2025-09-28,Cork,Grocery,Dairy,108.78,3,0.0,35.92,2025-09,2025Q3,2025,0.3302
104809,2025-09-28,Limerick,Clothing,Kidswear,167.92,2,0.1,42.43,2025-09,2025Q3,2025,0.2527
101796,2025-09-28,Dublin,Clothing,Accessories,68.33,1,0.1,20.72,2025-09,2025Q3,2025,0.3032
104278,2025-09-28,Dublin,Electronics,Smart Home,1398.17,2,0.15,358.68,2025-09,2025Q3,2025,0.2565
106260,2025-09-28,Dublin,Clothing,Womenswear,121.53,1,0.1,25.44,2025-09,2025Q3,2025,0.2093
105711,2025-09-28,Dublin,Electronics,Mobile Accessories,832.14,2,0.0,295.48,2025-09,2025Q3,2025,0.3551
104685,2025-09-28,Dublin,Electronics,TVs,2304.69,4,0.0,875.1,2025-09,2025Q3,2025,0.3797
105028,2025-09-29,Limerick,Grocery,Dairy,31.61,1,0.0,13.76,2025-09,2025Q3,2025,0.4353
104934,2025-09-29,Cork,Electronics,Laptops,363.76,2,0.0,156.51,2025-09,2025Q3,2025,0.4303
105239,2025-09-29,Galway,Homeware,Lighting,84.03,1,0.15,19.93,2025-09,2025Q3,2025,0.2372
105824,2025-09-29,Galway,Clothing,Kidswear,232.4,2,0.15,26.39,2025-09,2025Q3,2025,0.1136
103745,2025-09-29,Dublin,Electronics,TVs,1137.17,4,0.15,204.83,2025-09,2025Q3,2025,0.1801
103400,2025-09-29,Galway,Grocery,Dairy,27.32,2,0.0,10.26,2025-09,2025Q3,2025,0.3755
101962,2025-09-29,Galway,Homeware,Kitchenware,135.12,1,0.0,42.88,2025-09,2025Q3,2025,0.3173
100992,2025-09-30,Limerick,Electronics,Smart Home,1358.4,4,0.0,429.88,2025-09,2025Q3,2025,0.3165
103889,2025-09-30,Dublin,Electronics,Mobile Accessories,395.48,2,0.1,85.0,2025-09,2025Q3,2025,0.2149
104153,2025-09-30,Dublin,Electronics,Headphones,1588.52,3,0.1,353.06,2025-09,2025Q3,2025,0.2223
103786,2025-09-30,Limerick,Grocery,Bakery,15.12,1,0.05,5.89,2025-09,2025Q3,2025,0.3896
102288,2025-09-30,Galway,Clothing,Menswear,45.8,2,0.0,12.21,2025-09,2025Q3,2025,0.2666
103630,2025-09-30,Dublin,Electronics,TVs,699.41,1,0.0,227.01,2025-09,2025Q3,2025,0.3246
105437,2025-09-30,Dublin,Homeware,Furniture,361.97,2,0.0,142.24,2025-09,2025Q3,2025,0.393
100348,2025-09-30,Dublin,Electronics,Headphones,1189.21,3,0.2,97.66,2025-09,2025Q3,2025,0.0821
105742,2025-09-30,Limerick,Grocery,Beverages,66.62,2,0.1,21.98,2025-09,2025Q3,2025,0.3299
104765,2025-09-30,Dublin,Electronics,Smart Home,456.57,1,0.1,125.2,2025-09,2025Q3,2025,0.2742
105995,2025-10-01,Dublin,Clothing,Kidswear,404.13,3,0.05,106.87,2025-10,2025Q4,2025,0.2644
105888,2025-10-01,Galway,Clothing,Menswear,386.04,4,0.0,106.74,2025-10,2025Q4,2025,0.2765
100976,2025-10-01,Limerick,Grocery,Fresh Produce,67.01,2,0.05,23.28,2025-10,2025Q4,2025,0.3474
101777,2025-10-01,Limerick,Grocery,Bakery,42.58,1,0.0,11.86,2025-10,2025Q4,2025,0.2785
102235,2025-10-01,Dublin,Electronics,Laptops,1486.77,2,0.0,469.07,2025-10,2025Q4,2025,0.3155
104099,2025-10-01,Dublin,Electronics,Smart Home,644.23,1,0.0,248.56,2025-10,2025Q4,2025,0.3858
100576,2025-10-01,Dublin,Clothing,Menswear,25.53,1,0.2,2.38,2025-10,2025Q4,2025,0.0932
100911,2025-10-01,Galway,Grocery,Fresh Produce,36.12,2,0.0,13.56,2025-10,2025Q4,2025,0.3754
105729,2025-10-01,Limerick,Electronics,Smart Home,633.05,1,0.05,165.25,2025-10,2025Q4,2025,0.261
100762,2025-10-01,Galway,Clothing,Footwear,68.16,2,0.0,23.3,2025-10,2025Q4,2025,0.3418
105371,2025-10-02,Cork,Homeware,Storage,34.98,2,0.2,2.34,2025-10,2025Q4,2025,0.0669
105664,2025-10-02,Dublin,Homeware,Storage,326.06,1,0.0,97.72,2025-10,2025Q4,2025,0.2997
102658,2025-10-02,Galway,Homeware,Storage,825.08,4,0.1,157.91,2025-10,2025Q4,2025,0.1914
103943,2025-10-02,Cork,Electronics,TVs,270.33,2,0.2,62.99,2025-10,2025Q4,2025,0.233
103798,2025-10-02,Dublin,Clothing,Footwear,47.13,3,0.1,8.73,2025-10,2025Q4,2025,0.1852
100514,2025-10-02,Dublin,Grocery,Fresh Produce,59.29,2,0.2,3.08,2025-10,2025Q4,2025,0.0519
105489,2025-10-02,Galway,Clothing,Footwear,64.81,1,0.2,5.24,2025-10,2025Q4,2025,0.0809
106473,2025-10-02,Dublin,Grocery,Dairy,35.14,2,0.05,13.44,2025-10,2025Q4,2025,0.3825
106254,2025-10-02,Dublin,Clothing,Kidswear,48.84,1,0.0,15.45,2025-10,2025Q4,2025,0.3163
103893,2025-10-02,Dublin,Electronics,Mobile Accessories,643.46,1,0.1,193.63,2025-10,2025Q4,2025,0.3009
101042,2025-10-03,Galway,Clothing,Accessories,82.77,3,0.0,22.55,2025-10,2025Q4,2025,0.2724
100531,2025-10-03,Dublin,Homeware,Bedding,50.69,4,0.0,22.69,2025-10,2025Q4,2025,0.4476
103473,2025-10-03,Cork,Electronics,Mobile Accessories,1260.01,4,0.0,438.48,2025-10,2025Q4,2025,0.348
104464,2025-10-03,Dublin,Electronics,Mobile Accessories,349.76,3,0.0,134.76,2025-10,2025Q4,2025,0.3853
104566,2025-10-04,Dublin,Homeware,Kitchenware,163.01,1,0.2,23.07,2025-10,2025Q4,2025,0.1415
100103,2025-10-04,Dublin,Grocery,Dairy,56.86,3,0.0,24.35,2025-10,2025Q4,2025,0.4282
105780,2025-10-04,Limerick,Electronics,TVs,721.7,2,0.2,150.22,2025-10,2025Q4,2025,0.2081
102810,2025-10-04,Galway,Homeware,Kitchenware,390.66,2,0.2,79.2,2025-10,2025Q4,2025,0.2027
101193,2025-10-04,Cork,Clothing,Kidswear,49.84,4,0.05,15.35,2025-10,2025Q4,2025,0.308
103304,2025-10-04,Cork,Grocery,Snacks,22.17,1,0.1,3.46,2025-10,2025Q4,2025,0.1561
104117,2025-10-04,Dublin,Electronics,Mobile Accessories,1117.98,2,0.0,416.43,2025-10,2025Q4,2025,0.3725
100055,2025-10-04,Dublin,Clothing,Kidswear,424.26,4,0.05,148.3,2025-10,2025Q4,2025,0.3495
103899,2025-10-04,Cork,Electronics,Smart Home,58.42,1,0.0,16.15,2025-10,2025Q4,2025,0.2764
101306,2025-10-04,Cork,Clothing,Kidswear,87.16,1,0.2,7.81,2025-10,2025Q4,2025,0.0896
102777,2025-10-04,Dublin,Homeware,Furniture,271.33,1,0.0,78.64,2025-10,2025Q4,2025,0.2898
106461,2025-10-04,Dublin,Clothing,Womenswear,186.06,3,0.0,47.26,2025-10,2025Q4,2025,0.254
101651,2025-10-04,Galway,Clothing,Footwear,152.74,2,0.05,44.54,2025-10,2025Q4,2025,0.2916
103540,2025-10-05,Cork,Clothing,Kidswear,31.3,2,0.2,5.03,2025-10,2025Q4,2025,0.1607
100005,2025-10-05,Cork,Grocery,Dairy,9.31,1,0.0,2.96,2025-10,2025Q4,2025,0.3179
102445,2025-10-05,Galway,Grocery,Snacks,57.45,3,0.05,20.59,2025-10,2025Q4,2025,0.3584
105002,2025-10-05,Galway,Grocery,Bakery,66.02,2,0.0,28.58,2025-10,2025Q4,2025,0.4329
104529,2025-10-05,Dublin,Electronics,Laptops,1046.25,3,0.05,310.42,2025-10,2025Q4,2025,0.2967
102602,2025-10-05,Dublin,Electronics,Mobile Accessories,254.31,2,0.15,53.34,2025-10,2025Q4,2025,0.2097
100696,2025-10-05,Dublin,Electronics,Headphones,284.37,2,0.15,30.16,2025-10,2025Q4,2025,0.1061
101345,2025-10-05,Dublin,Electronics,Headphones,990.24,2,0.1,218.88,2025-10,2025Q4,2025,0.221
102786,2025-10-06,Dublin,Grocery,Bakery,30.6,3,0.2,5.71,2025-10,2025Q4,2025,0.1866
104519,2025-10-06,Dublin,Grocery,Snacks,28.2,1,0.2,2.92,2025-10,2025Q4,2025,0.1035
103089,2025-10-06,Dublin,Electronics,Smart Home,222.43,2,0.0,61.15,2025-10,2025Q4,2025,0.2749
105271,2025-10-06,Cork,Grocery,Dairy,33.12,2,0.1,10.34,2025-10,2025Q4,2025,0.3122
106383,2025-10-06,Galway,Grocery,Snacks,7.36,1,0.0,2.08,2025-10,2025Q4,2025,0.2826
106273,2025-10-06,Dublin,Homeware,Storage,442.96,2,0.1,96.5,2025-10,2025Q4,2025,0.2179
105726,2025-10-07,Dublin,Electronics,Smart Home,337.55,1,0.0,134.43,2025-10,2025Q4,2025,0.3983
101209,2025-10-07,Dublin,Grocery,Dairy,51.41,2,0.0,14.3,2025-10,2025Q4,2025,0.2782
100457,2025-10-07,Cork,Grocery,Snacks,26.8,2,0.2,3.66,2025-10,2025Q4,2025,0.1366
102119,2025-10-07,Galway,Homeware,Furniture,416.58,2,0.2,21.61,2025-10,2025Q4,2025,0.0519
101438,2025-10-07,Dublin,Clothing,Menswear,90.25,2,0.15,19.45,2025-10,2025Q4,2025,0.2155
102065,2025-10-07,Cork,Electronics,Mobile Accessories,347.08,2,0.0,154.1,2025-10,2025Q4,2025,0.444
102627,2025-10-07,Cork,Homeware,Storage,110.98,2,0.0,38.43,2025-10,2025Q4,2025,0.3463
106043,2025-10-07,Dublin,Grocery,Beverages,60.35,4,0.05,20.81,2025-10,2025Q4,2025,0.3448
105228,2025-10-08,Dublin,Electronics,Mobile Accessories,576.49,1,0.0,192.22,2025-10,2025Q4,2025,0.3334
100746,2025-10-08,Limerick,Grocery,Snacks,62.21,3,0.15,11.77,2025-10,2025Q4,2025,0.1892
106163,2025-10-08,Dublin,Grocery,Fresh Produce,31.12,1,0.2,4.84,2025-10,2025Q4,2025,0.1555
100840,2025-10-08,Galway,Homeware,Furniture,243.4,4,0.15,57.54,2025-10,2025Q4,2025,0.2364
105879,2025-10-08,Dublin,Electronics,TVs,1649.89,3,0.0,486.58,2025-10,2025Q4,2025,0.2949
103390,2025-10-08,Cork,Electronics,Headphones,413.27,2,0.2,31.81,2025-10,2025Q4,2025,0.077
103781,2025-10-09,Cork,Electronics,Headphones,294.38,1,0.0,87.61,2025-10,2025Q4,2025,0.2976
106302,2025-10-09,Dublin,Grocery,Beverages,114.23,3,0.2,17.13,2025-10,2025Q4,2025,0.15
102487,2025-10-09,Cork,Grocery,Bakery,7.15,1,0.15,1.45,2025-10,2025Q4,2025,0.2028
104947,2025-10-09,Limerick,Homeware,Furniture,465.18,3,0.0,156.26,2025-10,2025Q4,2025,0.3359
104971,2025-10-09,Dublin,Grocery,Bakery,32.48,4,0.0,11.38,2025-10,2025Q4,2025,0.3504
103894,2025-10-10,Galway,Grocery,Bakery,55.32,2,0.1,13.49,2025-10,2025Q4,2025,0.2439
103165,2025-10-10,Cork,Electronics,Headphones,261.29,1,0.2,21.52,2025-10,2025Q4,2025,0.0824
105141,2025-10-10,Dublin,Electronics,Mobile Accessories,1328.87,2,0.0,384.87,2025-10,2025Q4,2025,0.2896
106364,2025-10-10,Galway,Grocery,Dairy,37.17,3,0.15,4.11,2025-10,2025Q4,2025,0.1106
100044,2025-10-10,Cork,Electronics,Laptops,245.03,1,0.2,51.5,2025-10,2025Q4,2025,0.2102
101196,2025-10-10,Cork,Grocery,Beverages,116.79,3,0.1,35.17,2025-10,2025Q4,2025,0.3011
104820,2025-10-10,Dublin,Clothing,Accessories,272.14,4,0.0,83.06,2025-10,2025Q4,2025,0.3052
104678,2025-10-10,Dublin,Homeware,Bedding,259.09,1,0.0,93.04,2025-10,2025Q4,2025,0.3591
101696,2025-10-11,Dublin,Grocery,Bakery,97.37,3,0.2,10.03,2025-10,2025Q4,2025,0.103
106221,2025-10-11,Dublin,Grocery,Dairy,22.57,2,0.0,7.92,2025-10,2025Q4,2025,0.3509
102184,2025-10-11,Dublin,Homeware,Bedding,1220.75,4,0.0,405.55,2025-10,2025Q4,2025,0.3322
105604,2025-10-11,Cork,Homeware,Furniture,294.46,1,0.1,64.27,2025-10,2025Q4,2025,0.2183
103808,2025-10-11,Cork,Clothing,Womenswear,108.97,1,0.0,28.02,2025-10,2025Q4,2025,0.2571
102566,2025-10-11,Cork,Clothing,Womenswear,107.28,1,0.2,6.39,2025-10,2025Q4,2025,0.0596
104622,2025-10-11,Limerick,Electronics,Smart Home,453.84,2,0.2,59.84,2025-10,2025Q4,2025,0.1319
105327,2025-10-11,Galway,Clothing,Accessories,52.52,2,0.0,22.61,2025-10,2025Q4,2025,0.4305
100877,2025-10-11,Cork,Homeware,Kitchenware,348.99,2,0.2,55.1,2025-10,2025Q4,2025,0.1579
105430,2025-10-12,Galway,Clothing,Kidswear,101.48,2,0.05,31.12,2025-10,2025Q4,2025,0.3067
102549,2025-10-12,Cork,Electronics,Mobile Accessories,1227.95,4,0.2,166.49,2025-10,2025Q4,2025,0.1356
101797,2025-10-12,Cork,Clothing,Accessories,358.32,3,0.15,72.72,2025-10,2025Q4,2025,0.2029
101202,2025-10-12,Dublin,Homeware,Bedding,17.53,1,0.0,7.67,2025-10,2025Q4,2025,0.4375
103176,2025-10-12,Galway,Electronics,Laptops,804.04,2,0.1,206.04,2025-10,2025Q4,2025,0.2563
105062,2025-10-12,Cork,Clothing,Menswear,96.74,1,0.0,30.53,2025-10,2025Q4,2025,0.3156
105007,2025-10-12,Cork,Grocery,Dairy,13.52,2,0.0,3.76,2025-10,2025Q4,2025,0.2781
100248,2025-10-12,Dublin,Clothing,Footwear,37.98,1,0.0,15.17,2025-10,2025Q4,2025,0.3994
101873,2025-10-12,Dublin,Homeware,Furniture,668.03,2,0.0,225.22,2025-10,2025Q4,2025,0.3371
103315,2025-10-12,Limerick,Homeware,Kitchenware,544.77,4,0.0,159.97,2025-10,2025Q4,2025,0.2936
104079,2025-10-12,Dublin,Grocery,Beverages,11.52,3,0.15,1.79,2025-10,2025Q4,2025,0.1554
106388,2025-10-12,Galway,Clothing,Accessories,130.21,1,0.0,46.29,2025-10,2025Q4,2025,0.3555
102568,2025-10-12,Dublin,Electronics,Mobile Accessories,1537.6,4,0.15,432.98,2025-10,2025Q4,2025,0.2816
103865,2025-10-12,Dublin,Homeware,Kitchenware,484.31,2,0.1,142.63,2025-10,2025Q4,2025,0.2945
104381,2025-10-13,Cork,Clothing,Womenswear,9.14,1,0.0,2.57,2025-10,2025Q4,2025,0.2812
101945,2025-10-13,Galway,Grocery,Beverages,35.46,2,0.2,2.96,2025-10,2025Q4,2025,0.0835
105314,2025-10-13,Dublin,Electronics,TVs,784.51,2,0.0,345.13,2025-10,2025Q4,2025,0.4399
100772,2025-10-13,Cork,Homeware,Furniture,166.73,1,0.2,33.51,2025-10,2025Q4,2025,0.201
104270,2025-10-13,Dublin,Electronics,Laptops,780.23,2,0.0,272.16,2025-10,2025Q4,2025,0.3488
102090,2025-10-13,Dublin,Electronics,Headphones,289.67,1,0.2,58.56,2025-10,2025Q4,2025,0.2022
103603,2025-10-14,Dublin,Electronics,TVs,143.58,1,0.0,61.95,2025-10,2025Q4,2025,0.4315
100381,2025-10-14,Dublin,Homeware,Lighting,328.44,1,0.2,78.54,2025-10,2025Q4,2025,0.2391
104020,2025-10-14,Limerick,Homeware,Lighting,128.57,1,0.15,17.61,2025-10,2025Q4,2025,0.137
100049,2025-10-14,Dublin,Clothing,Womenswear,44.56,1,0.15,10.82,2025-10,2025Q4,2025,0.2428
102381,2025-10-14,Limerick,Homeware,Kitchenware,490.9,2,0.0,60.44,2025-10,2025Q4,2025,0.1231
104527,2025-10-14,Limerick,Electronics,TVs,1161.28,2,0.15,248.69,2025-10,2025Q4,2025,0.2142
100300,2025-10-14,Galway,Electronics,TVs,759.78,2,0.15,81.42,2025-10,2025Q4,2025,0.1072
104554,2025-10-14,Limerick,Homeware,Furniture,115.07,1,0.2,6.82,2025-10,2025Q4,2025,0.0593
106225,2025-10-14,Dublin,Grocery,Snacks,31.49,2,0.0,10.37,2025-10,2025Q4,2025,0.3293
105420,2025-10-14,Dublin,Clothing,Menswear,115.97,2,0.2,21.74,2025-10,2025Q4,2025,0.1875
105925,2025-10-14,Cork,Homeware,Furniture,194.06,2,0.1,54.6,2025-10,2025Q4,2025,0.2814
102858,2025-10-14,Dublin,Grocery,Dairy,41.08,2,0.15,8.37,2025-10,2025Q4,2025,0.2037
103202,2025-10-15,Cork,Electronics,Headphones,284.56,1,0.0,110.19,2025-10,2025Q4,2025,0.3872
104774,2025-10-15,Limerick,Grocery,Fresh Produce,18.22,3,0.1,5.63,2025-10,2025Q4,2025,0.309
102769,2025-10-15,Dublin,Electronics,Mobile Accessories,41.86,1,0.0,15.48,2025-10,2025Q4,2025,0.3698
102508,2025-10-15,Dublin,Homeware,Lighting,14.41,1,0.15,2.37,2025-10,2025Q4,2025,0.1645
102524,2025-10-15,Dublin,Electronics,Laptops,1034.82,4,0.1,285.48,2025-10,2025Q4,2025,0.2759
101426,2025-10-15,Dublin,Homeware,Kitchenware,16.9,1,0.0,6.91,2025-10,2025Q4,2025,0.4089
100485,2025-10-15,Cork,Homeware,Kitchenware,189.72,1,0.2,23.9,2025-10,2025Q4,2025,0.126
106069,2025-10-15,Dublin,Clothing,Menswear,226.5,2,0.1,79.18,2025-10,2025Q4,2025,0.3496
106270,2025-10-15,Limerick,Clothing,Kidswear,461.12,4,0.15,69.75,2025-10,2025Q4,2025,0.1513
100782,2025-10-15,Dublin,Grocery,Dairy,24.16,1,0.1,7.52,2025-10,2025Q4,2025,0.3113
103812,2025-10-16,Limerick,Electronics,Smart Home,296.08,1,0.0,101.21,2025-10,2025Q4,2025,0.3418
105709,2025-10-16,Dublin,Homeware,Bedding,763.37,4,0.0,234.64,2025-10,2025Q4,2025,0.3074
100648,2025-10-16,Limerick,Homeware,Bedding,463.52,2,0.2,100.39,2025-10,2025Q4,2025,0.2166
101868,2025-10-16,Dublin,Grocery,Fresh Produce,62.1,2,0.15,13.91,2025-10,2025Q4,2025,0.224
102988,2025-10-16,Cork,Homeware,Lighting,40.49,1,0.15,8.96,2025-10,2025Q4,2025,0.2213
104322,2025-10-16,Cork,Clothing,Menswear,78.08,4,0.05,20.54,2025-10,2025Q4,2025,0.2631
105652,2025-10-16,Limerick,Clothing,Womenswear,344.85,3,0.15,77.12,2025-10,2025Q4,2025,0.2236
100001,2025-10-16,Dublin,Grocery,Bakery,36.16,3,0.0,11.38,2025-10,2025Q4,2025,0.3147
106037,2025-10-16,Cork,Grocery,Fresh Produce,10.62,2,0.0,3.89,2025-10,2025Q4,2025,0.3663
100461,2025-10-17,Galway,Grocery,Snacks,51.98,2,0.05,11.97,2025-10,2025Q4,2025,0.2303
100468,2025-10-17,Cork,Grocery,Beverages,20.3,1,0.2,4.71,2025-10,2025Q4,2025,0.232
104931,2025-10-17,Cork,Electronics,Headphones,1412.49,4,0.1,366.15,2025-10,2025Q4,2025,0.2592
102181,2025-10-17,Dublin,Homeware,Kitchenware,368.12,2,0.05,79.71,2025-10,2025Q4,2025,0.2165
104504,2025-10-17,Cork,Homeware,Bedding,279.56,2,0.2,34.17,2025-10,2025Q4,2025,0.1222
101711,2025-10-17,Cork,Clothing,Kidswear,77.77,1,0.05,21.93,2025-10,2025Q4,2025,0.282
105241,2025-10-18,Limerick,Homeware,Furniture,1112.08,4,0.0,405.24,2025-10,2025Q4,2025,0.3644
104793,2025-10-18,Dublin,Homeware,Lighting,124.66,2,0.05,45.4,2025-10,2025Q4,2025,0.3642
103027,2025-10-18,Dublin,Grocery,Snacks,89.33,2,0.2,15.76,2025-10,2025Q4,2025,0.1764
103281,2025-10-18,Galway,Clothing,Menswear,47.64,4,0.1,13.41,2025-10,2025Q4,2025,0.2815
103921,2025-10-18,Dublin,Clothing,Footwear,162.67,3,0.0,53.06,2025-10,2025Q4,2025,0.3262
102557,2025-10-18,Cork,Electronics,Smart Home,227.87,2,0.0,65.7,2025-10,2025Q4,2025,0.2883
105294,2025-10-18,Dublin,Grocery,Fresh Produce,9.1,1,0.05,2.72,2025-10,2025Q4,2025,0.2989
104632,2025-10-19,Cork,Electronics,Smart Home,98.31,1,0.05,38.25,2025-10,2025Q4,2025,0.3891
106049,2025-10-19,Galway,Electronics,Smart Home,406.62,1,0.0,176.43,2025-10,2025Q4,2025,0.4339
105505,2025-10-19,Dublin,Clothing,Womenswear,82.28,3,0.0,33.44,2025-10,2025Q4,2025,0.4064
105375,2025-10-19,Cork,Clothing,Menswear,348.78,3,0.05,126.63,2025-10,2025Q4,2025,0.3631
105773,2025-10-19,Dublin,Clothing,Womenswear,92.68,1,0.0,40.59,2025-10,2025Q4,2025,0.438
105931,2025-10-19,Cork,Electronics,Smart Home,539.72,3,0.1,118.02,2025-10,2025Q4,2025,0.2187
103811,2025-10-19,Limerick,Clothing,Womenswear,77.05,1,0.0,32.07,2025-10,2025Q4,2025,0.4162
102258,2025-10-19,Limerick,Grocery,Fresh Produce,66.1,4,0.0,23.26,2025-10,2025Q4,2025,0.3519
105924,2025-10-20,Limerick,Clothing,Footwear,97.89,3,0.15,27.07,2025-10,2025Q4,2025,0.2765
100379,2025-10-20,Dublin,Homeware,Kitchenware,658.44,4,0.1,171.44,2025-10,2025Q4,2025,0.2604
105892,2025-10-20,Dublin,Clothing,Kidswear,114.68,2,0.05,33.54,2025-10,2025Q4,2025,0.2925
102001,2025-10-20,Galway,Electronics,Headphones,419.39,1,0.05,136.52,2025-10,2025Q4,2025,0.3255
101142,2025-10-20,Dublin,Homeware,Kitchenware,43.31,1,0.0,12.0,2025-10,2025Q4,2025,0.2771
103996,2025-10-20,Galway,Grocery,Beverages,106.32,4,0.2,13.55,2025-10,2025Q4,2025,0.1274
102335,2025-10-20,Dublin,Homeware,Kitchenware,277.4,1,0.15,80.53,2025-10,2025Q4,2025,0.2903
105087,2025-10-21,Cork,Homeware,Storage,264.0,2,0.15,41.06,2025-10,2025Q4,2025,0.1555
106361,2025-10-21,Galway,Clothing,Womenswear,118.24,1,0.0,41.25,2025-10,2025Q4,2025,0.3489
105631,2025-10-21,Galway,Clothing,Kidswear,180.02,2,0.15,43.63,2025-10,2025Q4,2025,0.2424
104516,2025-10-21,Dublin,Clothing,Accessories,155.34,2,0.0,67.65,2025-10,2025Q4,2025,0.4355
105556,2025-10-21,Dublin,Electronics,Laptops,413.4,4,0.0,146.28,2025-10,2025Q4,2025,0.3538
102016,2025-10-21,Cork,Homeware,Lighting,563.08,2,0.05,168.25,2025-10,2025Q4,2025,0.2988
100716,2025-10-21,Dublin,Electronics,Headphones,844.03,2,0.05,321.99,2025-10,2025Q4,2025,0.3815
100874,2025-10-21,Dublin,Clothing,Accessories,267.31,2,0.2,54.35,2025-10,2025Q4,2025,0.2033
100233,2025-10-22,Galway,Electronics,TVs,599.47,1,0.0,161.7,2025-10,2025Q4,2025,0.2697
104345,2025-10-22,Cork,Clothing,Kidswear,98.32,1,0.0,41.13,2025-10,2025Q4,2025,0.4183
100628,2025-10-22,Dublin,Homeware,Kitchenware,75.39,4,0.0,21.34,2025-10,2025Q4,2025,0.2831
104674,2025-10-22,Dublin,Homeware,Storage,647.89,2,0.15,117.24,2025-10,2025Q4,2025,0.181
100251,2025-10-22,Galway,Clothing,Kidswear,232.32,2,0.0,104.05,2025-10,2025Q4,2025,0.4479
103912,2025-10-22,Cork,Electronics,TVs,710.64,2,0.1,136.81,2025-10,2025Q4,2025,0.1925
103407,2025-10-22,Cork,Clothing,Kidswear,109.43,1,0.2,22.01,2025-10,2025Q4,2025,0.2011
104327,2025-10-22,Limerick,Grocery,Dairy,46.42,1,0.2,6.91,2025-10,2025Q4,2025,0.1489
105620,2025-10-23,Dublin,Electronics,Headphones,629.58,2,0.0,198.41,2025-10,2025Q4,2025,0.3151
105242,2025-10-23,Cork,Homeware,Bedding,64.91,1,0.0,24.54,2025-10,2025Q4,2025,0.3781
104116,2025-10-23,Cork,Grocery,Dairy,89.94,3,0.0,39.84,2025-10,2025Q4,2025,0.443
100763,2025-10-23,Dublin,Homeware,Kitchenware,809.05,4,0.2,87.8,2025-10,2025Q4,2025,0.1085
103959,2025-10-23,Cork,Grocery,Dairy,19.12,1,0.1,3.83,2025-10,2025Q4,2025,0.2003
101391,2025-10-23,Dublin,Electronics,Mobile Accessories,1667.7,3,0.0,575.86,2025-10,2025Q4,2025,0.3453
101187,2025-10-23,Dublin,Clothing,Womenswear,14.9,1,0.05,5.68,2025-10,2025Q4,2025,0.3812
106121,2025-10-23,Dublin,Electronics,TVs,383.0,2,0.0,144.1,2025-10,2025Q4,2025,0.3762
100543,2025-10-23,Dublin,Homeware,Lighting,618.01,2,0.0,220.94,2025-10,2025Q4,2025,0.3575
101954,2025-10-23,Dublin,Homeware,Bedding,258.3,1,0.15,49.62,2025-10,2025Q4,2025,0.1921
104260,2025-10-23,Dublin,Clothing,Kidswear,54.51,2,0.15,8.88,2025-10,2025Q4,2025,0.1629
101242,2025-10-23,Galway,Clothing,Kidswear,30.54,3,0.0,12.47,2025-10,2025Q4,2025,0.4083
100415,2025-10-23,Cork,Grocery,Bakery,35.87,1,0.0,10.88,2025-10,2025Q4,2025,0.3033
104256,2025-10-24,Dublin,Homeware,Furniture,466.69,2,0.1,116.07,2025-10,2025Q4,2025,0.2487
101909,2025-10-24,Cork,Electronics,TVs,683.99,2,0.0,297.65,2025-10,2025Q4,2025,0.4352
102285,2025-10-24,Cork,Grocery,Fresh Produce,51.42,2,0.0,23.03,2025-10,2025Q4,2025,0.4479
104790,2025-10-24,Galway,Homeware,Lighting,156.43,1,0.0,62.86,2025-10,2025Q4,2025,0.4018
104772,2025-10-24,Limerick,Electronics,Mobile Accessories,1292.92,2,0.0,513.36,2025-10,2025Q4,2025,0.3971
100964,2025-10-24,Cork,Grocery,Fresh Produce,5.97,1,0.0,1.16,2025-10,2025Q4,2025,0.1943
105017,2025-10-24,Dublin,Clothing,Womenswear,36.2,2,0.0,15.4,2025-10,2025Q4,2025,0.4254
106469,2025-10-24,Limerick,Electronics,TVs,513.17,1,0.1,124.64,2025-10,2025Q4,2025,0.2429
101576,2025-10-25,Dublin,Electronics,Laptops,739.16,1,0.05,196.29,2025-10,2025Q4,2025,0.2656
104375,2025-10-25,Dublin,Clothing,Kidswear,39.61,4,0.2,9.76,2025-10,2025Q4,2025,0.2464
104594,2025-10-25,Dublin,Clothing,Kidswear,93.55,1,0.0,31.55,2025-10,2025Q4,2025,0.3373
104804,2025-10-25,Galway,Electronics,Headphones,157.31,1,0.2,25.24,2025-10,2025Q4,2025,0.1604
103872,2025-10-25,Dublin,Grocery,Fresh Produce,36.62,2,0.2,3.58,2025-10,2025Q4,2025,0.0978
102120,2025-10-25,Dublin,Clothing,Accessories,51.53,1,0.0,16.71,2025-10,2025Q4,2025,0.3243
102479,2025-10-25,Dublin,Electronics,Smart Home,535.39,4,0.0,200.6,2025-10,2025Q4,2025,0.3747
100587,2025-10-25,Cork,Homeware,Kitchenware,211.74,1,0.0,75.51,2025-10,2025Q4,2025,0.3566
105445,2025-10-25,Cork,Grocery,Snacks,102.81,3,0.1,23.53,2025-10,2025Q4,2025,0.2289
100673,2025-10-25,Dublin,Electronics,Headphones,653.3,1,0.0,271.8,2025-10,2025Q4,2025,0.416
104252,2025-10-25,Dublin,Electronics,Headphones,271.17,2,0.05,61.73,2025-10,2025Q4,2025,0.2276
103879,2025-10-25,Galway,Electronics,Laptops,1167.8,2,0.0,411.64,2025-10,2025Q4,2025,0.3525
101031,2025-10-26,Dublin,Clothing,Womenswear,94.14,2,0.0,31.18,2025-10,2025Q4,2025,0.3312
105521,2025-10-26,Cork,Electronics,Headphones,375.34,4,0.1,123.55,2025-10,2025Q4,2025,0.3292
105609,2025-10-26,Limerick,Grocery,Beverages,16.86,1,0.05,3.97,2025-10,2025Q4,2025,0.2355
102936,2025-10-26,Dublin,Electronics,TVs,1385.63,2,0.0,621.57,2025-10,2025Q4,2025,0.4486
102611,2025-10-26,Limerick,Clothing,Womenswear,181.38,2,0.0,64.72,2025-10,2025Q4,2025,0.3568
102650,2025-10-26,Galway,Grocery,Beverages,33.56,4,0.1,5.89,2025-10,2025Q4,2025,0.1755
102766,2025-10-26,Dublin,Homeware,Storage,233.35,1,0.0,64.84,2025-10,2025Q4,2025,0.2779
102575,2025-10-26,Dublin,Homeware,Lighting,1031.83,3,0.0,285.5,2025-10,2025Q4,2025,0.2767
102131,2025-10-26,Cork,Grocery,Bakery,12.72,1,0.15,1.91,2025-10,2025Q4,2025,0.1502
103016,2025-10-26,Cork,Electronics,Headphones,305.97,1,0.0,108.29,2025-10,2025Q4,2025,0.3539
103147,2025-10-27,Dublin,Electronics,TVs,644.18,1,0.0,192.19,2025-10,2025Q4,2025,0.2983
102043,2025-10-27,Dublin,Electronics,Mobile Accessories,685.77,1,0.0,237.11,2025-10,2025Q4,2025,0.3458
105378,2025-10-27,Limerick,Electronics,Smart Home,601.64,2,0.2,74.17,2025-10,2025Q4,2025,0.1233
104718,2025-10-27,Galway,Electronics,Smart Home,685.46,2,0.0,155.3,2025-10,2025Q4,2025,0.2266
100017,2025-10-27,Dublin,Clothing,Menswear,41.14,1,0.0,18.34,2025-10,2025Q4,2025,0.4458
102213,2025-10-27,Galway,Clothing,Menswear,40.49,1,0.0,14.88,2025-10,2025Q4,2025,0.3675
100928,2025-10-27,Dublin,Clothing,Menswear,123.48,1,0.15,18.71,2025-10,2025Q4,2025,0.1515
101935,2025-10-28,Dublin,Homeware,Storage,596.85,2,0.2,79.67,2025-10,2025Q4,2025,0.1335
103667,2025-10-28,Dublin,Homeware,Furniture,343.23,2,0.0,91.48,2025-10,2025Q4,2025,0.2665
104351,2025-10-28,Galway,Homeware,Furniture,575.1,3,0.1,157.2,2025-10,2025Q4,2025,0.2733
105792,2025-10-28,Cork,Homeware,Bedding,56.78,1,0.2,4.57,2025-10,2025Q4,2025,0.0805
104485,2025-10-28,Limerick,Clothing,Womenswear,248.58,3,0.05,81.11,2025-10,2025Q4,2025,0.3263
100245,2025-10-28,Limerick,Homeware,Furniture,308.97,3,0.0,109.44,2025-10,2025Q4,2025,0.3542
104188,2025-10-28,Galway,Clothing,Footwear,271.71,3,0.0,105.27,2025-10,2025Q4,2025,0.3874
101062,2025-10-28,Limerick,Clothing,Menswear,109.71,1,0.0,38.4,2025-10,2025Q4,2025,0.35
105279,2025-10-28,Dublin,Homeware,Lighting,552.25,2,0.1,98.73,2025-10,2025Q4,2025,0.1788
102170,2025-10-29,Galway,Grocery,Fresh Produce,18.93,3,0.0,4.77,2025-10,2025Q4,2025,0.252
101405,2025-10-29,Galway,Clothing,Womenswear,28.7,1,0.05,6.86,2025-10,2025Q4,2025,0.239
102252,2025-10-29,Galway,Electronics,Mobile Accessories,963.86,2,0.0,391.77,2025-10,2025Q4,2025,0.4065
104274,2025-10-29,Dublin,Homeware,Storage,363.46,3,0.0,146.21,2025-10,2025Q4,2025,0.4023
100350,2025-10-29,Dublin,Homeware,Storage,266.79,1,0.2,20.95,2025-10,2025Q4,2025,0.0785
104348,2025-10-29,Dublin,Grocery,Beverages,11.09,2,0.15,1.44,2025-10,2025Q4,2025,0.1298
105075,2025-10-29,Dublin,Clothing,Accessories,161.6,2,0.1,50.79,2025-10,2025Q4,2025,0.3143
100346,2025-10-29,Dublin,Electronics,Headphones,369.51,1,0.15,98.05,2025-10,2025Q4,2025,0.2654
105570,2025-10-29,Dublin,Electronics,TVs,676.73,1,0.15,107.04,2025-10,2025Q4,2025,0.1582
104138,2025-10-29,Galway,Clothing,Footwear,13.2,1,0.2,2.57,2025-10,2025Q4,2025,0.1947
105229,2025-10-29,Dublin,Homeware,Storage,173.7,1,0.05,50.41,2025-10,2025Q4,2025,0.2902
104929,2025-10-29,Cork,Grocery,Dairy,25.27,1,0.0,7.44,2025-10,2025Q4,2025,0.2944
106303,2025-10-29,Galway,Grocery,Beverages,77.08,4,0.1,22.94,2025-10,2025Q4,2025,0.2976
102057,2025-10-30,Dublin,Clothing,Womenswear,40.57,4,0.0,17.72,2025-10,2025Q4,2025,0.4368
103184,2025-10-30,Dublin,Electronics,Smart Home,141.17,2,0.0,62.64,2025-10,2025Q4,2025,0.4437
105697,2025-10-30,Dublin,Clothing,Footwear,327.06,4,0.0,110.77,2025-10,2025Q4,2025,0.3387
103772,2025-10-30,Dublin,Electronics,TVs,170.03,1,0.0,53.03,2025-10,2025Q4,2025,0.3119
104838,2025-10-30,Dublin,Homeware,Bedding,188.13,1,0.0,79.09,2025-10,2025Q4,2025,0.4204
104028,2025-10-30,Dublin,Homeware,Furniture,598.51,2,0.1,132.98,2025-10,2025Q4,2025,0.2222
103109,2025-10-30,Cork,Homeware,Kitchenware,997.6,4,0.0,257.59,2025-10,2025Q4,2025,0.2582
102992,2025-10-31,Galway,Grocery,Beverages,58.74,3,0.15,14.65,2025-10,2025Q4,2025,0.2494
104972,2025-10-31,Galway,Homeware,Kitchenware,158.36,2,0.15,38.77,2025-10,2025Q4,2025,0.2448
105538,2025-10-31,Galway,Grocery,Fresh Produce,79.3,2,0.0,30.19,2025-10,2025Q4,2025,0.3807
102967,2025-10-31,Cork,Electronics,Laptops,731.84,3,0.0,200.94,2025-10,2025Q4,2025,0.2746
103868,2025-10-31,Cork,Grocery,Beverages,14.63,1,0.0,5.39,2025-10,2025Q4,2025,0.3684
101484,2025-10-31,Limerick,Electronics,TVs,834.88,4,0.1,200.1,2025-10,2025Q4,2025,0.2397
100970,2025-10-31,Dublin,Homeware,Storage,551.07,3,0.1,121.08,2025-10,2025Q4,2025,0.2197
104317,2025-10-31,Galway,Electronics,Mobile Accessories,274.14,3,0.0,84.48,2025-10,2025Q4,2025,0.3082
104531,2025-10-31,Cork,Electronics,Headphones,169.12,1,0.05,49.58,2025-10,2025Q4,2025,0.2932
102793,2025-10-31,Cork,Electronics,Smart Home,77.53,1,0.05,28.73,2025-10,2025Q4,2025,0.3706
105414,2025-10-31,Cork,Clothing,Menswear,78.2,4,0.0,29.34,2025-10,2025Q4,2025,0.3752
102555,2025-11-01,Dublin,Homeware,Lighting,447.66,1,0.1,142.45,2025-11,2025Q4,2025,0.3182
105161,2025-11-01,Cork,Clothing,Accessories,86.2,1,0.15,10.8,2025-11,2025Q4,2025,0.1253
100929,2025-11-01,Galway,Homeware,Lighting,389.76,1,0.1,88.16,2025-11,2025Q4,2025,0.2262
106488,2025-11-01,Limerick,Electronics,Smart Home,648.4,1,0.2,115.07,2025-11,2025Q4,2025,0.1775
104344,2025-11-01,Galway,Homeware,Storage,689.92,4,0.0,247.97,2025-11,2025Q4,2025,0.3594
104933,2025-11-01,Galway,Homeware,Kitchenware,337.48,1,0.0,144.88,2025-11,2025Q4,2025,0.4293
102939,2025-11-01,Galway,Grocery,Snacks,94.14,2,0.0,27.98,2025-11,2025Q4,2025,0.2972
100354,2025-11-01,Dublin,Grocery,Bakery,48.75,1,0.05,11.82,2025-11,2025Q4,2025,0.2425
106325,2025-11-01,Cork,Clothing,Accessories,93.84,1,0.1,14.61,2025-11,2025Q4,2025,0.1557
105722,2025-11-01,Dublin,Homeware,Kitchenware,26.54,1,0.0,9.83,2025-11,2025Q4,2025,0.3704
100009,2025-11-02,Cork,Clothing,Womenswear,52.74,1,0.15,9.9,2025-11,2025Q4,2025,0.1877
104995,2025-11-02,Limerick,Grocery,Beverages,15.37,1,0.0,6.34,2025-11,2025Q4,2025,0.4125
101683,2025-11-02,Cork,Homeware,Kitchenware,146.29,1,0.0,48.96,2025-11,2025Q4,2025,0.3347
105486,2025-11-02,Dublin,Homeware,Kitchenware,676.75,2,0.0,273.04,2025-11,2025Q4,2025,0.4035
104518,2025-11-02,Dublin,Electronics,Mobile Accessories,812.44,1,0.05,221.35,2025-11,2025Q4,2025,0.2725
100849,2025-11-02,Dublin,Clothing,Footwear,127.28,2,0.15,27.15,2025-11,2025Q4,2025,0.2133
100586,2025-11-03,Limerick,Homeware,Storage,819.17,3,0.0,354.47,2025-11,2025Q4,2025,0.4327
106117,2025-11-03,Dublin,Grocery,Snacks,98.02,4,0.05,26.44,2025-11,2025Q4,2025,0.2697
105528,2025-11-03,Limerick,Grocery,Dairy,124.59,2,0.2,8.79,2025-11,2025Q4,2025,0.0706
102516,2025-11-03,Dublin,Homeware,Lighting,687.47,2,0.0,294.69,2025-11,2025Q4,2025,0.4287
101811,2025-11-03,Dublin,Homeware,Lighting,53.85,1,0.15,12.25,2025-11,2025Q4,2025,0.2275
101131,2025-11-03,Dublin,Electronics,Mobile Accessories,377.71,1,0.0,121.9,2025-11,2025Q4,2025,0.3227
105951,2025-11-03,Dublin,Clothing,Kidswear,178.65,2,0.0,49.07,2025-11,2025Q4,2025,0.2747
104977,2025-11-03,Dublin,Grocery,Beverages,44.08,1,0.05,16.29,2025-11,2025Q4,2025,0.3696
104016,2025-11-03,Cork,Clothing,Accessories,474.05,3,0.2,94.98,2025-11,2025Q4,2025,0.2004
105159,2025-11-04,Dublin,Clothing,Footwear,26.63,2,0.0,7.69,2025-11,2025Q4,2025,0.2888
100715,2025-11-04,Dublin,Electronics,TVs,997.09,1,0.15,99.74,2025-11,2025Q4,2025,0.1
103358,2025-11-04,Galway,Grocery,Bakery,3.93,1,0.0,1.27,2025-11,2025Q4,2025,0.3232
103051,2025-11-04,Limerick,Clothing,Accessories,332.73,3,0.05,67.43,2025-11,2025Q4,2025,0.2027
104904,2025-11-05,Limerick,Clothing,Kidswear,69.76,3,0.0,23.26,2025-11,2025Q4,2025,0.3334
105985,2025-11-05,Galway,Clothing,Womenswear,19.32,2,0.15,3.36,2025-11,2025Q4,2025,0.1739
100097,2025-11-05,Dublin,Electronics,TVs,3642.91,4,0.15,383.52,2025-11,2025Q4,2025,0.1053
103986,2025-11-05,Dublin,Electronics,Mobile Accessories,79.6,1,0.15,10.74,2025-11,2025Q4,2025,0.1349
101182,2025-11-05,Dublin,Homeware,Furniture,159.68,1,0.0,44.46,2025-11,2025Q4,2025,0.2784
101740,2025-11-05,Galway,Clothing,Womenswear,57.12,1,0.1,9.41,2025-11,2025Q4,2025,0.1647
102862,2025-11-05,Limerick,Grocery,Bakery,44.3,1,0.05,12.23,2025-11,2025Q4,2025,0.2761
100892,2025-11-05,Limerick,Homeware,Storage,296.25,1,0.1,77.19,2025-11,2025Q4,2025,0.2606
100099,2025-11-06,Galway,Homeware,Kitchenware,1142.36,3,0.0,443.48,2025-11,2025Q4,2025,0.3882
101025,2025-11-06,Cork,Homeware,Kitchenware,89.01,2,0.0,36.27,2025-11,2025Q4,2025,0.4075
100437,2025-11-06,Dublin,Homeware,Lighting,381.73,1,0.0,155.41,2025-11,2025Q4,2025,0.4071
102451,2025-11-06,Dublin,Homeware,Bedding,273.93,1,0.0,92.8,2025-11,2025Q4,2025,0.3388
105750,2025-11-06,Limerick,Electronics,Smart Home,2405.84,3,0.0,1056.46,2025-11,2025Q4,2025,0.4391
104008,2025-11-06,Galway,Electronics,Laptops,3402.11,4,0.05,981.37,2025-11,2025Q4,2025,0.2885
103011,2025-11-07,Limerick,Homeware,Lighting,750.51,2,0.0,310.15,2025-11,2025Q4,2025,0.4133
103809,2025-11-07,Dublin,Clothing,Womenswear,118.47,1,0.0,43.11,2025-11,2025Q4,2025,0.3639
103647,2025-11-07,Cork,Grocery,Beverages,31.68,1,0.0,10.82,2025-11,2025Q4,2025,0.3415
101129,2025-11-07,Dublin,Clothing,Womenswear,304.77,2,0.2,27.14,2025-11,2025Q4,2025,0.0891
102981,2025-11-07,Galway,Homeware,Kitchenware,585.42,4,0.0,197.46,2025-11,2025Q4,2025,0.3373
100213,2025-11-07,Dublin,Electronics,Laptops,247.62,1,0.1,85.0,2025-11,2025Q4,2025,0.3433
101265,2025-11-07,Dublin,Clothing,Womenswear,88.47,1,0.1,13.88,2025-11,2025Q4,2025,0.1569
104866,2025-11-08,Dublin,Grocery,Snacks,13.2,3,0.0,4.59,2025-11,2025Q4,2025,0.3477
101581,2025-11-08,Dublin,Grocery,Bakery,102.52,2,0.15,29.9,2025-11,2025Q4,2025,0.2917
103931,2025-11-08,Cork,Homeware,Storage,269.61,2,0.2,46.59,2025-11,2025Q4,2025,0.1728
101865,2025-11-09,Dublin,Clothing,Womenswear,25.87,1,0.05,9.65,2025-11,2025Q4,2025,0.373
102182,2025-11-09,Limerick,Grocery,Beverages,41.62,1,0.0,14.55,2025-11,2025Q4,2025,0.3496
102759,2025-11-09,Cork,Grocery,Snacks,26.47,1,0.05,6.46,2025-11,2025Q4,2025,0.244
100030,2025-11-10,Dublin,Homeware,Furniture,69.99,1,0.15,13.25,2025-11,2025Q4,2025,0.1893
100679,2025-11-10,Cork,Homeware,Lighting,354.68,2,0.1,88.67,2025-11,2025Q4,2025,0.25
106184,2025-11-10,Limerick,Clothing,Accessories,127.4,1,0.05,27.82,2025-11,2025Q4,2025,0.2184
101302,2025-11-10,Dublin,Grocery,Bakery,94.02,2,0.0,34.85,2025-11,2025Q4,2025,0.3707
103347,2025-11-10,Dublin,Grocery,Snacks,53.11,1,0.2,7.23,2025-11,2025Q4,2025,0.1361
102228,2025-11-10,Dublin,Grocery,Bakery,31.92,1,0.15,6.21,2025-11,2025Q4,2025,0.1945
100510,2025-11-10,Cork,Grocery,Bakery,5.99,1,0.2,0.66,2025-11,2025Q4,2025,0.1102
102763,2025-11-10,Dublin,Electronics,Mobile Accessories,1375.46,2,0.05,313.93,2025-11,2025Q4,2025,0.2282
102569,2025-11-10,Limerick,Grocery,Snacks,93.31,2,0.0,41.06,2025-11,2025Q4,2025,0.44
101039,2025-11-10,Cork,Grocery,Snacks,3.53,1,0.0,1.09,2025-11,2025Q4,2025,0.3088
104819,2025-11-10,Cork,Electronics,Mobile Accessories,156.54,1,0.2,30.22,2025-11,2025Q4,2025,0.193
103691,2025-11-10,Limerick,Grocery,Dairy,134.64,4,0.05,45.03,2025-11,2025Q4,2025,0.3344
102764,2025-11-10,Dublin,Grocery,Dairy,32.81,1,0.0,8.58,2025-11,2025Q4,2025,0.2615
103325,2025-11-10,Dublin,Clothing,Kidswear,267.9,4,0.2,42.76,2025-11,2025Q4,2025,0.1596
101934,2025-11-10,Cork,Clothing,Accessories,382.37,3,0.2,45.27,2025-11,2025Q4,2025,0.1184
100287,2025-11-10,Galway,Electronics,Mobile Accessories,1385.01,3,0.2,280.15,2025-11,2025Q4,2025,0.2023
106421,2025-11-11,Dublin,Electronics,Headphones,1560.86,4,0.0,474.0,2025-11,2025Q4,2025,0.3037
104617,2025-11-11,Dublin,Grocery,Beverages,122.68,2,0.0,42.71,2025-11,2025Q4,2025,0.3481
104691,2025-11-11,Limerick,Homeware,Storage,434.49,3,0.1,130.54,2025-11,2025Q4,2025,0.3004
101045,2025-11-11,Dublin,Clothing,Kidswear,24.54,1,0.0,8.82,2025-11,2025Q4,2025,0.3594
101961,2025-11-11,Galway,Clothing,Womenswear,159.1,2,0.15,24.81,2025-11,2025Q4,2025,0.1559
101439,2025-11-11,Dublin,Clothing,Accessories,178.65,1,0.0,79.53,2025-11,2025Q4,2025,0.4452
105587,2025-11-11,Dublin,Grocery,Beverages,62.6,1,0.15,15.49,2025-11,2025Q4,2025,0.2474
104035,2025-11-11,Dublin,Clothing,Menswear,299.6,3,0.0,75.8,2025-11,2025Q4,2025,0.253
103738,2025-11-11,Limerick,Electronics,Headphones,608.87,1,0.1,120.3,2025-11,2025Q4,2025,0.1976
102792,2025-11-11,Cork,Electronics,TVs,266.84,2,0.05,99.03,2025-11,2025Q4,2025,0.3711
104170,2025-11-11,Galway,Grocery,Dairy,25.87,2,0.0,9.5,2025-11,2025Q4,2025,0.3672
102894,2025-11-12,Cork,Homeware,Storage,715.46,2,0.15,149.07,2025-11,2025Q4,2025,0.2084
102671,2025-11-12,Dublin,Grocery,Dairy,115.05,2,0.1,28.37,2025-11,2025Q4,2025,0.2466
104154,2025-11-12,Dublin,Grocery,Snacks,58.35,1,0.0,25.46,2025-11,2025Q4,2025,0.4363
105630,2025-11-12,Cork,Grocery,Snacks,85.34,2,0.0,25.61,2025-11,2025Q4,2025,0.3001
101151,2025-11-12,Dublin,Clothing,Kidswear,59.92,2,0.05,16.84,2025-11,2025Q4,2025,0.281
100865,2025-11-12,Dublin,Electronics,Mobile Accessories,3675.11,4,0.0,1651.53,2025-11,2025Q4,2025,0.4494
103341,2025-11-12,Galway,Homeware,Storage,483.14,2,0.1,152.71,2025-11,2025Q4,2025,0.3161
100080,2025-11-12,Cork,Clothing,Accessories,16.95,1,0.0,6.77,2025-11,2025Q4,2025,0.3994
104640,2025-11-12,Limerick,Homeware,Bedding,549.89,2,0.0,235.03,2025-11,2025Q4,2025,0.4274
100873,2025-11-12,Dublin,Clothing,Menswear,156.33,1,0.2,32.08,2025-11,2025Q4,2025,0.2052
100413,2025-11-12,Cork,Grocery,Beverages,53.8,1,0.0,20.84,2025-11,2025Q4,2025,0.3874
101442,2025-11-12,Dublin,Electronics,Mobile Accessories,926.14,1,0.0,246.22,2025-11,2025Q4,2025,0.2659
100472,2025-11-12,Galway,Grocery,Dairy,91.64,2,0.0,25.6,2025-11,2025Q4,2025,0.2794
100918,2025-11-13,Dublin,Clothing,Kidswear,68.59,2,0.1,17.21,2025-11,2025Q4,2025,0.2509
105776,2025-11-13,Dublin,Clothing,Menswear,74.7,4,0.15,15.33,2025-11,2025Q4,2025,0.2052
102946,2025-11-13,Dublin,Homeware,Bedding,472.5,1,0.2,33.1,2025-11,2025Q4,2025,0.0701
105675,2025-11-13,Dublin,Electronics,Headphones,745.69,1,0.0,325.45,2025-11,2025Q4,2025,0.4364
103909,2025-11-14,Dublin,Grocery,Dairy,50.44,1,0.0,16.01,2025-11,2025Q4,2025,0.3174
100950,2025-11-14,Galway,Grocery,Beverages,49.38,1,0.05,13.22,2025-11,2025Q4,2025,0.2677
105451,2025-11-14,Galway,Homeware,Kitchenware,731.64,4,0.2,99.83,2025-11,2025Q4,2025,0.1364
106104,2025-11-14,Dublin,Electronics,Headphones,1177.46,2,0.0,392.9,2025-11,2025Q4,2025,0.3337
106442,2025-11-14,Cork,Clothing,Kidswear,71.09,2,0.2,4.78,2025-11,2025Q4,2025,0.0672
101353,2025-11-14,Dublin,Homeware,Lighting,1138.4,4,0.0,477.97,2025-11,2025Q4,2025,0.4199
104537,2025-11-14,Cork,Homeware,Bedding,314.33,3,0.0,110.79,2025-11,2025Q4,2025,0.3525
103215,2025-11-14,Galway,Homeware,Storage,356.57,1,0.0,156.23,2025-11,2025Q4,2025,0.4381
104749,2025-11-14,Cork,Electronics,Laptops,264.08,4,0.05,58.01,2025-11,2025Q4,2025,0.2197
101553,2025-11-15,Limerick,Homeware,Lighting,410.84,1,0.0,106.11,2025-11,2025Q4,2025,0.2583
102112,2025-11-15,Cork,Grocery,Bakery,41.5,2,0.2,7.99,2025-11,2025Q4,2025,0.1925
103393,2025-11-15,Galway,Clothing,Footwear,561.18,4,0.05,136.38,2025-11,2025Q4,2025,0.243
103945,2025-11-15,Dublin,Clothing,Womenswear,41.73,3,0.0,12.37,2025-11,2025Q4,2025,0.2964
105964,2025-11-15,Limerick,Grocery,Fresh Produce,123.01,2,0.15,18.36,2025-11,2025Q4,2025,0.1493
102417,2025-11-15,Cork,Clothing,Menswear,145.74,2,0.0,56.95,2025-11,2025Q4,2025,0.3908
100889,2025-11-15,Limerick,Homeware,Kitchenware,504.53,2,0.05,174.19,2025-11,2025Q4,2025,0.3453
103058,2025-11-16,Dublin,Electronics,Headphones,2055.13,2,0.1,389.11,2025-11,2025Q4,2025,0.1893
102537,2025-11-16,Dublin,Clothing,Kidswear,482.74,4,0.1,80.28,2025-11,2025Q4,2025,0.1663
101781,2025-11-16,Dublin,Electronics,Laptops,1160.46,2,0.1,252.73,2025-11,2025Q4,2025,0.2178
104585,2025-11-16,Cork,Electronics,TVs,258.9,4,0.15,74.73,2025-11,2025Q4,2025,0.2886
101670,2025-11-16,Dublin,Grocery,Dairy,29.03,1,0.2,2.22,2025-11,2025Q4,2025,0.0765
105733,2025-11-16,Dublin,Clothing,Menswear,67.43,2,0.2,10.11,2025-11,2025Q4,2025,0.1499
103583,2025-11-16,Cork,Homeware,Furniture,299.26,1,0.0,89.39,2025-11,2025Q4,2025,0.2987
102219,2025-11-17,Cork,Homeware,Bedding,1051.05,3,0.05,408.08,2025-11,2025Q4,2025,0.3883
105808,2025-11-17,Galway,Electronics,Laptops,548.04,2,0.15,140.46,2025-11,2025Q4,2025,0.2563
101715,2025-11-17,Dublin,Electronics,Laptops,2546.83,4,0.15,708.94,2025-11,2025Q4,2025,0.2784
105061,2025-11-17,Dublin,Homeware,Kitchenware,470.49,1,0.0,51.77,2025-11,2025Q4,2025,0.11
100656,2025-11-17,Dublin,Electronics,Laptops,891.39,1,0.1,249.97,2025-11,2025Q4,2025,0.2804
102025,2025-11-17,Cork,Clothing,Accessories,69.33,1,0.1,11.64,2025-11,2025Q4,2025,0.1679
101737,2025-11-17,Limerick,Clothing,Menswear,106.18,2,0.0,42.91,2025-11,2025Q4,2025,0.4041
103359,2025-11-17,Limerick,Electronics,Mobile Accessories,1178.23,3,0.0,474.72,2025-11,2025Q4,2025,0.4029
103997,2025-11-18,Cork,Electronics,Headphones,144.31,1,0.1,24.33,2025-11,2025Q4,2025,0.1686
103179,2025-11-18,Galway,Clothing,Footwear,46.19,1,0.05,14.62,2025-11,2025Q4,2025,0.3165
100691,2025-11-18,Dublin,Clothing,Kidswear,384.27,3,0.0,103.51,2025-11,2025Q4,2025,0.2694
102505,2025-11-18,Dublin,Clothing,Womenswear,13.67,1,0.0,3.74,2025-11,2025Q4,2025,0.2736
101419,2025-11-19,Galway,Clothing,Accessories,150.3,2,0.0,49.53,2025-11,2025Q4,2025,0.3295
104944,2025-11-19,Galway,Grocery,Snacks,219.52,4,0.0,59.36,2025-11,2025Q4,2025,0.2704
101622,2025-11-19,Galway,Homeware,Bedding,341.74,1,0.1,96.59,2025-11,2025Q4,2025,0.2826
104332,2025-11-19,Limerick,Electronics,Laptops,2318.96,4,0.0,587.78,2025-11,2025Q4,2025,0.2535
101913,2025-11-19,Galway,Grocery,Bakery,15.2,1,0.0,6.36,2025-11,2025Q4,2025,0.4184
102610,2025-11-19,Dublin,Electronics,Smart Home,1055.58,4,0.0,424.86,2025-11,2025Q4,2025,0.4025
105569,2025-11-20,Dublin,Homeware,Furniture,62.98,1,0.1,15.74,2025-11,2025Q4,2025,0.2499
103592,2025-11-20,Dublin,Electronics,Headphones,44.13,1,0.2,8.81,2025-11,2025Q4,2025,0.1996
102599,2025-11-20,Limerick,Homeware,Lighting,380.72,1,0.2,90.29,2025-11,2025Q4,2025,0.2372
104946,2025-11-20,Cork,Grocery,Beverages,89.88,4,0.1,20.7,2025-11,2025Q4,2025,0.2303
105885,2025-11-20,Dublin,Homeware,Lighting,161.21,1,0.15,38.64,2025-11,2025Q4,2025,0.2397
106367,2025-11-20,Cork,Electronics,Mobile Accessories,900.47,2,0.0,267.51,2025-11,2025Q4,2025,0.2971
100292,2025-11-21,Galway,Homeware,Storage,60.14,4,0.2,14.89,2025-11,2025Q4,2025,0.2476
101192,2025-11-21,Dublin,Electronics,Mobile Accessories,2983.15,3,0.1,890.27,2025-11,2025Q4,2025,0.2984
102660,2025-11-21,Cork,Homeware,Bedding,236.96,2,0.0,101.77,2025-11,2025Q4,2025,0.4295
103225,2025-11-21,Galway,Grocery,Snacks,48.83,2,0.1,16.25,2025-11,2025Q4,2025,0.3328
106051,2025-11-21,Cork,Electronics,Smart Home,341.75,1,0.1,63.81,2025-11,2025Q4,2025,0.1867
106331,2025-11-21,Galway,Electronics,TVs,1412.6,2,0.1,233.11,2025-11,2025Q4,2025,0.165
105282,2025-11-21,Dublin,Electronics,Mobile Accessories,666.89,1,0.05,221.2,2025-11,2025Q4,2025,0.3317
105319,2025-11-21,Dublin,Homeware,Lighting,393.77,1,0.2,93.86,2025-11,2025Q4,2025,0.2384
104308,2025-11-21,Dublin,Grocery,Snacks,60.66,2,0.1,16.53,2025-11,2025Q4,2025,0.2725
102683,2025-11-22,Dublin,Homeware,Lighting,260.98,2,0.05,76.3,2025-11,2025Q4,2025,0.2924
104639,2025-11-22,Dublin,Homeware,Storage,1383.38,4,0.15,236.8,2025-11,2025Q4,2025,0.1712
100793,2025-11-22,Galway,Clothing,Accessories,62.66,1,0.0,26.91,2025-11,2025Q4,2025,0.4295
105655,2025-11-22,Dublin,Clothing,Accessories,434.31,3,0.2,68.75,2025-11,2025Q4,2025,0.1583
100813,2025-11-22,Dublin,Grocery,Beverages,29.75,2,0.0,7.45,2025-11,2025Q4,2025,0.2504
105438,2025-11-22,Dublin,Homeware,Kitchenware,1391.72,3,0.0,449.98,2025-11,2025Q4,2025,0.3233
102617,2025-11-22,Cork,Clothing,Womenswear,143.92,1,0.1,40.17,2025-11,2025Q4,2025,0.2791
102183,2025-11-22,Dublin,Electronics,TVs,221.71,1,0.0,65.55,2025-11,2025Q4,2025,0.2957
100554,2025-11-22,Dublin,Clothing,Menswear,56.83,2,0.0,17.56,2025-11,2025Q4,2025,0.309
105849,2025-11-23,Cork,Homeware,Bedding,124.04,4,0.0,31.12,2025-11,2025Q4,2025,0.2509
104653,2025-11-23,Galway,Clothing,Accessories,50.01,1,0.1,8.36,2025-11,2025Q4,2025,0.1672
105248,2025-11-23,Galway,Grocery,Snacks,36.29,2,0.1,7.53,2025-11,2025Q4,2025,0.2075
104405,2025-11-23,Limerick,Electronics,TVs,618.44,1,0.0,227.7,2025-11,2025Q4,2025,0.3682
105110,2025-11-23,Limerick,Homeware,Furniture,153.13,1,0.05,48.29,2025-11,2025Q4,2025,0.3154
102941,2025-11-23,Limerick,Clothing,Womenswear,219.38,2,0.2,15.31,2025-11,2025Q4,2025,0.0698
104725,2025-11-23,Cork,Homeware,Furniture,1171.34,3,0.05,274.33,2025-11,2025Q4,2025,0.2342
103684,2025-11-23,Cork,Clothing,Menswear,153.38,1,0.2,35.83,2025-11,2025Q4,2025,0.2336
104988,2025-11-24,Dublin,Electronics,Laptops,330.02,1,0.0,133.36,2025-11,2025Q4,2025,0.4041
105746,2025-11-24,Limerick,Clothing,Accessories,71.37,1,0.0,29.76,2025-11,2025Q4,2025,0.417
103699,2025-11-24,Dublin,Grocery,Beverages,40.86,2,0.15,9.8,2025-11,2025Q4,2025,0.2398
105686,2025-11-24,Galway,Clothing,Menswear,82.64,1,0.05,17.76,2025-11,2025Q4,2025,0.2149
102706,2025-11-24,Galway,Electronics,Laptops,1769.46,2,0.05,590.9,2025-11,2025Q4,2025,0.3339
103788,2025-11-24,Galway,Homeware,Lighting,50.01,1,0.15,9.75,2025-11,2025Q4,2025,0.195
100371,2025-11-24,Dublin,Electronics,Headphones,896.82,1,0.0,250.75,2025-11,2025Q4,2025,0.2796
105238,2025-11-24,Cork,Clothing,Kidswear,33.95,1,0.15,7.61,2025-11,2025Q4,2025,0.2242
103177,2025-11-24,Dublin,Grocery,Fresh Produce,17.77,1,0.1,4.41,2025-11,2025Q4,2025,0.2482
100903,2025-11-25,Limerick,Clothing,Footwear,104.08,1,0.0,32.54,2025-11,2025Q4,2025,0.3126
100636,2025-11-25,Cork,Grocery,Fresh Produce,96.66,4,0.0,34.88,2025-11,2025Q4,2025,0.3609
100582,2025-11-25,Dublin,Electronics,Headphones,2891.09,3,0.0,748.11,2025-11,2025Q4,2025,0.2588
100784,2025-11-25,Dublin,Grocery,Dairy,57.25,1,0.05,15.56,2025-11,2025Q4,2025,0.2718
103994,2025-11-25,Dublin,Clothing,Womenswear,228.59,2,0.0,80.59,2025-11,2025Q4,2025,0.3526
104612,2025-11-25,Cork,Homeware,Furniture,360.91,1,0.05,134.93,2025-11,2025Q4,2025,0.3739
100768,2025-11-25,Dublin,Grocery,Bakery,4.88,1,0.0,1.82,2025-11,2025Q4,2025,0.373
100666,2025-11-25,Dublin,Homeware,Lighting,298.38,1,0.0,116.2,2025-11,2025Q4,2025,0.3894
100882,2025-11-25,Cork,Grocery,Snacks,47.21,2,0.15,11.49,2025-11,2025Q4,2025,0.2434
100376,2025-11-25,Cork,Homeware,Furniture,674.27,3,0.15,118.91,2025-11,2025Q4,2025,0.1764
102855,2025-11-26,Dublin,Clothing,Womenswear,97.47,3,0.0,29.2,2025-11,2025Q4,2025,0.2996
102595,2025-11-26,Dublin,Homeware,Bedding,66.09,1,0.0,23.51,2025-11,2025Q4,2025,0.3557
101998,2025-11-26,Dublin,Clothing,Footwear,124.94,4,0.2,16.33,2025-11,2025Q4,2025,0.1307
101067,2025-11-26,Cork,Homeware,Bedding,56.81,1,0.15,6.9,2025-11,2025Q4,2025,0.1215
106450,2025-11-26,Galway,Clothing,Womenswear,137.98,2,0.2,21.88,2025-11,2025Q4,2025,0.1586
100038,2025-11-26,Limerick,Grocery,Fresh Produce,10.72,1,0.0,3.58,2025-11,2025Q4,2025,0.334
100662,2025-11-26,Dublin,Electronics,Smart Home,1433.09,2,0.05,423.43,2025-11,2025Q4,2025,0.2955
105586,2025-11-26,Dublin,Grocery,Beverages,124.03,4,0.15,17.45,2025-11,2025Q4,2025,0.1407
100269,2025-11-26,Galway,Homeware,Lighting,387.02,1,0.2,45.99,2025-11,2025Q4,2025,0.1188
101883,2025-11-26,Cork,Electronics,Smart Home,112.61,1,0.0,13.56,2025-11,2025Q4,2025,0.1204
102275,2025-11-26,Galway,Electronics,TVs,3076.81,4,0.15,535.86,2025-11,2025Q4,2025,0.1742
106290,2025-11-26,Galway,Electronics,Headphones,351.67,1,0.0,142.14,2025-11,2025Q4,2025,0.4042
104282,2025-11-26,Galway,Homeware,Storage,770.56,2,0.15,93.96,2025-11,2025Q4,2025,0.1219
105632,2025-11-26,Cork,Homeware,Lighting,267.55,1,0.15,63.23,2025-11,2025Q4,2025,0.2363
102503,2025-11-27,Galway,Homeware,Bedding,277.16,3,0.15,34.32,2025-11,2025Q4,2025,0.1238
103990,2025-11-27,Galway,Electronics,Mobile Accessories,1772.44,3,0.05,365.4,2025-11,2025Q4,2025,0.2062
100011,2025-11-27,Cork,Electronics,Smart Home,405.81,2,0.1,101.45,2025-11,2025Q4,2025,0.25
103039,2025-11-27,Limerick,Electronics,Laptops,974.23,4,0.1,191.47,2025-11,2025Q4,2025,0.1965
102621,2025-11-27,Dublin,Clothing,Footwear,460.11,3,0.0,191.03,2025-11,2025Q4,2025,0.4152
103618,2025-11-27,Limerick,Grocery,Fresh Produce,73.15,2,0.1,15.26,2025-11,2025Q4,2025,0.2086
105122,2025-11-27,Cork,Grocery,Beverages,47.85,1,0.2,4.93,2025-11,2025Q4,2025,0.103
105938,2025-11-27,Limerick,Clothing,Menswear,124.52,1,0.0,44.37,2025-11,2025Q4,2025,0.3563
100774,2025-11-27,Dublin,Grocery,Bakery,78.05,2,0.0,34.41,2025-11,2025Q4,2025,0.4409
100205,2025-11-27,Galway,Electronics,TVs,1277.72,3,0.0,555.02,2025-11,2025Q4,2025,0.4344
100190,2025-11-28,Cork,Grocery,Dairy,28.56,1,0.0,9.66,2025-11,2025Q4,2025,0.3382
102295,2025-11-28,Dublin,Clothing,Womenswear,406.15,3,0.0,148.39,2025-11,2025Q4,2025,0.3654
101558,2025-11-28,Limerick,Clothing,Womenswear,45.81,1,0.0,17.22,2025-11,2025Q4,2025,0.3759
104498,2025-11-28,Dublin,Grocery,Beverages,182.09,3,0.05,43.01,2025-11,2025Q4,2025,0.2362
102270,2025-11-28,Dublin,Clothing,Footwear,606.13,4,0.15,93.18,2025-11,2025Q4,2025,0.1537
102348,2025-11-28,Dublin,Electronics,TVs,3877.4,4,0.2,899.3,2025-11,2025Q4,2025,0.2319
106412,2025-11-28,Galway,Electronics,Laptops,139.16,2,0.2,31.98,2025-11,2025Q4,2025,0.2298
103237,2025-11-28,Galway,Clothing,Footwear,207.96,2,0.0,64.92,2025-11,2025Q4,2025,0.3122
101880,2025-11-28,Limerick,Electronics,TVs,1799.74,3,0.0,631.46,2025-11,2025Q4,2025,0.3509
104856,2025-11-29,Dublin,Clothing,Kidswear,93.94,1,0.05,22.02,2025-11,2025Q4,2025,0.2344
101174,2025-11-29,Galway,Homeware,Furniture,596.12,2,0.1,109.7,2025-11,2025Q4,2025,0.184
103862,2025-11-29,Dublin,Electronics,Smart Home,738.3,1,0.0,227.39,2025-11,2025Q4,2025,0.308
100167,2025-11-29,Limerick,Grocery,Beverages,97.31,2,0.1,28.41,2025-11,2025Q4,2025,0.292
100776,2025-11-29,Limerick,Grocery,Snacks,62.34,3,0.0,23.79,2025-11,2025Q4,2025,0.3816
104319,2025-11-29,Galway,Electronics,Mobile Accessories,483.84,4,0.0,158.1,2025-11,2025Q4,2025,0.3268
106274,2025-11-29,Limerick,Homeware,Furniture,165.97,1,0.0,62.54,2025-11,2025Q4,2025,0.3768
104129,2025-11-30,Galway,Clothing,Accessories,139.31,1,0.2,18.72,2025-11,2025Q4,2025,0.1344
104582,2025-11-30,Dublin,Clothing,Menswear,13.72,1,0.0,4.6,2025-11,2025Q4,2025,0.3353
105421,2025-11-30,Cork,Clothing,Kidswear,137.38,3,0.15,34.63,2025-11,2025Q4,2025,0.2521
103586,2025-11-30,Dublin,Homeware,Storage,363.92,1,0.1,107.99,2025-11,2025Q4,2025,0.2967
102492,2025-11-30,Cork,Grocery,Dairy,6.61,1,0.0,1.76,2025-11,2025Q4,2025,0.2663
101320,2025-11-30,Limerick,Grocery,Dairy,29.3,2,0.15,3.83,2025-11,2025Q4,2025,0.1307
101322,2025-11-30,Dublin,Homeware,Kitchenware,496.91,2,0.0,124.49,2025-11,2025Q4,2025,0.2505
103983,2025-11-30,Limerick,Homeware,Lighting,1320.09,4,0.1,216.79,2025-11,2025Q4,2025,0.1642
101891,2025-11-30,Dublin,Homeware,Bedding,284.97,3,0.15,41.56,2025-11,2025Q4,2025,0.1458
102798,2025-11-30,Dublin,Electronics,Mobile Accessories,602.4,1,0.0,223.24,2025-11,2025Q4,2025,0.3706
101375,2025-11-30,Dublin,Homeware,Kitchenware,89.74,2,0.0,24.18,2025-11,2025Q4,2025,0.2694
106130,2025-11-30,Dublin,Homeware,Furniture,1060.8,4,0.0,305.79,2025-11,2025Q4,2025,0.2883
106278,2025-11-30,Cork,Clothing,Womenswear,50.16,1,0.15,6.37,2025-11,2025Q4,2025,0.127
100396,2025-11-30,Dublin,Homeware,Storage,71.82,1,0.05,24.72,2025-11,2025Q4,2025,0.3442
101318,2025-11-30,Dublin,Homeware,Kitchenware,932.0,2,0.0,418.53,2025-11,2025Q4,2025,0.4491
103701,2025-12-01,Limerick,Electronics,TVs,490.5,2,0.05,125.09,2025-12,2025Q4,2025,0.255
102278,2025-12-01,Galway,Homeware,Bedding,21.35,1,0.0,3.61,2025-12,2025Q4,2025,0.1691
103223,2025-12-01,Cork,Grocery,Dairy,75.18,2,0.0,31.7,2025-12,2025Q4,2025,0.4217
106267,2025-12-01,Cork,Clothing,Menswear,85.18,1,0.0,29.61,2025-12,2025Q4,2025,0.3476
100920,2025-12-01,Dublin,Grocery,Snacks,188.85,3,0.0,68.58,2025-12,2025Q4,2025,0.3631
103377,2025-12-01,Dublin,Electronics,TVs,194.84,3,0.0,75.81,2025-12,2025Q4,2025,0.3891
101183,2025-12-02,Cork,Grocery,Fresh Produce,28.2,1,0.0,10.03,2025-12,2025Q4,2025,0.3557
104857,2025-12-02,Dublin,Grocery,Dairy,23.26,1,0.05,5.47,2025-12,2025Q4,2025,0.2352
103720,2025-12-02,Galway,Clothing,Kidswear,66.09,1,0.2,14.18,2025-12,2025Q4,2025,0.2146
100682,2025-12-02,Galway,Clothing,Footwear,244.66,4,0.0,79.08,2025-12,2025Q4,2025,0.3232
101969,2025-12-02,Galway,Electronics,TVs,297.09,1,0.0,116.09,2025-12,2025Q4,2025,0.3908
106313,2025-12-02,Dublin,Grocery,Dairy,17.39,1,0.1,4.14,2025-12,2025Q4,2025,0.2381
101990,2025-12-03,Galway,Grocery,Dairy,43.04,2,0.2,5.85,2025-12,2025Q4,2025,0.1359
102444,2025-12-03,Dublin,Grocery,Dairy,54.44,2,0.0,13.82,2025-12,2025Q4,2025,0.2539
100697,2025-12-03,Dublin,Grocery,Snacks,97.47,3,0.0,38.78,2025-12,2025Q4,2025,0.3979
105787,2025-12-03,Dublin,Electronics,TVs,2059.83,2,0.2,336.26,2025-12,2025Q4,2025,0.1632
106447,2025-12-03,Limerick,Electronics,Headphones,609.28,1,0.2,69.56,2025-12,2025Q4,2025,0.1142
103015,2025-12-03,Dublin,Homeware,Storage,1436.51,4,0.2,338.28,2025-12,2025Q4,2025,0.2355
106305,2025-12-04,Dublin,Homeware,Storage,852.4,4,0.0,213.35,2025-12,2025Q4,2025,0.2503
103737,2025-12-04,Galway,Grocery,Dairy,76.5,2,0.0,24.31,2025-12,2025Q4,2025,0.3178
102998,2025-12-04,Galway,Clothing,Footwear,77.78,3,0.15,9.96,2025-12,2025Q4,2025,0.1281
105600,2025-12-04,Galway,Grocery,Dairy,8.13,1,0.0,2.08,2025-12,2025Q4,2025,0.2558
104745,2025-12-04,Cork,Homeware,Bedding,287.42,1,0.1,71.7,2025-12,2025Q4,2025,0.2495
101173,2025-12-04,Galway,Electronics,TVs,744.94,2,0.1,229.34,2025-12,2025Q4,2025,0.3079
104744,2025-12-04,Cork,Clothing,Footwear,25.62,1,0.1,5.56,2025-12,2025Q4,2025,0.217
103789,2025-12-05,Cork,Clothing,Accessories,473.68,3,0.0,167.55,2025-12,2025Q4,2025,0.3537
105244,2025-12-05,Dublin,Grocery,Dairy,21.76,1,0.05,7.11,2025-12,2025Q4,2025,0.3267
105809,2025-12-05,Galway,Clothing,Accessories,359.92,4,0.0,125.31,2025-12,2025Q4,2025,0.3482
103818,2025-12-05,Galway,Grocery,Fresh Produce,42.27,1,0.05,14.79,2025-12,2025Q4,2025,0.3499
102910,2025-12-06,Dublin,Electronics,Mobile Accessories,35.73,1,0.0,11.09,2025-12,2025Q4,2025,0.3104
103452,2025-12-06,Dublin,Electronics,Headphones,1281.27,2,0.0,488.77,2025-12,2025Q4,2025,0.3815
104993,2025-12-06,Cork,Electronics,TVs,78.19,1,0.2,4.62,2025-12,2025Q4,2025,0.0591
100176,2025-12-06,Dublin,Clothing,Footwear,100.21,1,0.0,32.94,2025-12,2025Q4,2025,0.3287
100596,2025-12-06,Dublin,Electronics,Smart Home,780.17,1,0.0,320.95,2025-12,2025Q4,2025,0.4114
105247,2025-12-06,Cork,Homeware,Furniture,61.78,1,0.0,18.69,2025-12,2025Q4,2025,0.3025
104714,2025-12-06,Cork,Electronics,Headphones,274.25,2,0.15,40.31,2025-12,2025Q4,2025,0.147
102580,2025-12-06,Galway,Electronics,Mobile Accessories,903.41,1,0.15,237.6,2025-12,2025Q4,2025,0.263
105277,2025-12-06,Dublin,Homeware,Furniture,350.24,2,0.15,77.2,2025-12,2025Q4,2025,0.2204
102865,2025-12-06,Dublin,Clothing,Accessories,138.01,1,0.05,49.74,2025-12,2025Q4,2025,0.3604
106199,2025-12-06,Limerick,Homeware,Kitchenware,611.04,2,0.2,135.8,2025-12,2025Q4,2025,0.2222
102724,2025-12-06,Dublin,Clothing,Menswear,46.3,1,0.0,13.51,2025-12,2025Q4,2025,0.2918
106097,2025-12-06,Galway,Clothing,Footwear,61.97,1,0.2,14.83,2025-12,2025Q4,2025,0.2393
104979,2025-12-06,Limerick,Grocery,Fresh Produce,164.1,4,0.1,54.72,2025-12,2025Q4,2025,0.3335
105250,2025-12-06,Dublin,Grocery,Bakery,62.23,1,0.0,21.9,2025-12,2025Q4,2025,0.3519
103743,2025-12-06,Dublin,Clothing,Menswear,117.84,1,0.0,33.86,2025-12,2025Q4,2025,0.2873
104735,2025-12-06,Galway,Homeware,Storage,143.08,1,0.2,11.53,2025-12,2025Q4,2025,0.0806
100147,2025-12-06,Limerick,Grocery,Fresh Produce,37.2,1,0.05,8.14,2025-12,2025Q4,2025,0.2188
103026,2025-12-06,Limerick,Electronics,Mobile Accessories,801.0,3,0.05,233.45,2025-12,2025Q4,2025,0.2914
100602,2025-12-07,Dublin,Homeware,Kitchenware,209.29,1,0.0,89.13,2025-12,2025Q4,2025,0.4259
101334,2025-12-07,Dublin,Clothing,Footwear,63.03,1,0.2,5.93,2025-12,2025Q4,2025,0.0941
103594,2025-12-07,Galway,Electronics,Headphones,440.47,1,0.0,117.18,2025-12,2025Q4,2025,0.266
106409,2025-12-07,Dublin,Homeware,Lighting,265.65,1,0.0,98.91,2025-12,2025Q4,2025,0.3723
100499,2025-12-07,Galway,Electronics,TVs,596.97,1,0.15,82.58,2025-12,2025Q4,2025,0.1383
105621,2025-12-07,Dublin,Electronics,TVs,1472.31,2,0.0,523.86,2025-12,2025Q4,2025,0.3558
103081,2025-12-07,Cork,Electronics,Smart Home,448.12,1,0.15,79.32,2025-12,2025Q4,2025,0.177
104335,2025-12-08,Limerick,Grocery,Snacks,8.47,1,0.05,2.54,2025-12,2025Q4,2025,0.2999
105523,2025-12-08,Dublin,Electronics,TVs,223.95,1,0.0,65.81,2025-12,2025Q4,2025,0.2939
101739,2025-12-08,Cork,Homeware,Furniture,307.48,1,0.0,90.46,2025-12,2025Q4,2025,0.2942
100065,2025-12-08,Cork,Clothing,Footwear,135.53,1,0.0,54.98,2025-12,2025Q4,2025,0.4057
100885,2025-12-08,Dublin,Homeware,Lighting,558.39,2,0.15,73.52,2025-12,2025Q4,2025,0.1317
106213,2025-12-08,Dublin,Clothing,Footwear,45.08,1,0.0,15.02,2025-12,2025Q4,2025,0.3332
100033,2025-12-08,Limerick,Electronics,Mobile Accessories,544.7,1,0.05,204.0,2025-12,2025Q4,2025,0.3745
105915,2025-12-08,Limerick,Clothing,Kidswear,343.0,4,0.1,55.77,2025-12,2025Q4,2025,0.1626
102420,2025-12-08,Dublin,Electronics,Headphones,631.67,2,0.05,189.5,2025-12,2025Q4,2025,0.3
102556,2025-12-08,Cork,Homeware,Lighting,275.3,1,0.05,55.64,2025-12,2025Q4,2025,0.2021
104484,2025-12-08,Galway,Grocery,Fresh Produce,25.32,1,0.0,11.32,2025-12,2025Q4,2025,0.4471
105429,2025-12-08,Galway,Grocery,Bakery,47.71,1,0.0,15.16,2025-12,2025Q4,2025,0.3178
101289,2025-12-09,Limerick,Clothing,Kidswear,46.42,1,0.0,11.63,2025-12,2025Q4,2025,0.2505
100761,2025-12-09,Dublin,Homeware,Storage,895.02,4,0.05,238.57,2025-12,2025Q4,2025,0.2666
102074,2025-12-09,Dublin,Grocery,Fresh Produce,26.61,1,0.0,11.41,2025-12,2025Q4,2025,0.4288
105639,2025-12-09,Dublin,Electronics,Smart Home,87.79,2,0.2,7.91,2025-12,2025Q4,2025,0.0901
104785,2025-12-09,Galway,Clothing,Menswear,84.11,4,0.0,27.55,2025-12,2025Q4,2025,0.3275
100430,2025-12-09,Dublin,Clothing,Accessories,345.83,4,0.1,86.23,2025-12,2025Q4,2025,0.2493
100613,2025-12-09,Cork,Grocery,Bakery,17.42,2,0.05,5.51,2025-12,2025Q4,2025,0.3163
103139,2025-12-09,Cork,Electronics,Headphones,63.95,2,0.0,22.83,2025-12,2025Q4,2025,0.357
105637,2025-12-09,Dublin,Clothing,Accessories,563.13,3,0.0,183.81,2025-12,2025Q4,2025,0.3264
100777,2025-12-09,Dublin,Electronics,TVs,519.76,1,0.15,137.89,2025-12,2025Q4,2025,0.2653
102049,2025-12-09,Limerick,Homeware,Bedding,877.18,4,0.2,170.49,2025-12,2025Q4,2025,0.1944
106030,2025-12-10,Cork,Grocery,Bakery,91.06,2,0.1,26.48,2025-12,2025Q4,2025,0.2908
105345,2025-12-10,Dublin,Clothing,Kidswear,168.21,2,0.05,64.08,2025-12,2025Q4,2025,0.381
106287,2025-12-10,Cork,Grocery,Beverages,3.6,1,0.1,0.92,2025-12,2025Q4,2025,0.2556
100647,2025-12-10,Dublin,Homeware,Kitchenware,286.81,2,0.15,33.72,2025-12,2025Q4,2025,0.1176
104917,2025-12-10,Galway,Electronics,Headphones,1753.56,4,0.0,598.31,2025-12,2025Q4,2025,0.3412
104508,2025-12-10,Dublin,Clothing,Menswear,378.81,3,0.1,75.84,2025-12,2025Q4,2025,0.2002
104221,2025-12-10,Dublin,Grocery,Beverages,91.22,2,0.2,17.7,2025-12,2025Q4,2025,0.194
103481,2025-12-10,Dublin,Grocery,Fresh Produce,60.89,1,0.15,6.26,2025-12,2025Q4,2025,0.1028
105350,2025-12-10,Cork,Homeware,Kitchenware,247.55,1,0.0,64.18,2025-12,2025Q4,2025,0.2593
105092,2025-12-10,Cork,Electronics,Laptops,760.56,2,0.0,316.43,2025-12,2025Q4,2025,0.416
103006,2025-12-10,Dublin,Electronics,Smart Home,524.58,2,0.15,114.86,2025-12,2025Q4,2025,0.219
104927,2025-12-10,Limerick,Grocery,Beverages,22.68,1,0.1,5.67,2025-12,2025Q4,2025,0.25
100272,2025-12-10,Galway,Grocery,Fresh Produce,64.48,2,0.0,16.53,2025-12,2025Q4,2025,0.2564
100646,2025-12-11,Galway,Grocery,Dairy,41.79,1,0.2,8.28,2025-12,2025Q4,2025,0.1981
104254,2025-12-11,Cork,Grocery,Beverages,20.87,1,0.15,5.22,2025-12,2025Q4,2025,0.2501
104135,2025-12-11,Limerick,Electronics,TVs,106.41,1,0.1,33.21,2025-12,2025Q4,2025,0.3121
100953,2025-12-11,Limerick,Grocery,Bakery,163.7,3,0.0,61.12,2025-12,2025Q4,2025,0.3734
104814,2025-12-11,Cork,Electronics,Headphones,1788.28,4,0.2,269.06,2025-12,2025Q4,2025,0.1505
102167,2025-12-11,Galway,Electronics,TVs,3499.38,4,0.0,1158.28,2025-12,2025Q4,2025,0.331
102215,2025-12-11,Dublin,Clothing,Footwear,139.25,1,0.1,22.75,2025-12,2025Q4,2025,0.1634
101051,2025-12-11,Dublin,Grocery,Snacks,49.78,2,0.0,10.34,2025-12,2025Q4,2025,0.2077
104212,2025-12-11,Dublin,Grocery,Fresh Produce,22.77,1,0.0,9.71,2025-12,2025Q4,2025,0.4264
100561,2025-12-11,Dublin,Electronics,TVs,882.23,1,0.1,203.61,2025-12,2025Q4,2025,0.2308
103791,2025-12-12,Dublin,Electronics,TVs,1037.32,1,0.0,301.54,2025-12,2025Q4,2025,0.2907
100757,2025-12-12,Dublin,Clothing,Menswear,294.98,2,0.0,78.36,2025-12,2025Q4,2025,0.2656
102261,2025-12-12,Dublin,Electronics,TVs,479.52,2,0.0,195.65,2025-12,2025Q4,2025,0.408
104534,2025-12-12,Cork,Clothing,Womenswear,235.82,2,0.0,101.95,2025-12,2025Q4,2025,0.4323
100798,2025-12-12,Galway,Clothing,Accessories,479.08,4,0.1,113.44,2025-12,2025Q4,2025,0.2368
102780,2025-12-12,Dublin,Electronics,Laptops,2992.99,4,0.15,891.31,2025-12,2025Q4,2025,0.2978
100895,2025-12-12,Dublin,Grocery,Dairy,36.14,1,0.15,10.13,2025-12,2025Q4,2025,0.2803
105088,2025-12-12,Cork,Grocery,Fresh Produce,39.06,2,0.15,8.28,2025-12,2025Q4,2025,0.212
100960,2025-12-12,Dublin,Electronics,Laptops,301.88,3,0.0,105.66,2025-12,2025Q4,2025,0.35
105981,2025-12-13,Cork,Electronics,Laptops,88.28,1,0.0,37.26,2025-12,2025Q4,2025,0.4221
106395,2025-12-13,Cork,Grocery,Snacks,24.47,1,0.0,7.69,2025-12,2025Q4,2025,0.3143
103136,2025-12-13,Galway,Grocery,Snacks,9.74,1,0.0,3.41,2025-12,2025Q4,2025,0.3501
105739,2025-12-13,Cork,Clothing,Womenswear,150.3,1,0.0,47.93,2025-12,2025Q4,2025,0.3189
100156,2025-12-13,Cork,Homeware,Bedding,158.48,4,0.05,62.22,2025-12,2025Q4,2025,0.3926
102636,2025-12-13,Dublin,Clothing,Womenswear,472.76,3,0.0,172.88,2025-12,2025Q4,2025,0.3657
101545,2025-12-13,Dublin,Electronics,Mobile Accessories,247.88,1,0.0,75.64,2025-12,2025Q4,2025,0.3051
106240,2025-12-13,Galway,Electronics,Smart Home,2168.43,4,0.0,692.02,2025-12,2025Q4,2025,0.3191
100527,2025-12-13,Cork,Clothing,Footwear,61.92,1,0.0,22.25,2025-12,2025Q4,2025,0.3593
100537,2025-12-13,Dublin,Electronics,Headphones,1845.54,3,0.1,281.56,2025-12,2025Q4,2025,0.1526
102393,2025-12-13,Dublin,Clothing,Kidswear,117.51,1,0.0,44.48,2025-12,2025Q4,2025,0.3785
102490,2025-12-14,Dublin,Homeware,Kitchenware,112.83,1,0.05,37.36,2025-12,2025Q4,2025,0.3311
104877,2025-12-14,Cork,Electronics,TVs,1030.42,3,0.0,279.49,2025-12,2025Q4,2025,0.2712
102991,2025-12-14,Dublin,Electronics,Headphones,1026.89,2,0.1,300.97,2025-12,2025Q4,2025,0.2931
104140,2025-12-14,Dublin,Grocery,Beverages,18.89,1,0.0,6.08,2025-12,2025Q4,2025,0.3219
104206,2025-12-14,Limerick,Clothing,Menswear,142.77,2,0.2,11.45,2025-12,2025Q4,2025,0.0802
104342,2025-12-14,Galway,Homeware,Lighting,100.88,2,0.0,23.45,2025-12,2025Q4,2025,0.2325
102628,2025-12-14,Cork,Clothing,Menswear,288.32,2,0.0,90.7,2025-12,2025Q4,2025,0.3146
105971,2025-12-14,Galway,Grocery,Bakery,28.06,4,0.0,10.75,2025-12,2025Q4,2025,0.3831
106356,2025-12-14,Limerick,Clothing,Footwear,247.24,2,0.0,85.96,2025-12,2025Q4,2025,0.3477
105603,2025-12-14,Cork,Homeware,Lighting,602.48,2,0.0,263.84,2025-12,2025Q4,2025,0.4379
104568,2025-12-14,Dublin,Electronics,Smart Home,171.5,4,0.15,20.76,2025-12,2025Q4,2025,0.121
106245,2025-12-14,Dublin,Electronics,Laptops,3872.37,4,0.05,795.46,2025-12,2025Q4,2025,0.2054
101753,2025-12-14,Cork,Clothing,Kidswear,314.13,2,0.1,90.32,2025-12,2025Q4,2025,0.2875
101875,2025-12-15,Limerick,Grocery,Dairy,61.91,1,0.1,20.58,2025-12,2025Q4,2025,0.3324
105432,2025-12-15,Dublin,Clothing,Kidswear,94.76,2,0.0,33.37,2025-12,2025Q4,2025,0.3522
104580,2025-12-15,Galway,Clothing,Accessories,45.11,3,0.1,11.28,2025-12,2025Q4,2025,0.2501
105034,2025-12-15,Dublin,Homeware,Kitchenware,1884.73,4,0.1,360.11,2025-12,2025Q4,2025,0.1911
104896,2025-12-15,Limerick,Homeware,Lighting,295.08,1,0.05,94.12,2025-12,2025Q4,2025,0.319
103833,2025-12-15,Limerick,Clothing,Menswear,186.06,2,0.0,76.72,2025-12,2025Q4,2025,0.4123
105051,2025-12-15,Cork,Clothing,Footwear,145.15,2,0.2,12.0,2025-12,2025Q4,2025,0.0827
104245,2025-12-15,Cork,Grocery,Snacks,21.04,1,0.0,5.67,2025-12,2025Q4,2025,0.2695
105577,2025-12-16,Galway,Electronics,Smart Home,3360.62,4,0.15,428.08,2025-12,2025Q4,2025,0.1274
101912,2025-12-16,Galway,Homeware,Kitchenware,775.99,3,0.2,134.68,2025-12,2025Q4,2025,0.1736
101573,2025-12-16,Cork,Homeware,Storage,387.18,2,0.15,67.07,2025-12,2025Q4,2025,0.1732
102807,2025-12-16,Dublin,Grocery,Fresh Produce,62.15,1,0.1,11.69,2025-12,2025Q4,2025,0.1881
106338,2025-12-16,Galway,Clothing,Womenswear,149.51,1,0.2,24.31,2025-12,2025Q4,2025,0.1626
104732,2025-12-16,Dublin,Electronics,Headphones,2973.06,3,0.15,613.34,2025-12,2025Q4,2025,0.2063
103511,2025-12-16,Galway,Grocery,Dairy,43.26,2,0.15,8.59,2025-12,2025Q4,2025,0.1986
101973,2025-12-16,Dublin,Electronics,Headphones,521.93,2,0.05,165.99,2025-12,2025Q4,2025,0.318
102220,2025-12-17,Galway,Clothing,Footwear,31.72,2,0.0,13.09,2025-12,2025Q4,2025,0.4127
102832,2025-12-17,Dublin,Homeware,Furniture,1124.04,4,0.05,410.57,2025-12,2025Q4,2025,0.3653
105176,2025-12-17,Cork,Grocery,Beverages,39.51,1,0.0,10.9,2025-12,2025Q4,2025,0.2759
100924,2025-12-17,Cork,Homeware,Bedding,300.97,2,0.0,104.75,2025-12,2025Q4,2025,0.348
101750,2025-12-17,Dublin,Electronics,TVs,1754.01,3,0.0,485.41,2025-12,2025Q4,2025,0.2767
106188,2025-12-17,Dublin,Grocery,Fresh Produce,110.51,4,0.1,26.36,2025-12,2025Q4,2025,0.2385
103563,2025-12-17,Cork,Electronics,Smart Home,447.76,1,0.1,82.67,2025-12,2025Q4,2025,0.1846
103300,2025-12-17,Cork,Electronics,Laptops,307.86,1,0.15,67.78,2025-12,2025Q4,2025,0.2202
101501,2025-12-17,Dublin,Electronics,Headphones,206.5,1,0.0,88.8,2025-12,2025Q4,2025,0.43
105634,2025-12-18,Dublin,Clothing,Menswear,209.24,2,0.15,52.69,2025-12,2025Q4,2025,0.2518
101982,2025-12-18,Dublin,Clothing,Footwear,247.25,3,0.0,90.37,2025-12,2025Q4,2025,0.3655
102449,2025-12-18,Cork,Electronics,Headphones,62.69,3,0.2,10.51,2025-12,2025Q4,2025,0.1677
104350,2025-12-18,Cork,Electronics,Headphones,412.15,3,0.0,133.21,2025-12,2025Q4,2025,0.3232
100168,2025-12-18,Cork,Grocery,Dairy,14.73,1,0.0,3.27,2025-12,2025Q4,2025,0.222
101813,2025-12-18,Galway,Electronics,TVs,537.25,1,0.1,111.6,2025-12,2025Q4,2025,0.2077
100826,2025-12-18,Galway,Grocery,Snacks,141.68,4,0.2,30.46,2025-12,2025Q4,2025,0.215
100578,2025-12-18,Dublin,Homeware,Storage,418.57,1,0.0,107.38,2025-12,2025Q4,2025,0.2565
103045,2025-12-18,Cork,Electronics,TVs,419.1,3,0.05,92.45,2025-12,2025Q4,2025,0.2206
101710,2025-12-19,Galway,Grocery,Fresh Produce,16.09,1,0.0,5.26,2025-12,2025Q4,2025,0.3269
106209,2025-12-19,Galway,Clothing,Footwear,51.7,1,0.0,21.3,2025-12,2025Q4,2025,0.412
100250,2025-12-19,Limerick,Electronics,Headphones,2123.52,3,0.15,486.28,2025-12,2025Q4,2025,0.229
102652,2025-12-19,Limerick,Electronics,Headphones,1239.53,2,0.05,332.85,2025-12,2025Q4,2025,0.2685
106230,2025-12-19,Dublin,Grocery,Beverages,45.5,1,0.0,17.69,2025-12,2025Q4,2025,0.3888
106430,2025-12-19,Dublin,Electronics,Mobile Accessories,108.64,2,0.2,25.15,2025-12,2025Q4,2025,0.2315
104075,2025-12-20,Cork,Grocery,Fresh Produce,16.32,1,0.0,2.24,2025-12,2025Q4,2025,0.1373
104864,2025-12-20,Limerick,Electronics,Smart Home,77.36,2,0.0,22.82,2025-12,2025Q4,2025,0.295
103124,2025-12-20,Dublin,Electronics,Headphones,913.8,2,0.0,392.57,2025-12,2025Q4,2025,0.4296
103030,2025-12-20,Dublin,Electronics,TVs,2473.68,3,0.05,749.08,2025-12,2025Q4,2025,0.3028
100404,2025-12-20,Limerick,Clothing,Menswear,128.31,1,0.0,45.95,2025-12,2025Q4,2025,0.3581
103095,2025-12-20,Dublin,Homeware,Lighting,375.44,3,0.2,34.22,2025-12,2025Q4,2025,0.0911
100222,2025-12-21,Dublin,Homeware,Storage,166.26,1,0.05,51.0,2025-12,2025Q4,2025,0.3067
104862,2025-12-21,Galway,Clothing,Womenswear,40.26,1,0.0,11.67,2025-12,2025Q4,2025,0.2899
104433,2025-12-21,Dublin,Homeware,Storage,1275.31,3,0.0,410.49,2025-12,2025Q4,2025,0.3219
105260,2025-12-21,Cork,Grocery,Beverages,20.93,1,0.05,4.32,2025-12,2025Q4,2025,0.2064
105020,2025-12-21,Cork,Electronics,TVs,406.46,1,0.0,140.04,2025-12,2025Q4,2025,0.3445
102105,2025-12-21,Galway,Grocery,Snacks,213.92,4,0.0,84.45,2025-12,2025Q4,2025,0.3948
103035,2025-12-21,Galway,Homeware,Kitchenware,141.75,3,0.0,46.21,2025-12,2025Q4,2025,0.326
100680,2025-12-21,Cork,Homeware,Storage,650.03,3,0.2,66.02,2025-12,2025Q4,2025,0.1016
102504,2025-12-21,Dublin,Electronics,Smart Home,2126.17,4,0.15,448.51,2025-12,2025Q4,2025,0.2109
104915,2025-12-21,Galway,Clothing,Menswear,387.91,4,0.0,110.01,2025-12,2025Q4,2025,0.2836
103991,2025-12-22,Dublin,Grocery,Fresh Produce,23.18,4,0.2,4.35,2025-12,2025Q4,2025,0.1877
102044,2025-12-22,Galway,Electronics,Headphones,1633.27,2,0.15,339.12,2025-12,2025Q4,2025,0.2076
100553,2025-12-22,Galway,Homeware,Bedding,85.85,2,0.0,29.35,2025-12,2025Q4,2025,0.3419
104965,2025-12-22,Galway,Electronics,Laptops,478.88,2,0.1,136.4,2025-12,2025Q4,2025,0.2848
102239,2025-12-22,Dublin,Clothing,Footwear,52.1,4,0.0,20.92,2025-12,2025Q4,2025,0.4015
100395,2025-12-22,Galway,Grocery,Dairy,63.76,2,0.0,18.79,2025-12,2025Q4,2025,0.2947
103298,2025-12-23,Limerick,Homeware,Furniture,93.24,4,0.0,29.49,2025-12,2025Q4,2025,0.3163
100150,2025-12-23,Cork,Electronics,Headphones,28.4,1,0.2,6.25,2025-12,2025Q4,2025,0.2201
101171,2025-12-23,Dublin,Grocery,Bakery,75.57,2,0.0,21.38,2025-12,2025Q4,2025,0.2829
102675,2025-12-23,Limerick,Clothing,Womenswear,518.67,4,0.2,98.46,2025-12,2025Q4,2025,0.1898
100538,2025-12-24,Dublin,Grocery,Beverages,70.71,2,0.0,18.71,2025-12,2025Q4,2025,0.2646
102153,2025-12-24,Dublin,Homeware,Lighting,257.28,4,0.0,72.76,2025-12,2025Q4,2025,0.2828
106353,2025-12-24,Dublin,Homeware,Bedding,1015.97,4,0.0,404.51,2025-12,2025Q4,2025,0.3982
101245,2025-12-24,Cork,Grocery,Dairy,33.98,1,0.0,14.91,2025-12,2025Q4,2025,0.4388
105033,2025-12-24,Cork,Clothing,Menswear,188.3,2,0.2,29.79,2025-12,2025Q4,2025,0.1582
102319,2025-12-24,Cork,Electronics,TVs,375.42,1,0.2,70.31,2025-12,2025Q4,2025,0.1873
103713,2025-12-24,Galway,Grocery,Beverages,94.58,2,0.15,9.46,2025-12,2025Q4,2025,0.1
102146,2025-12-24,Dublin,Grocery,Bakery,95.34,2,0.05,30.17,2025-12,2025Q4,2025,0.3164
106112,2025-12-25,Limerick,Clothing,Accessories,281.36,3,0.0,115.5,2025-12,2025Q4,2025,0.4105
106217,2025-12-25,Limerick,Homeware,Furniture,1341.14,4,0.05,293.05,2025-12,2025Q4,2025,0.2185
104267,2025-12-25,Dublin,Clothing,Footwear,108.67,3,0.15,15.98,2025-12,2025Q4,2025,0.1471
103447,2025-12-25,Cork,Electronics,Mobile Accessories,45.08,2,0.2,2.28,2025-12,2025Q4,2025,0.0506
103097,2025-12-25,Dublin,Clothing,Accessories,177.53,1,0.0,51.47,2025-12,2025Q4,2025,0.2899
106439,2025-12-25,Limerick,Grocery,Dairy,200.39,4,0.0,59.92,2025-12,2025Q4,2025,0.299
102597,2025-12-25,Dublin,Grocery,Bakery,59.76,2,0.0,24.2,2025-12,2025Q4,2025,0.405
101510,2025-12-25,Cork,Grocery,Dairy,48.99,1,0.0,13.53,2025-12,2025Q4,2025,0.2762
103729,2025-12-26,Dublin,Homeware,Bedding,1487.38,4,0.1,302.9,2025-12,2025Q4,2025,0.2036
105144,2025-12-26,Dublin,Electronics,Smart Home,811.67,1,0.15,92.02,2025-12,2025Q4,2025,0.1134
103767,2025-12-27,Dublin,Electronics,Headphones,254.77,2,0.15,74.3,2025-12,2025Q4,2025,0.2916
100711,2025-12-27,Cork,Clothing,Footwear,86.52,3,0.2,19.07,2025-12,2025Q4,2025,0.2204
103443,2025-12-27,Galway,Grocery,Bakery,43.43,3,0.0,12.55,2025-12,2025Q4,2025,0.289
104336,2025-12-27,Dublin,Grocery,Beverages,47.3,1,0.0,13.89,2025-12,2025Q4,2025,0.2937
103455,2025-12-27,Dublin,Homeware,Bedding,623.59,2,0.0,263.16,2025-12,2025Q4,2025,0.422
102797,2025-12-27,Galway,Electronics,Laptops,296.07,1,0.2,34.82,2025-12,2025Q4,2025,0.1176
101166,2025-12-27,Dublin,Grocery,Dairy,12.27,3,0.05,3.89,2025-12,2025Q4,2025,0.317
103247,2025-12-27,Dublin,Homeware,Kitchenware,322.69,1,0.05,74.77,2025-12,2025Q4,2025,0.2317
103514,2025-12-28,Dublin,Grocery,Fresh Produce,40.48,2,0.0,12.84,2025-12,2025Q4,2025,0.3172
106444,2025-12-28,Dublin,Clothing,Womenswear,445.58,4,0.0,155.4,2025-12,2025Q4,2025,0.3488
103172,2025-12-28,Cork,Grocery,Fresh Produce,56.42,2,0.0,12.31,2025-12,2025Q4,2025,0.2182
101126,2025-12-28,Dublin,Clothing,Kidswear,370.46,3,0.1,112.27,2025-12,2025Q4,2025,0.3031
103149,2025-12-28,Dublin,Clothing,Footwear,375.74,2,0.15,75.15,2025-12,2025Q4,2025,0.2
106255,2025-12-28,Dublin,Homeware,Storage,122.25,1,0.0,33.03,2025-12,2025Q4,2025,0.2702
104383,2025-12-28,Limerick,Clothing,Menswear,237.61,2,0.05,50.48,2025-12,2025Q4,2025,0.2124
101784,2025-12-28,Dublin,Grocery,Bakery,234.22,4,0.1,51.59,2025-12,2025Q4,2025,0.2203
100255,2025-12-28,Dublin,Grocery,Fresh Produce,44.65,1,0.15,11.22,2025-12,2025Q4,2025,0.2513
103193,2025-12-29,Dublin,Electronics,Mobile Accessories,431.67,1,0.0,146.5,2025-12,2025Q4,2025,0.3394
100239,2025-12-29,Galway,Homeware,Lighting,142.58,1,0.0,64.01,2025-12,2025Q4,2025,0.4489
100440,2025-12-29,Limerick,Electronics,Laptops,1190.5,2,0.0,487.7,2025-12,2025Q4,2025,0.4097
100270,2025-12-29,Dublin,Homeware,Lighting,489.25,2,0.15,120.48,2025-12,2025Q4,2025,0.2463
106028,2025-12-30,Galway,Clothing,Womenswear,52.64,4,0.1,8.97,2025-12,2025Q4,2025,0.1704
104536,2025-12-30,Cork,Electronics,Smart Home,1609.33,4,0.0,611.18,2025-12,2025Q4,2025,0.3798
100513,2025-12-30,Dublin,Homeware,Storage,316.94,2,0.05,79.59,2025-12,2025Q4,2025,0.2511
102011,2025-12-30,Limerick,Electronics,Smart Home,272.41,2,0.0,95.93,2025-12,2025Q4,2025,0.3522
101948,2025-12-30,Dublin,Homeware,Bedding,728.32,3,0.0,262.0,2025-12,2025Q4,2025,0.3597
103936,2025-12-30,Galway,Electronics,Mobile Accessories,1538.74,2,0.0,664.61,2025-12,2025Q4,2025,0.4319
101350,2025-12-30,Dublin,Homeware,Storage,371.56,2,0.1,65.96,2025-12,2025Q4,2025,0.1775
105134,2025-12-30,Limerick,Clothing,Menswear,334.07,2,0.0,97.78,2025-12,2025Q4,2025,0.2927
105209,2025-12-30,Galway,Electronics,Mobile Accessories,1609.86,2,0.2,142.64,2025-12,2025Q4,2025,0.0886
103920,2025-12-31,Dublin,Grocery,Dairy,45.72,1,0.0,19.14,2025-12,2025Q4,2025,0.4186
104279,2025-12-31,Cork,Homeware,Bedding,375.06,2,0.0,168.53,2025-12,2025Q4,2025,0.4493
103645,2025-12-31,Galway,Clothing,Menswear,247.88,2,0.0,78.41,2025-12,2025Q4,2025,0.3163
105842,2025-12-31,Dublin,Grocery,Fresh Produce,119.49,2,0.15,28.76,2025-12,2025Q4,2025,0.2407
105121,2025-12-31,Galway,Clothing,Footwear,441.06,4,0.0,119.79,2025-12,2025Q4,2025,0.2716
101164,2025-12-31,Dublin,Homeware,Bedding,219.09,4,0.2,49.54,2025-12,2025Q4,2025,0.2261
