OrderID,OrderDate,Store,Category,SubCategory,Sales,Quantity,Discount,Profit
104191,2025-03-23,Dublin,Clothing,Footwear,71.31,1,0.05,22.42
101148,10-01-2024,Dublin,Clothing,Kidswear,305.77,3,0,105.64
105195,2025-01-16,Dublin,Clothing,Kidswear,77.39,1,0,28.65
105389,2024-02-24,Galway,Electronics,Smart Home,135.2,4,0.15,31.1
100807,21-09-2025,Dublin,Clothing,Accessories,114.82,2,0.05,41.82
102800,2024-12-15,Limerick,Clothing,Menswear,33.25,1,0.05,9.5
105154,22/01/2025,Cork,Clothing,Accessories,182.19,3,0.15,47.11
100942,07-02-2025,Galway,Homeware,Kitchenware,103.24,2,0,37.06
104626,21/07/2025,Dublin,Electronics,Mobile Accessories,120.7,4,0,38.96
105162,2024-07-26,Dublin,Homeware,Bedding,748.97,4,0.05,216.61
100826,2025-12-18,Galway,Grocery,Snacks,141.68,4,0.2,30.46
101886,25-03-2025,Limerick,Electronics,Headphones,604.73,1,0,193.63
105465,19/01/2025,Dublin,Electronics,TVs,1099.93,3,0.2,103.66
104754,2024-11-09,Dublin,Homeware,Lighting,849.08,2,0.1,209.62
104113,26-09-2024,Dublin,Clothing,Kidswear,263.49,2,0.15,42.32
102435,07-05-2025,Dublin,Electronics,Smart Home,112.12,1,0.2,12.21
105365,23-03-2025,Galway,Homeware,Furniture,1015.2,4,0,413.05
104972,31/10/2025,Galway,Homeware,Kitchenware,158.36,2,0.15,38.77
102940,28-07-2025,Limerick,Clothing,Womenswear,30.02,1,0,13.14
101666,21-04-2024,Dublin,Electronics,Headphones,586.74,1,0.05,189.76
102263,01/07/2025,Dublin,Homeware,Bedding,116.62,1,0,36.34
103960,05/01/2025,Cork,Homeware,Kitchenware,483.88,2,0.1,144.86
101008,13/02/2025,Limerick,Grocery,Bakery,45.7,4,0.15,11.14
104672,18/05/2024,Galway,Homeware,Storage,644.12,4,0,195.43
104820,10-10-2025,Dublin,Clothing,Accessories,272.14,4,0,83.06
104510,2024-05-08,Limerick,Electronics,Smart Home,568.88,2,0,200.99
105034,15/12/2025,Dublin,Homeware,Kitchenware,1884.73,4,0.1,360.11
101524,2025-07-01,Cork,Electronics,Smart Home,243.38,1,0.2,56.79
105310,2024-04-18,Galway,Homeware,Storage,715.76,4,0.15,147.5
104791,2025-06-01,Dublin,Clothing,Kidswear,283.59,3,0,109.82
105866,16/03/2024,Dublin,Clothing,Footwear,11.14,1,0,3.17
106008,08-02-2024,Dublin,Electronics,Laptops,637.46,1,,132.11
103159,2024-12-14,Dublin,Clothing,Womenswear,179.77,2,0,56.56
104278,28/09/2025,Dublin,Electronics,Smart Home,1398.17,2,0.15,358.68
101363,13-10-2024,Limerick,Electronics,Smart Home,224.1,1,0,71.74
102305,25/03/2025,Cork,Homeware,Storage,280.59,1,0,85.81
100131,2024-12-23,Dublin,Homeware,Bedding,64.09,1,0,26.62
100354,01/11/2025,Dublin,Grocery,Bakery,48.75,1,0.05,11.82
100438,2025-09-20,Galway,Electronics,Laptops,804.57,3,0,232.62
105447,27/03/2024,Galway,Homeware,Storage,709.56,4,0,219.09
105136,04/04/2025,Dublin,Clothing,Womenswear,71.48,3,0.2,15.07
102608,14-03-2024,Dublin,Grocery,Fresh Produce,12.95,1,0.05,5.02
106250,2025-06-06,Galway,Clothing,Accessories,366.24,4,0.2,64.04
106089,07-03-2025,Cork,Homeware,Kitchenware,394.56,3,0,113.91
105514,15/03/2025,Dublin,Homeware,Storage,906.45,3,0.15,228.85
106473,2025-02-10,Dublin,Grocery,Dairy,35.14,2,0.05,13.44
101861,03/06/2024,Cork,Homeware,Kitchenware,131.74,1,0.1,44.64
101858,21-08-2025,Dublin,Homeware,Bedding,682.36,3,0,218.11
105926,23-09-2025,Galway,Clothing,Accessories,26.33,1,0.2,3.17
103083,11-05-2024,Limerick,Electronics,Laptops,562.16,1,0.1,139.23
100821,22/07/2024,Dublin,Clothing,Kidswear,35.72,1,0.15,6.97
100365,28-04-2024,Dublin,Clothing,Menswear,159.39,2,0.15,
103734,2024-11-01,Limerick,Electronics,Laptops,783.26,1,0.05,281.47
102958,06/02/2025,Limerick,Clothing,Footwear,19.66,1,0,5.12
104868,2024-02-25,Galway,Homeware,Lighting,534.87,3,0.2,79.31
105718,03/05/2025,Limerick,Clothing,Menswear,104.88,2,0.2,12.84
102918,30/06/2025,Cork,Grocery,Beverages,17.47,1,0,6.74
105856,22-12-2024,Dublin,Clothing,Womenswear,64.14,2,0.2,14.01
100190,2025-11-28,Cork,Grocery,Dairy,28.56,1,0,9.66
103852,10-01-2025,Cork,Clothing,Accessories,259.95,3,0.15,65.33
100409,12-01-2024,Cork,Homeware,Kitchenware,44.22,2,0.1,11.99
104473,24-06-2025,Dublin,Clothing,Womenswear,446.66,4,0.1,
102269,2025-07-06,Dublin,Electronics,Laptops,1852.1,4,0.15,353.41
104173,2025-07-18,Cork,Homeware,Bedding,855.9,3,0,382.49
103838,17-08-2025,Dublin,Electronics,TVs,553.04,1,0,159.24
103068,20-06-2024,Galway,Clothing,Menswear,387.12,4,0.2,
102177,02/04/2025,Dublin,Homeware,Kitchenware,172.12,1,0.15,37.84
103111,2025-03-26,Limerick,Electronics,Laptops,999.62,2,0.1,274.07
105408,04/03/2024,Galway,Homeware,Bedding,73.3,1,0.1,12.0
100381,2025-10-14,Dublin,Homeware,Lighting,328.44,1,0.2,78.54
103921,18-10-2025,Dublin,Clothing,Footwear,162.67,3,0,53.06
102848,26/04/2025,Galway,Homeware,Lighting,430.8,2,0.05,157.51
101359,25/01/2025,Cork,Clothing,Womenswear,187.84,2,0.15,19.24
101487,18-10-2024,Dublin,Electronics,Smart Home,1147.84,2,0.2,168.97
101268,2025-01-21,Galway,Homeware,Bedding,39.03,1,0,16.84
102108,2025-08-02,Cork,Grocery,Bakery,5.75,1,0.2,1.12
100660,2024-05-19,Cork,Grocery,Beverages,23.17,1,0,8.91
100471,12-09-2024,Dublin,Clothing,Footwear,37.62,1,0.05,10.34
100083,11/06/2024,Dublin,Electronics,TVs,321.99,1,0.2,21.71
100647,10/12/2025,Dublin,Homeware,Kitchenware,286.81,2,0.15,33.72
104111,05/02/2024,Cork,Clothing,Accessories,198.04,2,0,55.57
101000,10/07/2024,Dublin,Homeware,Furniture,304.57,4,0,92.81
102683,22-11-2025,Dublin,Homeware,Lighting,260.98,2,0.05,76.3
101961,2025-11-11,Galway,Clothing,Womenswear,159.1,2,0.15,24.81
106059,22-01-2025,Galway,Electronics,Mobile Accessories,1310.22,3,0,427.13
105175,21/06/2025,Galway,Electronics,Headphones,1547.36,4,0.1,259.04
106379,30-07-2024,Dublin,Grocery,Bakery,139.66,4,0.05,35.61
102193,2024-07-17,Dublin,Clothing,Kidswear,92.54,1,0.15,23.48
104915,2025-12-21,Galway,Clothing,Menswear,387.91,4,0,110.01
102865,06-12-2025,Dublin,Clothing,Accessories,138.01,1,0.05,49.74
102775,08-01-2025,Cork,Homeware,Storage,466.98,2,0.05,145.21
106167,17-06-2025,Cork,Homeware,Storage,56.84,1,0.2,12.28
102760,05/01/2025,Dublin,Grocery,Bakery,30.21,1,0,7.65
104059,2025-05-02,Galway,Electronics,Laptops,183.85,1,0.15,19.1
105274,2024-10-06,Dublin,Electronics,Mobile Accessories,117.97,1,0.15,32.94
103377,01-12-2025,Dublin,Electronics,TVs,194.84,3,0,75.81
103937,19-07-2024,Limerick,Clothing,Womenswear,75.69,1,0,26.75
102768,15-02-2024,Dublin,Grocery,Fresh Produce,72.47,2,0,29.16
105404,2025-12-02,Cork,Electronics,Laptops,203.7,1,0,78.44
102888,18-05-2025,Limerick,Electronics,Smart Home,430.4,2,0,163.46
102247,07-09-2025,Cork,Homeware,Storage,550.6,2,0.2,32.89
104507,21/05/2025,Dublin,Homeware,Kitchenware,183.61,3,,36.52
104587,18-07-2024,Dublin,Clothing,Kidswear,68.02,1,0.2,5.77
102587,09/04/2025,Galway,Clothing,Womenswear,122.16,2,0.2,27.91
100345,18-10-2024,Dublin,Electronics,Laptops,2569.74,4,0,715.87
100972,05-06-2024,Cork,Clothing,Menswear,98.13,1,0.2,7.45
100185,02-11-2024,Cork,Clothing,Accessories,232.85,4,0,87.63
102712,19/07/2024,Galway,Electronics,Mobile Accessories,164.66,1,,47.47
100056,2024-02-23,Limerick,Grocery,Bakery,128.21,4,0.15,37.43
101883,26-11-2025,Cork,Electronics,Smart Home,112.61,1,,13.56
104730,09-09-2024,Cork,Grocery,Dairy,15.61,1,0.05,4.19
102916,2025-09-21,Dublin,Homeware,Lighting,332.82,1,0,94.29
101030,27/03/2024,Dublin,Homeware,Bedding,287.75,2,0.1,81.51
104284,2024-10-17,Cork,Clothing,Menswear,48.45,1,0.15,12.37
100338,27-05-2024,Cork,Clothing,Menswear,52.33,1,0.15,13.21
103983,30/11/2025,Limerick,Homeware,Lighting,1320.09,4,0.1,216.79
104698,19-02-2024,Dublin,Grocery,Snacks,67.32,2,0.15,18.29
102524,15/10/2025,Dublin,Electronics,Laptops,1034.82,4,0.1,285.48
106088,24/04/2024,Dublin,Electronics,Smart Home,274.78,2,0.1,64.89
103828,31-08-2025,Dublin,Homeware,Furniture,247.95,1,0.2,
103079,17/12/2024,Dublin,Electronics,Mobile Accessories,1010.18,1,0.1,217.96
102699,2024-08-09,Limerick,Clothing,Footwear,19.74,2,0,7.1
106247,20/07/2025,Dublin,Grocery,Beverages,43.11,1,0,14.06
105431,2024-09-17,Dublin,Electronics,Mobile Accessories,295.87,2,0,132.65
102678,2024-12-07,Dublin,Homeware,Kitchenware,1111.58,3,0.1,197.94
101853,2024-10-12,Cork,Grocery,Bakery,89.34,3,0.2,12.96
101418,18/07/2025,Cork,Grocery,Beverages,34.94,2,0.05,11.38
106024,2025-04-21,Cork,Grocery,Beverages,64.9,2,0.15,6.91
105249,24-07-2024,Cork,Homeware,Furniture,214.8,4,0,87.42
100741,2024-10-26,Galway,Clothing,Menswear,25.28,1,0,7.23
104855,17/01/2024,Dublin,Electronics,TVs,140.44,1,0,38.07
104899,26/02/2025,Dublin,Electronics,TVs,882.23,2,0.15,238.12
101521,2025-05-06,Dublin,Homeware,Furniture,67.87,1,0.15,16.87
100018,13-03-2024,Galway,Electronics,Laptops,67.13,1,0.2,12.35
100711,27/12/2025,Cork,Clothing,Footwear,86.52,3,0.2,19.07
102724,2025-06-12,Dublin,Clothing,Menswear,46.3,1,0,13.51
103972,29-11-2024,Limerick,Electronics,Headphones,635.35,1,0,159.35
104458,2024-07-21,Cork,Electronics,Mobile Accessories,205.08,4,0,80.6
101700,02-02-2024,Cork,Grocery,Dairy,30.88,1,0,8.18
106481,26-12-2024,Dublin,Homeware,Lighting,848.24,3,0,305.81
101038,20-06-2024,Galway,Electronics,Headphones,646.14,3,0,232.27
104923,21-05-2024,Cork,Clothing,Accessories,35.05,1,0,11.73
103721,29-05-2025,Galway,Homeware,Bedding,921.92,4,0.05,278.44
102595,26/11/2025,Dublin,Homeware,Bedding,66.09,1,0,23.51
105745,15/09/2025,Cork,Homeware,Kitchenware,21.73,1,0.1,6.37
103051,2025-04-11,Limerick,Clothing,Accessories,332.73,3,0.05,67.43
104656,26-08-2024,Dublin,Electronics,Smart Home,1034.09,3,0,314.0
101450,11-09-2025,Cork,Homeware,Lighting,323.25,3,0.05,66.25
100456,2024-10-03,Galway,Clothing,Footwear,119.84,4,0.15,32.37
103419,2024-12-08,Limerick,Grocery,Snacks,66.51,1,0,17.14
102214,2024-08-21,Galway,Clothing,Kidswear,187.78,2,0.1,56.5
103554,04-03-2025,Dublin,Grocery,Dairy,29.46,3,0,12.45
105553,22-09-2025,Dublin,Electronics,Mobile Accessories,97.82,2,0,37.47
102472,2025-09-06,Dublin,Homeware,Bedding,294.41,1,0.15,56.66
103850,08-11-2024,Dublin,Homeware,Furniture,273.7,2,0.15,55.54
105124,06-02-2024,Cork,Homeware,Furniture,447.5,2,0,158.65
105366,26-08-2024,Dublin,Electronics,Laptops,845.07,4,0,327.91
104944,19/11/2025,Galway,Grocery,Snacks,219.52,4,0,59.36
106476,06/09/2025,Cork,Homeware,Lighting,174.74,1,0,55.24
103581,15-01-2024,Galway,Homeware,Bedding,566.16,2,0,157.96
105750,06/11/2025,Limerick,Electronics,Smart Home,2405.84,3,0,1056.46
101445,05/01/2025,Limerick,Grocery,Snacks,10.25,2,,2.83
105062,12/10/2025,Cork,Clothing,Menswear,96.74,1,0,30.53
103682,14/10/2024,Galway,Homeware,Storage,26.15,1,0,6.68
105921,06/10/2024,Dublin,Clothing,Menswear,106.23,1,0,46.98
102929,22-05-2025,Galway,Homeware,Bedding,959.64,4,0.1,177.98
101726,26/10/2024,Dublin,Clothing,Menswear,56.65,2,0,14.7
102740,18/12/2024,Galway,Grocery,Dairy,72.46,2,0.15,12.71
101197,2024-02-11,Dublin,Grocery,Fresh Produce,26.15,3,0.15,3.6
104166,21/01/2024,Dublin,Electronics,Smart Home,1215.66,2,0,514.31
101390,04/01/2024,Dublin,Clothing,Accessories,28.03,1,0,9.9
100794,17/07/2024,Limerick,Homeware,Storage,168.64,2,0.05,43.02
103660,01/03/2025,Dublin,Homeware,Storage,197.13,1,0,81.02
105050,01/07/2024,Cork,Clothing,Accessories,9.22,1,0.1,3.11
102898,02-01-2025,Dublin,Clothing,Womenswear,27.91,1,0.05,
101724,18/09/2024,Cork,Electronics,TVs,464.24,4,0.1,86.19
102072,30-04-2025,Limerick,Clothing,Accessories,31.59,3,0,11.56
105299,2025-01-30,Cork,Clothing,Womenswear,34.12,4,0,10.64
101257,11/03/2024,Dublin,Grocery,Bakery,31.06,1,0,12.96
104926,2025-07-24,Dublin,Grocery,Beverages,34.59,1,0,15.55
106118,23/09/2024,Galway,Homeware,Lighting,133.18,2,0.15,30.17
106339,22-09-2024,Cork,Homeware,Bedding,48.88,1,0.1,16.21
100715,04-11-2025,Dublin,Electronics,TVs,997.09,1,0.15,99.74
105395,03-07-2024,Dublin,Electronics,Laptops,360.94,3,0.15,36.11
104867,04/01/2024,Cork,Homeware,Storage,133.26,3,0,45.65
105528,03/11/2025,Limerick,Grocery,Dairy,124.59,2,0.2,8.79
104429,28-03-2024,Dublin,Homeware,Bedding,1371.21,4,,304.74
101438,2025-07-10,Dublin,Clothing,Menswear,90.25,2,0.15,19.45
102925,20/02/2025,Limerick,Grocery,Beverages,45.26,1,0.1,6.92
100800,07/05/2025,Galway,Grocery,Snacks,9.8,1,,0.51
100996,2025-08-08,Limerick,Homeware,Storage,248.46,1,0.1,54.94
104410,08/05/2025,Galway,Clothing,Accessories,24.0,1,0,10.28
102733,2024-02-18,Limerick,Homeware,Furniture,275.48,2,0,91.54
100654,20-03-2024,Dublin,Clothing,Footwear,14.67,1,0,4.27
103460,2024-09-22,Galway,Electronics,Headphones,343.6,2,0,119.61
103857,2025-04-03,Cork,Clothing,Menswear,57.18,1,0.15,6.2
100053,12-05-2025,Dublin,Grocery,Snacks,135.79,4,0.05,29.34
100595,23-10-2024,Cork,Homeware,Storage,42.82,2,0.15,11.21
102516,03-11-2025,Dublin,Homeware,Lighting,687.47,2,0,294.69
104973,01/03/2024,Galway,Clothing,Accessories,81.3,3,0.2,9.93
103468,19/03/2024,Galway,Clothing,Accessories,438.0,4,0.05,132.18
101332,2024-12-04,Limerick,Clothing,Womenswear,277.98,4,0.05,108.7
102080,2024-10-12,Cork,Clothing,Kidswear,58.29,1,0.1,18.56
100674,08/03/2025,Cork,Clothing,Kidswear,20.58,2,0.1,7.11
102409,09/04/2025,Cork,Clothing,Womenswear,77.98,2,0.1,17.36
105336,29/03/2025,Galway,Clothing,Menswear,122.78,2,0.15,14.0
101288,15/12/2024,Limerick,Electronics,Smart Home,768.24,1,0,249.39
102366,2024-10-13,Dublin,Grocery,Beverages,90.41,2,0,38.79
102639,28-08-2024,Galway,Electronics,Laptops,277.22,1,0.15,71.09
100165,26/04/2024,Dublin,Homeware,Lighting,368.34,2,0,146.47
105367,11/09/2024,Limerick,Homeware,Kitchenware,293.2,1,0.2,19.62
102651,01-02-2024,Dublin,Grocery,Bakery,150.51,4,0,67.51
102622,2025-06-07,Dublin,Clothing,Accessories,104.14,1,0.05,36.2
106428,12/11/2024,Galway,Clothing,Menswear,83.05,1,0,30.79
101837,2024-10-22,Dublin,Grocery,Bakery,6.39,2,0.05,
103014,18-09-2025,Dublin,Clothing,Accessories,70.46,1,0,26.32
106330,27-03-2025,Dublin,Homeware,Kitchenware,55.75,1,0.05,13.34
103064,09-06-2025,Dublin,Homeware,Furniture,467.72,3,0.2,89.2
102371,2024-11-01,Galway,Electronics,Smart Home,225.69,1,0.1,64.58
101167,28-05-2025,Dublin,Grocery,Fresh Produce,9.84,1,0,3.23
105997,2024-03-14,Cork,Grocery,Snacks,5.52,2,0.1,1.03
105532,22/04/2024,Limerick,Grocery,Bakery,27.11,1,0.05,10.25
101857,16/09/2024,Dublin,Electronics,Headphones,1105.24,4,0.1,335.81
104170,2025-11-11,Galway,Grocery,Dairy,25.87,2,0,9.5
104696,09/04/2024,Galway,Clothing,Menswear,149.8,2,0,50.13
100695,30-11-2024,Cork,Electronics,Headphones,327.91,1,0.15,69.29
100237,20/09/2025,Limerick,Clothing,Kidswear,11.32,1,0.2,0.58
102832,2025-12-17,Dublin,Homeware,Furniture,1124.04,4,0.05,410.57
105052,09-06-2024,Limerick,Clothing,Kidswear,205.14,2,0,55.1
103591,27-03-2024,Galway,Electronics,Smart Home,612.76,1,0,271.62
101771,26/08/2024,Cork,Grocery,Beverages,27.44,1,0,12.18
101334,07/12/2025,Dublin,Clothing,Footwear,63.03,1,0.2,5.93
104246,2024-12-08,Cork,Clothing,Footwear,164.89,2,0,55.32
100666,25-11-2025,Dublin,Homeware,Lighting,298.38,1,0,116.2
105417,15/01/2024,Dublin,Grocery,Dairy,63.96,2,0.15,13.1
104072,24/04/2024,Cork,Homeware,Kitchenware,268.62,3,0.15,63.25
104690,11/02/2024,Dublin,Clothing,Kidswear,91.85,1,0.15,11.49
101719,07/12/2024,Dublin,Homeware,Storage,816.27,4,0.2,53.96
106328,12-11-2024,Galway,Grocery,Fresh Produce,24.33,1,0,8.88
101294,01/09/2024,Dublin,Clothing,Footwear,101.72,1,0,32.61
101317,25-12-2024,Limerick,Electronics,Mobile Accessories,430.26,1,0.1,128.41
104904,05/11/2025,Limerick,Clothing,Kidswear,69.76,3,0,23.26
101814,24/05/2024,Galway,Clothing,Footwear,148.86,2,0,41.23
103688,02/04/2025,Galway,Clothing,Kidswear,94.63,1,0.05,20.89
104205,06/01/2024,Dublin,Electronics,Laptops,533.0,1,,63.95
102169,2024-06-09,Dublin,Homeware,Bedding,80.29,1,0,32.2
105063,14/11/2024,Limerick,Electronics,Headphones,1386.45,4,0.1,455.32
102854,03-02-2024,Dublin,Homeware,Kitchenware,210.08,1,0.15,22.8
103797,18-07-2024,Dublin,Grocery,Fresh Produce,25.22,1,0.2,3.58
103601,26/05/2025,Dublin,Clothing,Kidswear,199.66,2,0,53.38
100036,11/09/2024,Dublin,Electronics,Smart Home,2622.46,4,0.05,932.32
101169,2024-04-02,Dublin,Electronics,Laptops,770.87,3,0,228.68
106371,2024-10-01,Limerick,Electronics,TVs,1834.12,4,0.15,421.71
102985,2024-07-04,Dublin,Homeware,Bedding,275.75,2,,53.67
100590,2025-07-07,Galway,Homeware,Storage,393.14,2,0.15,97.58
103285,2024-12-23,Dublin,Homeware,Furniture,414.67,1,0.2,77.15
102317,25-02-2025,Galway,Grocery,Dairy,19.02,1,0.1,4.81
102083,2025-07-15,Cork,Homeware,Furniture,451.4,2,0.05,
102290,18-08-2024,Cork,Electronics,TVs,32.89,2,0,10.08
102512,06/02/2024,Dublin,Electronics,Headphones,231.32,1,0,101.14
102757,09/05/2025,Dublin,Electronics,Laptops,1320.9,3,0,515.43
101921,2025-07-27,Galway,Grocery,Dairy,16.95,1,0.05,4.55
103590,2025-03-28,Dublin,Homeware,Storage,243.89,1,0,87.22
100605,2025-05-02,Galway,Homeware,Bedding,391.1,2,0.05,124.21
102001,20-10-2025,Galway,Electronics,Headphones,419.39,1,0.05,136.52
100002,31-01-2024,Dublin,Homeware,Storage,424.56,2,0,130.25
105221,03/05/2025,Dublin,Clothing,Menswear,105.27,1,0.05,34.92
102389,31-12-2024,Galway,Clothing,Accessories,110.57,1,0.1,21.94
101081,16/07/2025,Dublin,Clothing,Menswear,124.75,1,0,51.31
104280,17/05/2025,Dublin,Homeware,Lighting,426.05,2,0.05,128.27
103104,15-07-2024,Dublin,Homeware,Kitchenware,159.0,1,0,47.37
102172,2024-09-08,Dublin,Homeware,Furniture,589.81,2,,195.57
102299,2025-03-21,Limerick,Grocery,Snacks,57.77,2,0,21.51
100845,16/12/2024,Dublin,Electronics,Laptops,2540.15,3,0.15,649.04
101598,16/07/2025,Dublin,Electronics,Laptops,523.54,1,0.05,142.73
102996,17/11/2024,Cork,Homeware,Lighting,443.77,3,0.2,61.94
105464,2025-12-05,Dublin,Homeware,Storage,1472.38,4,0.1,283.18
103711,2024-04-24,Dublin,Homeware,Storage,398.82,4,0.1,91.52
100914,2024-12-28,Dublin,Grocery,Bakery,27.82,1,0,10.12
106351,2025-09-15,Limerick,Electronics,Laptops,334.55,1,0.1,97.09
102549,12/10/2025,Cork,Electronics,Mobile Accessories,1227.95,4,0.2,166.49
101897,2024-09-25,Cork,Grocery,Snacks,20.18,1,0.05,5.03
106133,01-11-2024,Dublin,Homeware,Furniture,1093.85,3,0,368.02
105662,2024-10-20,Limerick,Homeware,Bedding,616.83,3,0,156.89
102920,20-08-2025,Galway,Grocery,Dairy,9.85,1,0.05,3.92
102792,11-11-2025,Cork,Electronics,TVs,266.84,2,0.05,99.03
105328,23/05/2024,Galway,Grocery,Snacks,10.66,1,0.05,3.21
104358,29-06-2024,Dublin,Electronics,TVs,574.46,1,0,165.36
102939,01-11-2025,Galway,Grocery,Snacks,94.14,2,0,27.98
103586,30/11/2025,Dublin,Homeware,Storage,363.92,1,0.1,107.99
102807,16-12-2025,Dublin,Grocery,Fresh Produce,62.15,1,0.1,11.69
103910,27-02-2024,Limerick,Homeware,Storage,61.52,1,0,26.07
100529,07/06/2025,Cork,Homeware,Lighting,169.6,1,0.2,36.6
100756,02-03-2025,Galway,Homeware,Storage,140.61,3,0.05,52.61
102722,2024-09-30,Cork,Clothing,Womenswear,36.46,1,0.1,9.38
101592,08/02/2024,Dublin,Electronics,Mobile Accessories,200.4,1,0,51.31
105679,2025-10-02,Cork,Clothing,Menswear,55.84,1,0.2,3.05
106154,22/04/2025,Galway,Clothing,Menswear,83.4,2,0.2,13.86
101891,30/11/2025,Dublin,Homeware,Bedding,284.97,3,0.15,41.56
103458,2025-05-24,Limerick,Homeware,Kitchenware,70.86,2,0.2,4.2
105482,11-06-2024,Galway,Electronics,Smart Home,1062.46,2,0.2,136.37
105987,10/01/2024,Dublin,Electronics,Headphones,284.92,2,0.1,80.21
102464,19/02/2024,Dublin,Clothing,Footwear,80.39,2,0.2,15.7
105108,21/09/2025,Dublin,Electronics,Smart Home,655.72,1,0.2,65.64
100102,18/03/2024,Dublin,Homeware,Lighting,1336.35,4,,369.96
103016,2025-10-26,Cork,Electronics,Headphones,305.97,1,0,108.29
102399,2024-02-24,Dublin,Electronics,Laptops,2598.22,4,0.1,568.21
104193,29/08/2025,Galway,Electronics,Mobile Accessories,105.43,1,0.15,23.96
100661,2024-11-15,Galway,Clothing,Womenswear,98.06,1,0.2,16.12
102257,03/01/2024,Cork,Clothing,Footwear,38.52,2,0.05,11.0
104331,05/07/2024,Dublin,Electronics,Headphones,346.55,3,0.2,63.15
100919,2025-02-13,Cork,Clothing,Womenswear,20.29,1,0.2,
103021,02-03-2025,Galway,Electronics,Smart Home,578.82,1,0.05,213.51
100458,08-08-2024,Galway,Clothing,Menswear,49.62,1,0,18.75
104195,21-08-2025,Galway,Grocery,Snacks,87.96,4,0.05,24.79
104834,2024-08-04,Dublin,Homeware,Bedding,76.28,4,0,20.56
105897,2025-02-28,Dublin,Clothing,Womenswear,63.89,4,0,26.2
104405,23/11/2025,Limerick,Electronics,TVs,618.44,1,0,227.7
102617,2025-11-22,Cork,Clothing,Womenswear,143.92,1,0.1,40.17
104934,2025-09-29,Cork,Electronics,Laptops,363.76,2,0,156.51
105641,2025-07-19,Dublin,Grocery,Snacks,16.02,1,0,7.19
106177,27-06-2025,Dublin,Grocery,Dairy,11.02,2,0.2,1.98
103681,25-04-2025,Dublin,Electronics,Headphones,293.95,1,0.1,86.86
106336,2025-02-02,Dublin,Clothing,Footwear,221.31,2,0,57.14
102492,2025-11-30,Cork,Grocery,Dairy,6.61,1,0,1.76
105025,26/08/2024,Dublin,Electronics,Mobile Accessories,696.39,2,0.2,117.82
102860,28-11-2024,Dublin,Homeware,Bedding,298.62,1,0.1,102.25
100669,30/06/2024,Cork,Grocery,Bakery,20.68,1,0,6.35
100413,2025-12-11,Cork,Grocery,Beverages,53.8,1,0,20.84
102203,2025-07-27,Dublin,Grocery,Beverages,36.02,1,0.2,5.43
103409,21-03-2024,Cork,Homeware,Kitchenware,825.72,3,0,336.62
100048,29/03/2025,Cork,Clothing,Accessories,57.94,1,0.15,7.4
101766,01/02/2025,Limerick,Electronics,TVs,68.76,2,0.1,16.97
100575,03-09-2025,Galway,Grocery,Fresh Produce,51.82,2,0,17.38
106358,2024-08-09,Galway,Electronics,TVs,554.69,2,0,151.42
101971,28-06-2025,Dublin,Electronics,Mobile Accessories,1110.81,2,0.1,217.17
106436,02/08/2024,Dublin,Homeware,Kitchenware,457.41,3,0,201.87
103520,17/07/2024,Limerick,Grocery,Dairy,39.94,2,0.15,5.69
103191,26/07/2025,Dublin,Grocery,Beverages,140.53,4,0,43.12
106227,06/10/2024,Cork,Grocery,Snacks,39.0,2,0,14.6
100246,25/10/2024,Galway,Clothing,Accessories,95.58,1,0.05,32.87
103474,06/07/2025,Cork,Homeware,Lighting,218.88,1,0,59.07
104329,17-05-2024,Limerick,Clothing,Footwear,172.2,2,0,59.19
101406,2025-08-06,Galway,Grocery,Bakery,121.35,4,0,45.85
105654,15-08-2024,Cork,Clothing,Accessories,98.81,1,0,33.91
104531,31-10-2025,Cork,Electronics,Headphones,169.12,1,0.05,49.58
103121,2025-03-17,Galway,Grocery,Fresh Produce,33.86,2,0.2,7.87
103289,16-02-2025,Cork,Homeware,Storage,90.1,2,0.1,24.69
103892,06/04/2024,Limerick,Clothing,Menswear,323.91,3,0.2,44.15
100984,2025-03-05,Cork,Homeware,Lighting,338.58,3,0.1,92.15
100612,10/04/2025,Dublin,Grocery,Bakery,22.3,1,0.15,5.09
103020,01/03/2025,Galway,Grocery,Dairy,24.02,1,0.15,2.97
102614,2025-09-13,Dublin,Homeware,Bedding,329.01,2,0,142.73
105672,2025-03-26,Galway,Homeware,Furniture,213.86,2,0,95.61
105565,2025-07-22,Limerick,Grocery,Bakery,134.78,4,0.1,40.2
102569,10/11/2025,Limerick,Grocery,Snacks,93.31,2,0,41.06
101849,25/01/2025,Cork,Electronics,Headphones,1086.82,4,0,289.71
104476,2024-09-11,Galway,Grocery,Beverages,5.92,1,0.15,1.23
101969,2025-02-12,Galway,Electronics,TVs,297.09,1,0,116.09
102913,2024-04-17,Dublin,Grocery,Snacks,28.36,2,0,7.39
101613,06/09/2025,Galway,Clothing,Menswear,107.58,1,0,36.89
103057,09/09/2025,Dublin,Homeware,Furniture,584.27,2,0,170.88
102114,13-04-2024,Limerick,Homeware,Kitchenware,56.69,1,0,23.29
102964,09-02-2025,Dublin,Homeware,Storage,255.41,1,0,
102835,12/06/2024,Galway,Electronics,Headphones,953.94,2,0,372.5
103336,27/10/2024,Dublin,Clothing,Menswear,56.92,1,0.15,11.71
100528,2024-04-02,Dublin,Homeware,Kitchenware,125.75,3,0.05,34.35
105970,2024-04-07,Dublin,Electronics,Smart Home,464.42,1,0,136.14
104123,2025-01-16,Dublin,Electronics,Mobile Accessories,871.33,2,0,338.38
106055,05/11/2024,Dublin,Clothing,Accessories,137.38,1,0,53.28
101686,11/11/2024,Dublin,Electronics,Smart Home,1539.13,2,0.15,232.82
102910,2025-06-12,Dublin,Electronics,Mobile Accessories,35.73,1,0,11.09
101672,2024-11-10,Dublin,Homeware,Storage,318.35,1,0,82.23
104176,25-03-2024,Limerick,Homeware,Kitchenware,430.48,2,0,141.09
103003,17/03/2024,Dublin,Grocery,Fresh Produce,83.63,3,0,32.38
102237,12-01-2024,Galway,Grocery,Bakery,39.99,3,,16.28
101227,02-05-2024,Cork,Grocery,Snacks,58.35,3,0,16.45
103853,02-03-2024,Galway,Grocery,Bakery,117.03,3,0.15,31.76
104007,27-05-2025,Galway,Homeware,Storage,543.7,2,0.15,98.29
105412,10-07-2025,Dublin,Electronics,Laptops,2769.02,4,0,987.23
102202,2024-01-21,Limerick,Clothing,Accessories,76.94,1,0,30.01
102731,07-08-2024,Cork,Homeware,Furniture,115.16,3,0.15,28.64
105608,2024-09-23,Limerick,Grocery,Snacks,42.53,4,0,15.95
100063,06/04/2025,Dublin,Clothing,Accessories,175.63,2,0,78.03
105219,2024-12-20,Cork,Grocery,Dairy,221.7,4,0,70.43
104607,31/07/2024,Dublin,Grocery,Dairy,31.14,4,0.05,11.2
105760,27-10-2024,Dublin,Homeware,Storage,140.0,2,0,62.35
104436,2024-12-28,Dublin,Clothing,Footwear,199.48,2,0.1,55.37
103181,24/06/2025,Dublin,Grocery,Bakery,79.46,2,0,33.33
101915,02/01/2024,Dublin,Clothing,Footwear,97.27,2,0.15,14.35
101732,2025-08-24,Limerick,Electronics,Headphones,1073.67,2,0,417.85
100824,26/07/2024,Cork,Clothing,Kidswear,30.59,1,0.05,11.84
101603,28/10/2024,Dublin,Clothing,Menswear,348.14,3,0,102.49
103347,10-11-2025,Dublin,Grocery,Snacks,53.11,1,0.2,7.23
103848,13/01/2025,Dublin,Homeware,Bedding,269.71,1,0,82.18
106083,14-10-2024,Limerick,Homeware,Bedding,85.46,1,0,32.08
103792,14/10/2024,Dublin,Homeware,Bedding,232.07,4,0.15,69.58
100245,2025-10-28,Limerick,Homeware,Furniture,308.97,3,0,109.44
100644,06-06-2024,Dublin,Clothing,Menswear,93.41,1,0.05,34.01
104073,25-05-2025,Dublin,Grocery,Bakery,55.55,3,0.2,6.63
102734,08-08-2024,Cork,Grocery,Bakery,17.31,3,0.05,5.22
105693,29/01/2024,Galway,Electronics,Laptops,740.31,3,0,324.5
103497,2024-11-20,Cork,Homeware,Lighting,687.5,3,0.15,120.33
103968,18-07-2024,Limerick,Grocery,Dairy,45.49,1,,6.05
105022,01-08-2025,Galway,Clothing,Kidswear,58.37,3,0,15.5
104149,2024-04-24,Dublin,Clothing,Accessories,208.7,4,0.2,23.52
102850,2025-05-02,Dublin,Clothing,Kidswear,75.78,2,0.2,8.69
103603,14/10/2025,Dublin,Electronics,TVs,143.58,1,0,61.95
102612,12-05-2025,Cork,Homeware,Kitchenware,22.4,1,0,9.72
101261,14/07/2024,Dublin,Electronics,TVs,287.4,1,,94.15
104568,14/12/2025,Dublin,Electronics,Smart Home,171.5,4,0.15,20.76
103173,2025-10-04,Dublin,Grocery,Beverages,47.16,3,0.2,5.27
102849,21-07-2024,Cork,Grocery,Beverages,51.32,2,0.1,12.88
101783,05-04-2025,Galway,Grocery,Snacks,43.36,4,0,12.04
104089,03/08/2024,Cork,Grocery,Snacks,13.02,2,0.15,2.27
103864,07/06/2024,Galway,Electronics,Smart Home,529.84,2,0.05,109.13
102642,2024-02-08,Dublin,Clothing,Womenswear,82.8,1,0,32.98
103500,2024-11-19,Dublin,Clothing,Accessories,86.26,3,0.15,11.71
106320,2025-12-09,Cork,Clothing,Footwear,208.43,2,0.05,53.56
100099,06/11/2025,Galway,Homeware,Kitchenware,1142.36,3,0,443.48
102532,18/07/2024,Dublin,Grocery,Fresh Produce,9.18,3,0,3.85
105854,2024-03-24,Dublin,Electronics,Mobile Accessories,344.4,1,0.1,60.88
104026,03-01-2025,Cork,Grocery,Fresh Produce,69.38,2,0.2,16.17
102663,2024-12-21,Dublin,Grocery,Dairy,39.73,2,0.2,4.91
102886,06/08/2025,Dublin,Grocery,Beverages,76.48,2,0.1,23.64
103081,07/12/2025,Cork,Electronics,Smart Home,448.12,1,0.15,79.32
103952,28/06/2025,Galway,Clothing,Footwear,59.42,2,0.2,7.32
106162,2024-05-12,Galway,Grocery,Dairy,12.91,1,0.05,2.65
100948,28/01/2025,Galway,Electronics,Smart Home,130.97,1,0,56.27
101917,2024-12-04,Dublin,Clothing,Womenswear,229.62,3,0,81.73
104417,08/03/2024,Cork,Grocery,Snacks,13.16,4,0.1,3.4
102879,2025-08-30,Dublin,Electronics,Headphones,2337.36,4,0.2,389.12
104045,2024-02-19,Dublin,Clothing,Menswear,41.74,2,0.15,
106203,26/03/2025,Cork,Electronics,Mobile Accessories,729.68,3,0,228.23
106016,2025-07-18,Dublin,Grocery,Bakery,59.89,4,0,22.88
104913,26/09/2024,Galway,Electronics,Laptops,761.52,3,0.1,229.51
100947,01/03/2025,Dublin,Homeware,Kitchenware,174.2,2,0,66.08
102772,05/05/2024,Cork,Homeware,Storage,249.15,1,0,108.24
100847,2025-07-16,Galway,Homeware,Bedding,314.3,2,0.15,64.93
104617,11-11-2025,Dublin,Grocery,Beverages,122.68,2,0,42.71
101150,2024-05-18,Dublin,Clothing,Menswear,50.12,1,0,17.84
100110,2025-09-02,Dublin,Homeware,Bedding,766.64,4,0,328.13
101763,22/08/2024,Limerick,Electronics,Smart Home,106.39,1,0,44.15
106493,2025-06-22,Galway,Homeware,Storage,225.6,4,0,61.95
103313,02-03-2024,Galway,Clothing,Womenswear,111.53,1,0,46.93
100884,2025-08-14,Dublin,Clothing,Kidswear,106.05,1,0,
103512,2024-04-21,Cork,Grocery,Bakery,18.7,1,0.1,5.69
101706,30/11/2024,Cork,Clothing,Kidswear,130.77,1,0,36.71
103773,2025-12-01,Galway,Electronics,Laptops,743.46,2,0,258.75
106382,01-08-2024,Limerick,Electronics,Smart Home,1578.25,4,0.1,284.66
102707,2024-04-23,Dublin,Grocery,Dairy,20.15,2,0,5.27
101395,03/05/2025,Dublin,Grocery,Snacks,79.0,3,0.05,21.39
101451,14/09/2024,Cork,Grocery,Beverages,24.59,1,0,6.51
103275,16-12-2024,Limerick,Clothing,Womenswear,94.36,1,0.05,29.17
100490,01/03/2025,Galway,Electronics,TVs,191.13,1,0.15,54.65
102352,09/07/2025,Cork,Clothing,Menswear,166.32,2,0,47.9
101510,2025-12-25,Cork,Grocery,Dairy,48.99,1,0,13.53
102686,2024-01-29,Limerick,Homeware,Lighting,245.8,2,0.1,62.66
100570,03/07/2024,Cork,Clothing,Accessories,199.7,2,0,80.85
103597,23-05-2024,Dublin,Clothing,Footwear,129.21,1,0,47.74
104304,18-04-2025,Dublin,Electronics,Mobile Accessories,701.04,4,,292.35
106288,21/09/2024,Dublin,Clothing,Menswear,274.97,3,0,111.16
102989,2024-08-13,Dublin,Clothing,Accessories,313.13,3,0,85.64
102981,07/11/2025,Galway,Homeware,Kitchenware,585.42,4,0,197.46
103108,15-06-2025,Cork,Clothing,Kidswear,43.5,3,0.05,13.45
103802,2024-10-17,Galway,Clothing,Kidswear,215.85,3,0,78.44
105173,05/07/2024,Dublin,Clothing,Womenswear,86.4,1,0.05,21.33
101712,25/06/2024,Limerick,Grocery,Snacks,40.78,1,0.2,3.59
106184,10-11-2025,Limerick,Clothing,Accessories,127.4,1,0.05,27.82
105280,16/07/2025,Dublin,Homeware,Furniture,1090.98,4,0.05,351.34
100597,2025-02-02,Dublin,Grocery,Snacks,102.53,4,0.2,16.42
104540,18-01-2024,Cork,Electronics,Mobile Accessories,783.37,3,0.05,251.05
106307,29-04-2025,Cork,Electronics,Headphones,57.72,2,0,20.1
105259,31-01-2025,Galway,Homeware,Kitchenware,80.72,4,0,29.15
102097,2025-10-08,Limerick,Grocery,Dairy,9.65,3,0.2,0.69
104942,2024-07-06,Cork,Electronics,Mobile Accessories,48.88,1,0.2,7.68
100353,2025-07-25,Dublin,Electronics,Smart Home,120.72,1,0.15,16.7
102319,24/12/2025,Cork,Electronics,TVs,375.42,1,0.2,70.31
106415,2025-08-13,Dublin,Electronics,Headphones,102.12,1,0,28.02
105993,2025-05-02,Galway,Homeware,Storage,190.12,4,0.05,58.5
103537,2025-03-23,Cork,Homeware,Lighting,94.01,1,0.1,24.49
104344,01-11-2025,Galway,Homeware,Storage,689.92,4,0,247.97
102856,08-03-2024,Dublin,Grocery,Snacks,109.11,4,0,29.92
101052,07/03/2025,Dublin,Homeware,Storage,1255.75,4,0,419.34
103798,02-10-2025,Dublin,Clothing,Footwear,47.13,3,0.1,8.73
105990,12/02/2025,Limerick,Homeware,Lighting,320.8,4,0,142.13
104537,14/11/2025,Cork,Homeware,Bedding,314.33,3,0,110.79
102840,22-09-2024,Dublin,Homeware,Bedding,112.77,2,0,44.7
102085,28-01-2025,Cork,Homeware,Bedding,100.54,2,0,26.47
104032,09/02/2025,Dublin,Grocery,Fresh Produce,45.15,1,0.05,13.07
102558,15/12/2024,Cork,Clothing,Footwear,35.08,1,0.1,6.41
103824,16/09/2024,Dublin,Clothing,Accessories,196.37,2,0,61.2
104299,2024-12-06,Dublin,Grocery,Bakery,19.87,1,0.2,4.64
101508,24/08/2025,Dublin,Homeware,Lighting,195.78,1,0,72.8
103317,12-05-2025,Cork,Homeware,Storage,735.87,3,0,291.27
105141,10-10-2025,Dublin,Electronics,Mobile Accessories,1328.87,2,0,384.87
100778,06-02-2025,Cork,Electronics,TVs,97.55,4,0.2,11.28
103005,2025-01-04,Cork,Clothing,Footwear,20.45,1,0,6.95
105862,26/01/2024,Galway,Grocery,Snacks,23.43,1,0.2,5.66
106036,26/05/2025,Dublin,Electronics,Smart Home,284.91,1,0,125.99
105415,13-05-2025,Dublin,Electronics,Laptops,486.56,2,0.2,92.87
103387,29-12-2024,Galway,Grocery,Dairy,54.32,4,0,19.37
101225,23/06/2024,Limerick,Homeware,Storage,257.26,1,0.1,70.78
100722,18-02-2024,Cork,Electronics,TVs,101.5,2,0.05,38.68
101627,13-09-2025,Dublin,Grocery,Fresh Produce,88.41,4,0,24.53
102504,21/12/2025,Dublin,Electronics,Smart Home,2126.17,4,0.15,448.51
102053,19-06-2025,Limerick,Clothing,Womenswear,138.84,2,0.15,20.9
105676,09/07/2025,Dublin,Clothing,Footwear,426.83,4,0.1,111.9
100994,09/02/2025,Dublin,Grocery,Bakery,24.48,1,0.15,
106462,2024-02-27,Dublin,Electronics,Smart Home,1355.85,2,0.15,272.58
106392,2024-10-04,Galway,Grocery,Beverages,73.72,2,0.1,12.48
106449,2024-04-03,Dublin,Clothing,Footwear,137.68,1,0.1,21.89
106122,14/01/2025,Cork,Grocery,Fresh Produce,8.38,2,0.1,1.59
105668,2025-11-09,Cork,Clothing,Womenswear,148.27,1,0.15,43.32
100023,03-01-2024,Limerick,Grocery,Snacks,46.22,3,0.15,4.66
100140,26-07-2025,Dublin,Grocery,Bakery,126.32,4,0.15,12.7
104902,04-01-2025,Cork,Electronics,Mobile Accessories,86.06,4,0,35.99
105416,2024-08-24,Cork,Grocery,Snacks,18.77,1,0.1,5.77
105807,06/08/2024,Galway,Grocery,Snacks,14.65,1,0.1,3.88
105525,15-04-2024,Galway,Electronics,Mobile Accessories,645.25,1,0,238.0
105388,10/05/2025,Cork,Clothing,Accessories,223.4,4,0,59.39
101013,12/01/2024,Galway,Homeware,Lighting,174.57,1,0,58.95
104351,28/10/2025,Galway,Homeware,Furniture,575.1,3,0.1,157.2
102986,05-10-2024,Cork,Electronics,Laptops,733.85,3,0.1,126.5
100844,2024-10-11,Dublin,Electronics,TVs,1195.68,2,0.15,164.36
100873,12-11-2025,Dublin,Clothing,Menswear,156.33,1,0.2,32.08
100184,30/04/2025,Cork,Homeware,Storage,269.01,1,0,70.94
101467,2025-02-17,Dublin,Grocery,Beverages,20.0,1,0.15,4.84
106094,2024-01-26,Galway,Clothing,Kidswear,59.14,2,0.15,11.07
102255,2024-08-27,Dublin,Homeware,Kitchenware,342.85,2,0.05,107.78
100793,22-11-2025,Galway,Clothing,Accessories,62.66,1,0,26.91
106053,22-05-2024,Dublin,Electronics,Mobile Accessories,92.71,2,0.05,21.69
101976,14-06-2024,Limerick,Homeware,Storage,232.52,1,0,83.66
103647,07-11-2025,Cork,Grocery,Beverages,31.68,1,0,10.82
102252,2025-10-29,Galway,Electronics,Mobile Accessories,963.86,2,,391.77
103319,2024-05-21,Cork,Grocery,Bakery,97.2,4,0,33.93
106081,2025-01-17,Dublin,Electronics,Laptops,686.66,1,0.2,129.32
106132,20/10/2024,Dublin,Grocery,Dairy,106.12,3,0,38.71
100589,2024-09-21,Limerick,Grocery,Bakery,44.98,2,0,14.75
100087,12/07/2024,Limerick,Homeware,Storage,484.24,4,0.2,81.28
100497,08-08-2025,Dublin,Electronics,Smart Home,241.72,1,0,91.03
100995,28-02-2025,Dublin,Electronics,Laptops,2387.72,4,0.2,349.1
103494,2024-06-16,Cork,Clothing,Footwear,81.25,1,0.15,12.12
103127,25-08-2024,Cork,Electronics,Mobile Accessories,247.47,1,0,67.94
106028,30/12/2025,Galway,Clothing,Womenswear,52.64,4,0.1,8.97
100687,03/05/2024,Cork,Grocery,Snacks,35.61,1,0.1,11.59
101708,19-06-2024,Cork,Electronics,Smart Home,260.85,1,,82.11
101498,2025-05-18,Limerick,Clothing,Accessories,63.94,2,0.2,12.98
102279,06-10-2024,Dublin,Grocery,Beverages,69.86,3,0.2,16.67
105772,2024-03-14,Galway,Clothing,Womenswear,74.38,1,0.2,17.42
102822,2025-07-06,Limerick,Homeware,Furniture,68.5,1,0,21.45
101809,2024-04-02,Dublin,Clothing,Menswear,118.73,2,0.2,11.34
103521,04-01-2025,Limerick,Clothing,Womenswear,20.48,1,0,8.47
103777,09/07/2024,Dublin,Electronics,Laptops,657.87,2,0.05,198.83
105469,2025-10-03,Cork,Electronics,Smart Home,369.29,3,0.2,61.93
101800,10-07-2024,Dublin,Grocery,Fresh Produce,26.48,1,0.2,1.62
100405,01-07-2024,Galway,Electronics,TVs,538.51,1,0.05,173.61
101481,17-01-2024,Dublin,Homeware,Lighting,1200.19,4,0.2,120.2
104154,2025-12-11,Dublin,Grocery,Snacks,58.35,1,0,25.46
101868,2025-10-16,Dublin,Grocery,Fresh Produce,62.1,2,0.15,13.91
101650,2025-07-06,Galway,Homeware,Kitchenware,561.66,2,0,210.01
100809,2024-11-09,Cork,Clothing,Accessories,143.42,4,0,57.24
105116,2025-06-06,Cork,Clothing,Footwear,39.3,1,0.2,7.06
101882,06/01/2025,Galway,Grocery,Bakery,36.9,2,0.2,5.83
100376,25/11/2025,Cork,Homeware,Furniture,674.27,3,0.15,118.91
101567,2024-06-19,Dublin,Grocery,Snacks,18.35,2,0.1,4.0
102022,2025-08-22,Galway,Electronics,Headphones,93.74,2,0.1,26.43
105286,01/03/2025,Dublin,Grocery,Fresh Produce,10.64,1,0,2.82
103139,2025-09-12,Cork,Electronics,Headphones,63.95,2,0,22.83
103502,2024-10-07,Cork,Grocery,Dairy,11.32,1,0.05,
105165,29-08-2024,Cork,Clothing,Womenswear,76.56,1,0,32.71
102238,08-06-2024,Limerick,Clothing,Kidswear,35.85,1,0.1,6.03
105781,29/10/2024,Dublin,Homeware,Kitchenware,194.0,1,0,
101054,26-02-2024,Dublin,Electronics,Mobile Accessories,1823.72,4,0,614.43
103628,2025-05-07,Dublin,Electronics,Mobile Accessories,466.72,2,0,169.39
104954,05-06-2025,Limerick,Electronics,TVs,425.55,3,0.05,142.94
100098,20/10/2024,Galway,Homeware,Storage,242.56,1,0.15,63.54
106446,25/01/2025,Dublin,Electronics,Headphones,681.47,2,0,193.7
101408,01/12/2024,Cork,Clothing,Accessories,258.8,2,0.05,74.49
105705,30/03/2025,Dublin,Electronics,Smart Home,173.63,1,0.05,54.65
103308,30-09-2024,Limerick,Grocery,Fresh Produce,82.55,3,0.1,14.02
105489,02/10/2025,Galway,Clothing,Footwear,64.81,1,0.2,5.24
100195,20/05/2024,Dublin,Homeware,Lighting,458.48,2,0.05,123.74
106277,2024-10-28,Galway,Clothing,Womenswear,408.36,4,0.2,54.9
100198,2024-04-19,Limerick,Grocery,Beverages,69.37,3,0.1,17.01
104273,16-08-2024,Dublin,Grocery,Beverages,16.11,4,0.05,4.22
105218,28/06/2024,Dublin,Electronics,Smart Home,577.62,1,0.1,121.42
100390,01-07-2024,Cork,Grocery,Fresh Produce,61.82,2,0.05,17.52
100326,2025-03-17,Limerick,Homeware,Storage,268.03,1,0,115.19
101924,2025-06-22,Galway,Homeware,Bedding,150.22,2,0,52.56
101618,29-11-2024,Galway,Grocery,Bakery,101.19,2,0,32.23
103592,20/11/2025,Dublin,Electronics,Headphones,44.13,1,0.2,8.81
103120,03/02/2024,Dublin,Homeware,Lighting,96.66,1,0.1,27.81
105109,30-07-2024,Dublin,Clothing,Kidswear,82.54,1,0,31.76
105757,2024-02-24,Galway,Homeware,Furniture,43.8,2,0.2,7.37
106262,15/07/2024,Galway,Clothing,Accessories,216.86,2,0,72.32
104071,13/01/2024,Limerick,Electronics,Smart Home,719.42,2,0.2,81.37
101121,26-09-2024,Dublin,Homeware,Furniture,255.5,1,0,73.91
103804,19/01/2025,Cork,Homeware,Storage,358.0,4,0,139.19
103951,23/07/2025,Limerick,Clothing,Footwear,298.36,4,0,119.13
102179,2024-08-22,Dublin,Homeware,Storage,265.58,1,0.2,59.1
102026,02-12-2024,Cork,Grocery,Dairy,19.04,2,0.15,5.29
105293,2024-01-01,Limerick,Clothing,Kidswear,17.46,2,0,7.55
100724,02-03-2025,Limerick,Grocery,Beverages,58.34,2,0.2,6.76
104093,2024-02-04,Cork,Homeware,Storage,684.78,3,0.2,60.9
101754,2024-11-17,Galway,Electronics,Headphones,143.6,1,0.15,25.87
102088,2024-09-12,Cork,Electronics,Laptops,341.37,1,0,117.88
100564,25-10-2024,Dublin,Clothing,Womenswear,35.68,1,0,11.99
105945,2024-07-12,Cork,Clothing,Kidswear,37.23,1,0,11.58
104795,09/08/2025,Cork,Electronics,Mobile Accessories,110.91,1,0.1,31.9
104788,2025-07-31,Dublin,Electronics,Headphones,30.07,1,0,9.26
103310,26-09-2025,Cork,Electronics,Headphones,269.23,1,0,76.28
101086,22/11/2024,Galway,Electronics,Headphones,676.62,2,0.15,74.35
100983,07/08/2024,Galway,Grocery,Bakery,28.53,1,0.05,9.46
104692,20/08/2025,Dublin,Clothing,Footwear,79.39,2,0.05,18.25
102488,21/05/2024,Dublin,Grocery,Dairy,18.37,1,0.05,7.04
105659,2024-12-04,Dublin,Clothing,Footwear,95.76,1,0.05,33.56
101782,2025-08-04,Cork,Homeware,Storage,23.52,1,0.05,6.69
105542,29-01-2025,Dublin,Homeware,Kitchenware,160.56,1,0,54.14
101845,2025-04-19,Limerick,Homeware,Kitchenware,273.13,1,0,79.14
105019,18/09/2024,Dublin,Grocery,Fresh Produce,31.87,1,0,8.98
105563,12-02-2025,Cork,Grocery,Fresh Produce,31.67,1,0.1,5.23
104069,03/10/2024,Cork,Grocery,Fresh Produce,73.4,4,0,23.55
103374,11/07/2024,Cork,Homeware,Bedding,59.36,4,0,23.48
102781,21-08-2024,Galway,Clothing,Kidswear,60.18,1,0.05,14.15
104622,11-10-2025,Limerick,Electronics,Smart Home,453.84,2,0.2,59.84
103233,2024-06-02,Dublin,Grocery,Bakery,66.98,4,0,27.62
105380,04-04-2025,Cork,Grocery,Snacks,22.45,1,0.2,2.68
100988,02-08-2024,Limerick,Electronics,Mobile Accessories,453.57,1,0,122.77
100652,2025-01-06,Dublin,Clothing,Accessories,76.58,1,0,23.59
100363,2025-02-17,Dublin,Homeware,Bedding,81.94,1,0.1,20.41
105130,28-07-2024,Limerick,Clothing,Accessories,231.52,2,0.1,41.37
103696,24-05-2024,Dublin,Homeware,Bedding,198.72,2,0,86.68
103069,18-03-2025,Limerick,Clothing,Kidswear,44.4,2,0.2,4.45
103043,16-02-2024,Galway,Clothing,Kidswear,37.74,1,0.1,8.55
104547,29-07-2024,Dublin,Homeware,Furniture,185.32,1,0.15,27.11
103872,25-10-2025,Dublin,Grocery,Fresh Produce,36.62,2,0.2,3.58
103684,2025-11-23,Cork,Clothing,Menswear,153.38,1,0.2,35.83
100043,25-11-2024,Cork,Clothing,Womenswear,365.4,4,0.2,37.57
104723,05/04/2025,Galway,Clothing,Footwear,122.92,4,,47.49
106029,08/11/2024,Dublin,Grocery,Bakery,9.69,1,0.2,1.7
103668,2025-07-25,Dublin,Grocery,Bakery,45.9,1,0.15,9.15
104838,30/10/2025,Dublin,Homeware,Bedding,188.13,1,0,79.09
102354,11-07-2025,Cork,Electronics,Smart Home,542.4,2,0.1,182.65
101893,2024-08-20,Cork,Electronics,TVs,113.96,1,0.05,36.53
102735,2025-06-13,Dublin,Clothing,Kidswear,174.43,3,0,57.81
103109,30/10/2025,Cork,Homeware,Kitchenware,997.6,4,,257.59
103424,23-06-2024,Dublin,Electronics,Smart Home,271.65,1,0.05,80.7
100317,25/05/2024,Galway,Grocery,Fresh Produce,48.6,3,0.05,13.74
104501,10-07-2024,Galway,Electronics,TVs,237.57,1,0.15,29.98
105240,31/01/2025,Dublin,Electronics,TVs,470.73,1,0.15,122.38
106478,06/09/2025,Dublin,Clothing,Menswear,323.71,3,0,94.31
103454,25/05/2024,Dublin,Grocery,Bakery,61.93,3,0.05,14.33
100689,26/08/2025,Dublin,Grocery,Fresh Produce,27.43,2,0.05,7.23
104046,21/03/2025,Dublin,Homeware,Lighting,59.39,2,0,25.81
102414,21/02/2025,Dublin,Grocery,Bakery,9.04,1,0.15,1.35
103221,31-07-2025,Dublin,Grocery,Dairy,40.55,1,0.2,6.86
104554,14-10-2025,Limerick,Homeware,Furniture,115.07,1,0.2,6.82
104601,2024-02-07,Cork,Electronics,Mobile Accessories,80.34,1,0,20.2
106241,12/07/2025,Dublin,Electronics,Headphones,2600.1,4,0,703.32
100653,11/05/2024,Limerick,Homeware,Bedding,99.15,1,0,25.16
102480,06-03-2024,Cork,Grocery,Beverages,38.85,1,0,11.83
102277,2024-06-15,Galway,Homeware,Bedding,200.86,1,0.1,43.94
104964,2024-03-28,Dublin,Clothing,Accessories,73.35,1,0,24.78
103713,24/12/2025,Galway,Grocery,Beverages,94.58,2,0.15,9.46
103061,26/03/2025,Limerick,Homeware,Lighting,59.1,2,0.15,10.06
100976,01-10-2025,Limerick,Grocery,Fresh Produce,67.01,2,0.05,23.28
101384,02-03-2025,Cork,Grocery,Bakery,14.87,1,0.15,2.62
100508,31/05/2024,Limerick,Grocery,Fresh Produce,72.19,4,,28.08
101880,28-11-2025,Limerick,Electronics,TVs,1799.74,3,0,631.46
102485,12-08-2025,Dublin,Electronics,Mobile Accessories,315.72,1,0.05,84.48
101082,2024-04-04,Cork,Homeware,Lighting,907.08,4,0.2,
104557,22-03-2024,Cork,Homeware,Furniture,160.74,1,,24.65
103845,27/07/2025,Galway,Grocery,Bakery,19.68,1,0,6.08
106398,2025-09-05,Cork,Electronics,Smart Home,720.75,3,0.1,178.52
103169,08/01/2024,Cork,Grocery,Bakery,26.89,1,,11.0
104860,2025-07-01,Cork,Electronics,Mobile Accessories,20.42,1,0,7.58
104673,2024-09-20,Cork,Grocery,Beverages,26.17,1,0.15,6.12
104611,14-07-2025,Galway,Clothing,Menswear,98.89,1,0,42.63
100569,13-05-2025,Cork,Homeware,Kitchenware,199.16,4,0.05,45.4
102811,06/03/2025,Galway,Clothing,Kidswear,220.38,2,0,
100657,19-09-2025,Dublin,Electronics,Headphones,2471.3,4,0,850.7
100632,29-04-2024,Dublin,Grocery,Dairy,7.83,1,0,3.23
100437,06/11/2025,Dublin,Homeware,Lighting,381.73,1,0,155.41
101462,2025-08-07,Galway,Grocery,Snacks,5.72,1,0.2,0.97
102376,03/11/2024,Dublin,Clothing,Footwear,281.46,2,0,85.72
104791,2025-06-01,Dublin,Clothing,Kidswear,283.59,3,0,109.82
105470,2025-05-01,Dublin,Homeware,Storage,182.27,2,0.2,35.27
104905,10/04/2024,Cork,Grocery,Fresh Produce,82.12,4,0.2,4.66
102361,20/07/2025,Cork,Homeware,Bedding,269.16,3,0.1,58.53
104772,24/10/2025,Limerick,Electronics,Mobile Accessories,1292.92,2,0,513.36
106232,26/10/2024,Dublin,Electronics,Mobile Accessories,456.68,1,0.1,77.03
105346,26-03-2024,Galway,Homeware,Kitchenware,281.79,1,,97.37
103931,08-11-2025,Cork,Homeware,Storage,269.61,2,0.2,46.59
104875,2025-01-09,Cork,Grocery,Fresh Produce,21.23,1,,8.84
100074,03/01/2024,Dublin,Clothing,Kidswear,13.41,1,0.15,3.26
102430,14-09-2024,Limerick,Electronics,Headphones,275.29,1,0.1,60.32
102155,2024-10-22,Dublin,Clothing,Accessories,80.49,1,0,33.39
106146,06/04/2024,Limerick,Clothing,Accessories,189.58,2,0,59.01
103766,24-05-2025,Dublin,Homeware,Bedding,47.92,1,0,18.75
104716,30-03-2024,Cork,Homeware,Lighting,172.42,1,0,55.15
101460,10-10-2024,Dublin,Homeware,Bedding,170.04,2,0.1,33.95
104185,24/03/2025,Galway,Clothing,Womenswear,54.0,1,0.1,8.67
100866,22/05/2024,Dublin,Electronics,TVs,688.86,3,0.2,59.92
102899,10-05-2024,Dublin,Homeware,Bedding,310.53,1,0,116.62
104379,2024-12-17,Dublin,Homeware,Lighting,793.02,2,0.05,216.65
105699,10-02-2024,Dublin,Clothing,Accessories,139.66,3,0,45.14
102729,23-02-2024,Dublin,Homeware,Bedding,292.76,1,0,73.64
104513,05/08/2025,Limerick,Electronics,Smart Home,712.3,4,0.15,159.1
105013,2025-03-27,Dublin,Grocery,Snacks,83.35,4,0.05,20.91
103483,2025-07-15,Dublin,Electronics,Headphones,607.49,1,0.1,156.35
101461,24-01-2024,Cork,Grocery,Bakery,34.12,4,,12.26
100222,21-12-2025,Dublin,Homeware,Storage,166.26,1,0.05,51.0
101593,2025-08-24,Dublin,Electronics,Smart Home,1877.89,4,0,542.35
101561,2025-05-16,Galway,Homeware,Lighting,267.37,1,0,93.38
102112,15-11-2025,Cork,Grocery,Bakery,41.5,2,0.2,7.99
104269,17-03-2024,Dublin,Clothing,Accessories,46.76,1,0.1,11.62
101400,2024-02-23,Cork,Homeware,Lighting,22.29,1,0.2,4.54
104428,12-06-2025,Galway,Homeware,Bedding,22.39,1,0.15,5.37
101073,13-03-2024,Cork,Homeware,Storage,96.49,1,0.05,34.15
102383,2025-03-01,Dublin,Electronics,Headphones,129.05,1,0.15,28.54
103045,18-12-2025,Cork,Electronics,TVs,419.1,3,0.05,92.45
100505,09/09/2024,Dublin,Grocery,Snacks,32.87,2,0,14.05
100101,28/05/2025,Limerick,Homeware,Furniture,550.14,2,0.2,105.06
102944,2024-01-30,Dublin,Clothing,Kidswear,323.02,3,0.15,68.72
100858,01/04/2024,Dublin,Grocery,Bakery,14.05,1,,3.1
100607,2025-09-25,Dublin,Homeware,Lighting,805.23,3,0,317.84
102961,18/06/2025,Cork,Electronics,Laptops,232.61,1,0.15,49.93
106450,26-11-2025,Galway,Clothing,Womenswear,137.98,2,0.2,21.88
102857,17/09/2025,Galway,Homeware,Furniture,561.42,3,0,202.29
104012,29/03/2024,Cork,Homeware,Lighting,875.04,4,0,357.4
102670,01-06-2025,Cork,Electronics,Headphones,437.61,3,0,174.1
102789,2024-10-13,Limerick,Electronics,Mobile Accessories,263.75,1,0,117.22
105949,2025-06-25,Cork,Grocery,Snacks,10.47,3,0.1,1.96
105144,26-12-2025,Dublin,Electronics,Smart Home,811.67,1,0.15,92.02
101100,2025-06-07,Dublin,Homeware,Furniture,806.89,4,0.2,91.82
104151,04/05/2025,Galway,Electronics,TVs,64.57,1,0.2,5.17
101299,21-08-2024,Dublin,Grocery,Fresh Produce,35.91,1,0.15,7.86
102037,2024-02-13,Dublin,Electronics,Laptops,731.71,3,0.05,262.45
105649,12-06-2025,Limerick,Clothing,Kidswear,94.49,1,0,30.09
103272,2025-09-16,Dublin,Grocery,Dairy,44.56,1,0,18.42
104755,2025-03-05,Cork,Grocery,Beverages,58.68,2,0.1,10.25
100805,05/09/2025,Cork,Homeware,Kitchenware,462.58,2,0,129.11
100501,2024-01-12,Cork,Clothing,Menswear,42.14,1,0,14.41
100467,05-10-2024,Cork,Homeware,Storage,122.68,2,0.05,33.59
102224,31-01-2024,Dublin,Homeware,Kitchenware,236.47,1,0,
102874,17-11-2024,Dublin,Electronics,Smart Home,475.19,1,0,122.71
100201,2024-04-07,Dublin,Homeware,Lighting,119.42,1,0,47.51
105538,2025-10-31,Galway,Grocery,Fresh Produce,79.3,2,0,30.19
102140,2024-10-13,Cork,Clothing,Footwear,23.83,1,0,8.62
104810,23/06/2025,Galway,Grocery,Fresh Produce,32.09,1,0,11.27
106449,2024-04-03,Dublin,Clothing,Footwear,137.68,1,0.1,21.89
101562,13-03-2025,Galway,Grocery,Snacks,23.14,1,0,6.99
101352,2024-12-11,Cork,Homeware,Lighting,788.96,2,0,206.2
102153,24/12/2025,Dublin,Homeware,Lighting,257.28,4,0,72.76
100145,25/04/2025,Limerick,Homeware,Furniture,413.42,2,0.05,127.19
106497,21-06-2025,Cork,Homeware,Furniture,204.99,1,0,81.35
105257,2025-03-27,Cork,Electronics,Headphones,741.46,3,0,220.72
106425,13/05/2024,Dublin,Homeware,Kitchenware,778.15,3,0,291.22
105934,27/02/2025,Dublin,Clothing,Kidswear,163.05,2,0.05,32.84
100819,2024-12-04,Cork,Clothing,Footwear,86.44,2,0,29.66
105878,2025-04-09,Cork,Homeware,Furniture,30.58,2,0.2,4.92
100046,31-05-2024,Cork,Electronics,Headphones,281.33,1,0,81.35
103989,13-01-2025,Dublin,Clothing,Kidswear,83.88,1,0.05,27.19
103373,2024-03-26,Galway,Electronics,Smart Home,925.56,3,0.1,286.44
100849,2025-02-11,Dublin,Clothing,Footwear,127.28,2,0.15,27.15
101529,11-07-2024,Dublin,Grocery,Fresh Produce,45.46,1,0.15,10.56
103970,2025-04-26,Cork,Homeware,Lighting,590.86,2,0.2,36.7
100491,15-06-2025,Dublin,Homeware,Storage,140.01,1,0.1,30.61
100814,09-01-2024,Galway,Grocery,Beverages,63.52,2,,14.97
102405,2025-11-01,Dublin,Electronics,Headphones,154.83,1,0,53.13
104207,06-01-2024,Dublin,Clothing,Accessories,405.31,3,0.2,24.54
102471,2024-10-11,Dublin,Clothing,Menswear,160.03,4,0,64.92
102363,18/08/2024,Limerick,Homeware,Furniture,191.67,2,0,55.57
101457,10-10-2024,Cork,Clothing,Womenswear,75.52,2,0.15,7.83
103516,08-02-2024,Cork,Grocery,Beverages,24.33,1,0.2,1.48
104271,03-07-2024,Dublin,Electronics,Headphones,274.84,1,0.05,78.95
104726,24/07/2025,Cork,Clothing,Footwear,44.79,1,0,18.15
101429,27-01-2025,Galway,Electronics,Smart Home,910.74,2,0,236.95
106365,2024-01-30,Limerick,Electronics,Smart Home,592.02,1,0,172.15
106264,13-05-2024,Cork,Electronics,TVs,265.77,1,0.1,88.73
103141,02-08-2025,Dublin,Grocery,Fresh Produce,111.67,4,0,46.37
100890,28-01-2025,Cork,Clothing,Kidswear,72.0,1,0,31.49
101330,2025-06-20,Galway,Grocery,Fresh Produce,36.61,1,0.05,7.69
102576,08/11/2024,Dublin,Electronics,Mobile Accessories,1040.99,1,0.1,327.94
102674,05-12-2024,Galway,Electronics,Mobile Accessories,3496.36,4,0,1342.3
106201,2024-03-12,Cork,Homeware,Lighting,422.4,2,0.2,26.24
101351,06-02-2025,Dublin,Electronics,TVs,497.55,1,0.2,29.28
103418,02-11-2024,Cork,Clothing,Menswear,448.11,4,0.2,75.1
104941,12/07/2025,Dublin,Grocery,Snacks,20.09,1,0.15,2.2
102064,09-12-2024,Galway,Homeware,Lighting,753.34,2,0.15,205.58
100343,2025-01-04,Galway,Grocery,Beverages,66.58,2,0.05,18.17
101291,2024-09-14,Cork,Grocery,Snacks,27.35,1,0,11.85
100332,31/01/2025,Galway,Clothing,Accessories,169.9,2,0.1,29.51
102672,2024-10-11,Dublin,Electronics,Mobile Accessories,1180.96,2,0.2,128.16
103847,18-09-2024,Dublin,Electronics,Mobile Accessories,567.62,1,0,248.72
102477,01-01-2025,Dublin,Homeware,Kitchenware,452.71,3,0.1,154.03
104065,2024-11-20,Limerick,Clothing,Footwear,135.41,4,0.1,43.44
101437,11-09-2025,Cork,Clothing,Footwear,147.21,3,0.05,58.28
106019,07/06/2024,Limerick,Clothing,Menswear,26.88,1,0.05,7.83
105064,28-12-2024,Dublin,Grocery,Bakery,36.79,1,0,12.54
101205,21/03/2024,Cork,Grocery,Fresh Produce,19.78,2,0,7.7
105342,25/03/2025,Dublin,Clothing,Footwear,273.08,2,0.05,95.97
101551,2025-07-18,Cork,Homeware,Kitchenware,87.63,1,0.1,26.2
105579,2024-12-14,Galway,Clothing,Accessories,415.0,3,0,179.37
103528,27/09/2025,Dublin,Homeware,Bedding,32.18,2,0.1,7.8
100600,2025-10-09,Dublin,Grocery,Fresh Produce,22.24,1,0.2,2.93
104613,2025-01-09,Dublin,Grocery,Dairy,36.39,2,0,11.76
105954,14/09/2024,Limerick,Clothing,Menswear,101.25,3,0.05,25.68
103229,2025-07-15,Cork,Clothing,Footwear,80.85,1,0.05,26.36
100563,2024-03-03,Dublin,Homeware,Storage,938.19,3,0.2,234.51
105038,22-01-2024,Dublin,Homeware,Bedding,55.66,1,0,17.23
101476,07/02/2025,Dublin,Electronics,Smart Home,140.81,1,0,39.1
101170,24-03-2024,Limerick,Homeware,Furniture,758.46,3,0.2,160.63
104553,12/09/2024,Dublin,Clothing,Footwear,30.36,2,0.2,6.16
106338,16-12-2025,Galway,Clothing,Womenswear,149.51,1,0.2,24.31
100236,2025-01-28,Galway,Homeware,Kitchenware,155.23,1,0,66.82
106353,2025-12-24,Dublin,Homeware,Bedding,1015.97,4,0,404.51
102423,2024-06-17,Dublin,Grocery,Beverages,35.1,1,0.2,7.43
105256,26-07-2024,Limerick,Electronics,Mobile Accessories,428.75,1,0,182.25
100922,15-03-2025,Dublin,Electronics,TVs,467.98,1,0.2,61.66
100534,2024-02-07,Dublin,Electronics,TVs,631.07,1,0,167.82
104559,18-07-2024,Galway,Electronics,TVs,170.14,2,0,67.33
101276,11/12/2024,Dublin,Homeware,Furniture,701.25,4,0.05,172.23
105378,27/10/2025,Limerick,Electronics,Smart Home,601.64,2,0.2,74.17
102632,16-11-2024,Dublin,Homeware,Kitchenware,479.8,1,0.2,110.92
103332,25/04/2024,Galway,Homeware,Furniture,119.79,3,0.2,28.76
104839,20-10-2024,Galway,Electronics,Smart Home,1299.36,3,0,516.12
102271,11/07/2025,Cork,Grocery,Fresh Produce,54.16,2,0.1,18.82
106166,2024-03-29,Dublin,Grocery,Fresh Produce,28.11,1,0.2,2.73
105122,27-11-2025,Cork,Grocery,Beverages,47.85,1,0.2,4.93
105307,2024-03-21,Dublin,Homeware,Lighting,329.59,4,0.2,39.55
102522,2024-10-01,Limerick,Clothing,Accessories,249.24,4,,111.94
103075,2025-04-18,Dublin,Homeware,Bedding,780.71,4,0.2,125.2
100738,16/03/2025,Dublin,Homeware,Kitchenware,397.83,2,0,99.96
101802,21-05-2024,Cork,Clothing,Accessories,28.71,1,0,9.81
106499,27-08-2024,Limerick,Electronics,Mobile Accessories,1300.73,3,0.2,206.75
105315,11/01/2024,Galway,Grocery,Bakery,37.04,1,0.1,12.08
103186,17/04/2025,Dublin,Homeware,Bedding,327.35,1,0,87.2
100903,25-11-2025,Limerick,Clothing,Footwear,104.08,1,0,32.54
106359,2024-03-05,Dublin,Electronics,TVs,1731.49,4,0.05,407.96
106477,2025-07-08,Limerick,Electronics,Mobile Accessories,1124.44,2,0.2,235.63
103513,25/01/2024,Dublin,Homeware,Lighting,299.14,1,0.05,96.47
106375,08-03-2024,Cork,Clothing,Kidswear,132.57,3,0,47.96
100280,10/08/2024,Dublin,Electronics,Laptops,968.27,2,0.15,216.11
101172,29-10-2024,Dublin,Clothing,Kidswear,21.1,1,0.1,5.85
100935,13/08/2024,Dublin,Grocery,Dairy,6.38,1,0,2.19
103856,2024-04-11,Dublin,Clothing,Footwear,69.07,1,0.05,16.9
101140,2025-03-15,Dublin,Clothing,Accessories,45.08,1,0.15,8.72
104693,27/07/2024,Galway,Grocery,Fresh Produce,35.77,1,0,11.36
102746,08/07/2025,Galway,Homeware,Furniture,467.94,2,0,165.69
105799,2024-08-13,Galway,Grocery,Beverages,82.75,3,0,33.14
104649,2025-06-03,Dublin,Grocery,Fresh Produce,69.18,2,0.05,23.49
106468,2024-01-13,Dublin,Homeware,Kitchenware,513.87,4,0.05,105.92
101634,31/08/2024,Galway,Grocery,Bakery,33.61,2,0.1,5.2
103718,2024-11-13,Galway,Clothing,Footwear,152.36,1,0.2,18.73
100197,2024-02-07,Limerick,Clothing,Footwear,86.61,3,,5.61
104339,2025-06-20,Dublin,Grocery,Dairy,24.32,3,0,8.91
103278,2025-09-27,Limerick,Electronics,Mobile Accessories,753.57,3,0.05,208.28
103607,13-07-2024,Cork,Homeware,Storage,195.01,1,0,59.82
106477,2025-07-08,Limerick,Electronics,Mobile Accessories,1124.44,2,0.2,235.63
102127,08-02-2025,Limerick,Homeware,Kitchenware,123.3,1,0.2,6.33
101936,2024-04-01,Cork,Clothing,Footwear,107.6,1,0.05,37.37
102016,2025-10-21,Cork,Homeware,Lighting,563.08,2,0.05,168.25
101834,06/09/2024,Limerick,Grocery,Bakery,8.98,2,0,3.98
103148,05-11-2024,Limerick,Clothing,Womenswear,646.69,4,0.2,74.95
100970,31/10/2025,Dublin,Homeware,Storage,551.07,3,0.1,121.08
103395,20-03-2025,Dublin,Clothing,Footwear,35.26,1,0.1,9.79
106312,19/04/2024,Dublin,Clothing,Footwear,30.52,1,0.1,8.43
100753,16/06/2025,Galway,Electronics,Mobile Accessories,347.78,1,0.2,32.79
101469,22/03/2025,Galway,Clothing,Menswear,56.98,1,0,22.57
103206,2025-09-04,Dublin,Electronics,Laptops,2055.65,3,0.2,216.24
104612,2025-11-25,Cork,Homeware,Furniture,360.91,1,0.05,134.93
105177,23/04/2025,Galway,Grocery,Dairy,20.54,1,0,5.81
104651,18-08-2024,Dublin,Clothing,Menswear,40.11,1,0,11.08
103273,25-09-2025,Dublin,Electronics,Mobile Accessories,1484.67,2,0,642.26
101096,06-05-2025,Cork,Homeware,Lighting,26.99,1,0,7.3
105180,04/02/2024,Dublin,Clothing,Menswear,106.77,4,0,32.2
100064,21/09/2024,Dublin,Grocery,Dairy,2.75,1,0,1.1
101316,2024-12-17,Dublin,Grocery,Beverages,28.14,2,0,9.85
105564,25/04/2024,Galway,Grocery,Snacks,26.42,2,0,10.18
101297,2024-10-10,Cork,Electronics,Mobile Accessories,513.78,3,0,152.22
102813,18-12-2024,Dublin,Grocery,Beverages,13.14,1,0.05,3.69
100224,27/02/2025,Dublin,Homeware,Bedding,33.81,2,0.1,7.92
103305,25/12/2024,Cork,Clothing,Kidswear,344.02,3,0.15,102.71
101637,11-02-2025,Cork,Electronics,Laptops,974.57,3,0.2,146.25
106355,2024-01-12,Dublin,Electronics,Laptops,106.29,1,0.15,17.94
100573,16-09-2025,Dublin,Clothing,Menswear,194.63,2,0.2,26.09
102293,2024-05-22,Dublin,Clothing,Menswear,66.86,1,0.05,15.19
104418,31-07-2025,Dublin,Electronics,TVs,180.25,2,0,53.6
100080,2025-12-11,Cork,Clothing,Accessories,16.95,1,0,6.77
105850,17-03-2024,Limerick,Clothing,Womenswear,101.16,3,0.2,22.42
104444,30/07/2024,Galway,Homeware,Bedding,190.52,1,0,59.97
101522,2024-06-16,Dublin,Grocery,Beverages,137.72,3,0.1,30.6
103130,30-09-2024,Galway,Electronics,Smart Home,1959.36,4,0,728.66
103911,20/11/2024,Dublin,Electronics,Smart Home,2272.18,3,0.15,466.16
101005,2025-09-20,Cork,Electronics,Laptops,193.1,1,0,79.45
104414,16-08-2024,Cork,Electronics,Headphones,296.46,3,0,105.31
105867,25/01/2024,Cork,Clothing,Kidswear,248.85,3,0.2,20.78
105404,2025-12-02,Cork,Electronics,Laptops,203.7,1,0,78.44
104922,18-03-2024,Dublin,Electronics,TVs,181.95,3,0,58.05
102442,2024-12-18,Dublin,Grocery,Bakery,99.14,2,,23.56
100746,08/10/2025,Limerick,Grocery,Snacks,62.21,3,0.15,11.77
101396,05-02-2024,Cork,Grocery,Dairy,30.75,1,0.1,10.42
103949,05/05/2024,Limerick,Grocery,Fresh Produce,26.4,1,0.1,6.7
100702,2024-05-13,Cork,Homeware,Storage,290.04,4,0,88.36
104478,26-08-2025,Dublin,Electronics,Mobile Accessories,349.57,2,0,155.5
102315,10/01/2025,Cork,Clothing,Footwear,55.07,1,0.1,
103234,27-02-2025,Dublin,Homeware,Furniture,232.91,1,0,
105700,25/02/2024,Limerick,Electronics,Headphones,547.29,1,0.2,117.71
104220,2025-08-04,Dublin,Clothing,Footwear,284.65,4,0,103.57
105377,04/10/2024,Limerick,Clothing,Accessories,177.68,4,0,70.1
101751,05/10/2024,Dublin,Grocery,Snacks,24.89,1,0.2,5.1
103237,28/11/2025,Galway,Clothing,Footwear,207.96,2,0,64.92
104214,2025-06-27,Cork,Electronics,TVs,66.53,3,0,19.0
102149,27/01/2024,Galway,Homeware,Lighting,136.0,2,0.15,38.52
105438,22-11-2025,Dublin,Homeware,Kitchenware,1391.72,3,0,449.98
101386,30/11/2024,Galway,Grocery,Snacks,89.32,2,0,29.88
103562,2025-08-30,Cork,Clothing,Womenswear,51.36,1,,12.57
104678,2025-10-10,Dublin,Homeware,Bedding,259.09,1,0,93.04
105951,03/11/2025,Dublin,Clothing,Kidswear,178.65,2,0,49.07
105444,2025-08-01,Cork,Homeware,Lighting,150.88,1,0.15,44.12
104751,28/06/2024,Galway,Electronics,Headphones,87.65,1,0,27.2
103995,2025-06-06,Limerick,Electronics,Smart Home,146.97,3,0,59.21
105413,13-04-2025,Cork,Homeware,Furniture,250.68,3,0.2,45.45
104849,13/05/2024,Limerick,Homeware,Furniture,81.56,1,0,27.7
103133,20/01/2024,Dublin,Grocery,Dairy,56.76,4,0.15,6.12
105127,08/06/2025,Limerick,Grocery,Dairy,92.81,3,0.05,25.63
104858,09-09-2024,Limerick,Homeware,Bedding,228.08,1,0.15,46.92
105843,19/08/2024,Cork,Homeware,Bedding,447.42,2,0.1,118.79
105067,2024-02-01,Cork,Grocery,Beverages,10.4,1,0,
100558,01-05-2025,Dublin,Clothing,Footwear,118.14,1,0.2,21.3
102846,2025-04-15,Dublin,Electronics,Mobile Accessories,686.22,1,0.1,128.91
105754,25/08/2024,Limerick,Electronics,Mobile Accessories,994.26,2,0,363.1
103717,21-08-2024,Cork,Homeware,Furniture,693.78,3,,186.27
102039,04/08/2025,Dublin,Grocery,Bakery,31.61,1,0.15,9.44
106060,04/03/2024,Cork,Grocery,Beverages,25.81,1,0.05,6.89
105936,18/06/2025,Dublin,Electronics,Laptops,1170.7,2,0,420.24
102946,2025-11-13,Dublin,Homeware,Bedding,472.5,1,0.2,33.1
103917,18-05-2024,Dublin,Electronics,Headphones,595.84,1,0.15,148.3
102449,18-12-2025,Cork,Electronics,Headphones,62.69,3,0.2,10.51
100200,04-08-2025,Galway,Homeware,Bedding,477.31,3,0.05,111.98
104350,18/12/2025,Cork,Electronics,Headphones,412.15,3,0,133.21
100293,2024-06-02,Dublin,Electronics,TVs,1817.98,3,0.15,306.98
102648,15-05-2024,Cork,Homeware,Furniture,74.56,2,0.1,12.98
104121,15-10-2024,Dublin,Homeware,Furniture,159.4,1,0,40.93
102785,13/07/2025,Cork,Homeware,Furniture,979.6,4,0,363.57
105680,24-05-2025,Cork,Homeware,Lighting,232.87,1,,69.58
101065,20/01/2025,Limerick,Homeware,Storage,430.94,2,0.2,50.95
104342,14/12/2025,Galway,Homeware,Lighting,100.88,2,,23.45
104623,25-07-2024,Dublin,Homeware,Kitchenware,95.56,1,0,35.37
100735,02/03/2025,Galway,Grocery,Snacks,129.56,4,0,42.19
104831,2024-01-28,Galway,Homeware,Kitchenware,331.9,2,0.05,105.95
104811,20/07/2024,Cork,Grocery,Beverages,75.12,2,0.05,29.89
106396,03-02-2025,Galway,Homeware,Storage,174.2,1,0.05,37.5
106026,14/03/2025,Dublin,Electronics,Smart Home,699.06,1,0.15,76.87
101486,03-10-2024,Dublin,Homeware,Storage,270.64,2,0.05,90.18
101220,09/04/2024,Dublin,Electronics,Smart Home,1350.1,2,0.2,271.44
105963,17-05-2025,Galway,Grocery,Fresh Produce,42.52,4,0,15.87
100461,2025-10-17,Galway,Grocery,Snacks,51.98,2,0.05,11.97
103171,25/03/2024,Dublin,Clothing,Accessories,89.81,1,0,32.07
102143,2024-03-15,Galway,Grocery,Snacks,55.06,2,0,22.99
105089,2024-12-28,Dublin,Clothing,Footwear,123.95,1,0.15,14.05
100470,10/01/2024,Galway,Grocery,Dairy,10.79,1,0.1,2.97
104575,2025-09-02,Galway,Electronics,Mobile Accessories,230.19,1,0.1,76.84
100209,11-03-2024,Limerick,Clothing,Menswear,40.15,1,0.2,8.95
102603,2025-09-01,Galway,Electronics,Mobile Accessories,564.62,1,,223.12
106421,11/11/2025,Dublin,Electronics,Headphones,1560.86,4,0,474.0
106260,2025-09-28,Dublin,Clothing,Womenswear,121.53,1,0.1,25.44
100204,10-04-2025,Galway,Grocery,Snacks,57.34,2,0.2,8.17
104225,2024-11-28,Dublin,Homeware,Lighting,23.63,1,0,6.96
101862,03/03/2025,Galway,Clothing,Footwear,114.85,1,0.05,40.57
100818,2025-03-05,Cork,Clothing,Accessories,83.12,2,0,27.97
101876,2024-05-26,Dublin,Grocery,Dairy,18.96,1,0.2,3.05
100021,04-04-2025,Dublin,Homeware,Furniture,663.14,4,0,239.64
105762,19-09-2025,Limerick,Grocery,Bakery,44.4,4,0,11.32
101185,16-10-2024,Galway,Clothing,Accessories,52.11,1,0,18.36
103151,22/07/2025,Galway,Homeware,Bedding,255.58,2,0.1,86.37
105876,31-10-2024,Galway,Homeware,Lighting,182.28,1,0,50.73
104722,2025-06-04,Limerick,Homeware,Furniture,398.5,2,0,135.83
104360,2024-02-28,Dublin,Homeware,Kitchenware,111.66,2,0.1,36.55
100355,2025-04-19,Limerick,Clothing,Menswear,210.08,2,0.1,33.85
102660,21-11-2025,Cork,Homeware,Bedding,236.96,2,0,101.77
102755,10/08/2024,Limerick,Grocery,Snacks,41.11,2,,16.13
104861,05/11/2024,Dublin,Homeware,Bedding,484.06,2,0,204.65
105254,08/04/2024,Limerick,Clothing,Accessories,65.35,1,0,27.4
105550,05-04-2025,Limerick,Grocery,Beverages,16.37,2,0.05,
100367,16-10-2024,Dublin,Electronics,Smart Home,171.52,1,0.2,33.86
104453,2025-04-22,Galway,Electronics,Mobile Accessories,277.47,3,0,114.15
103758,17/05/2025,Galway,Homeware,Storage,256.66,2,0,99.19
100008,27-02-2024,Dublin,Electronics,Mobile Accessories,317.09,1,0,84.78
101211,2024-04-10,Dublin,Clothing,Footwear,186.13,3,0,60.72
100874,21/10/2025,Dublin,Clothing,Accessories,267.31,2,0.2,54.35
106246,21-09-2024,Dublin,Clothing,Menswear,19.1,1,0.05,4.86
106135,14/03/2025,Dublin,Grocery,Dairy,14.89,1,0,6.68
101372,29-03-2025,Dublin,Electronics,Headphones,155.15,1,0,65.35
104041,19/06/2025,Dublin,Grocery,Beverages,135.14,3,0,43.29
105393,07-05-2024,Dublin,Electronics,TVs,64.83,1,0,19.49
105702,23/09/2025,Dublin,Electronics,Laptops,665.67,1,0.05,243.8
106500,2025-06-07,Cork,Homeware,Kitchenware,528.76,2,0.2,44.42
103023,2024-01-15,Cork,Grocery,Snacks,28.18,2,0.05,6.9
102013,09-01-2025,Cork,Grocery,Bakery,53.24,4,0.1,10.84
103030,2025-12-20,Dublin,Electronics,TVs,2473.68,3,0.05,749.08
104519,06/10/2025,Dublin,Grocery,Snacks,28.2,1,0.2,2.92
100969,2024-02-08,Dublin,Homeware,Lighting,113.3,3,0,29.39
102968,2024-12-04,Galway,Electronics,Smart Home,706.58,1,0.2,41.45
104737,25/07/2025,Cork,Electronics,TVs,517.12,2,0,140.82
103384,30-08-2024,Limerick,Homeware,Kitchenware,196.7,1,0,61.54
103854,2025-03-16,Galway,Clothing,Footwear,21.48,1,0,6.6
103132,28-03-2024,Dublin,Grocery,Fresh Produce,26.06,1,0,9.58
105985,2025-05-11,Galway,Clothing,Womenswear,19.32,2,0.15,3.36
105030,15-11-2024,Galway,Grocery,Fresh Produce,71.76,2,0,22.1
102109,05-03-2025,Limerick,Clothing,Accessories,25.06,1,0,10.84
102038,27/06/2025,Cork,Clothing,Footwear,47.32,2,0,19.24
104544,2025-07-03,Cork,Grocery,Bakery,5.56,2,0,1.95
104371,2025-08-23,Galway,Homeware,Furniture,497.9,2,0,214.76
106069,15/10/2025,Dublin,Clothing,Menswear,226.5,2,0.1,79.18
101633,22/03/2024,Cork,Homeware,Bedding,206.63,1,0.1,65.57
100916,2024-07-05,Cork,Grocery,Fresh Produce,118.8,3,0.2,19.26
104721,30/12/2024,Galway,Electronics,Smart Home,677.77,1,0.1,194.39
102249,13/01/2024,Dublin,Homeware,Furniture,186.66,1,0.1,29.96
100239,29/12/2025,Galway,Homeware,Lighting,142.58,1,0,64.01
103248,26/09/2024,Dublin,Electronics,Headphones,607.53,1,0,161.36
101336,09-03-2024,Dublin,Grocery,Bakery,43.53,1,0.15,6.83
106191,23-05-2024,Dublin,Homeware,Furniture,999.15,3,0.05,287.72
103408,25-03-2025,Dublin,Electronics,Mobile Accessories,525.64,2,0.15,88.29
105145,18/08/2024,Dublin,Electronics,Mobile Accessories,1531.7,4,0,498.62
104781,2025-08-29,Dublin,Electronics,Mobile Accessories,33.15,1,0.15,9.47
101416,02/01/2024,Limerick,Electronics,TVs,1094.24,2,0.1,174.61
101621,17-07-2025,Dublin,Clothing,Kidswear,61.62,1,0.2,12.74
101596,18/09/2025,Galway,Clothing,Kidswear,119.04,1,0.05,24.74
101761,22/11/2024,Limerick,Homeware,Storage,340.94,1,0.05,127.45
106283,2025-06-07,Cork,Electronics,Smart Home,256.83,2,0,68.94
105639,2025-09-12,Dublin,Electronics,Smart Home,87.79,2,0.2,7.91
104189,26/11/2024,Dublin,Clothing,Footwear,46.17,3,0.2,3.5
100257,21-07-2024,Cork,Clothing,Footwear,8.5,1,0,3.35
102455,30-04-2024,Cork,Grocery,Snacks,23.15,1,0.1,4.59
105054,07-11-2024,Limerick,Grocery,Snacks,32.84,1,0,10.26
104778,06-07-2025,Galway,Grocery,Snacks,21.53,1,0.1,4.46
106023,08/11/2024,Dublin,Homeware,Furniture,233.82,1,0,102.77
106224,2024-02-20,Galway,Grocery,Dairy,109.26,3,0.1,30.37
100820,07-04-2025,Cork,Grocery,Fresh Produce,25.53,3,0.1,8.03
104151,04/05/2025,Galway,Electronics,TVs,64.57,1,0.2,5.17
101206,2024-06-08,Cork,Homeware,Storage,223.94,2,0.05,44.97
103707,08-03-2025,Dublin,Clothing,Kidswear,101.59,1,0.15,10.18
102804,07/11/2024,Dublin,Electronics,Laptops,956.82,1,0,413.96
103243,10-07-2024,Cork,Grocery,Fresh Produce,39.43,1,0,14.86
106284,09-03-2024,Cork,Clothing,Kidswear,69.17,1,0,24.11
105988,2024-07-29,Limerick,Grocery,Bakery,20.64,1,0,7.78
101427,01/05/2024,Cork,Grocery,Snacks,4.8,2,0,1.83
104293,2024-04-09,Dublin,Grocery,Beverages,30.89,1,0.2,2.89
103346,2024-04-05,Galway,Clothing,Footwear,100.38,1,0,32.94
101808,13-10-2024,Dublin,Electronics,Smart Home,1610.51,4,0.1,504.81
100158,31/12/2024,Limerick,Electronics,Mobile Accessories,1096.26,4,0,397.51
105329,07/04/2024,Dublin,Homeware,Lighting,563.45,3,0.1,134.55
102052,02/05/2024,Galway,Clothing,Kidswear,379.48,4,0.2,92.2
100336,2025-06-19,Galway,Electronics,Smart Home,237.06,2,0.1,55.35
100163,24-03-2025,Dublin,Electronics,Laptops,588.31,1,0,219.69
103511,2025-12-16,Galway,Grocery,Dairy,43.26,2,0.15,8.59
101369,08-06-2024,Cork,Clothing,Kidswear,96.05,1,0.1,31.27
101366,10/03/2025,Dublin,Grocery,Bakery,130.51,3,0,44.31
106047,2024-05-18,Cork,Electronics,TVs,240.04,1,,63.86
101112,10-12-2024,Cork,Electronics,Headphones,54.75,1,0.05,11.93
105246,03-08-2024,Dublin,Electronics,Headphones,380.58,3,0,152.58
102891,04-09-2024,Dublin,Homeware,Kitchenware,413.21,3,0.1,104.87
101903,04/06/2025,Galway,Clothing,Womenswear,215.82,3,0.05,57.98
103480,25/09/2025,Dublin,Electronics,Headphones,591.02,1,0.05,223.92
102410,25/08/2024,Dublin,Electronics,Mobile Accessories,889.96,2,0.05,289.96
103432,10-07-2025,Dublin,Homeware,Lighting,294.95,4,0.1,95.88
100886,02-07-2024,Limerick,Electronics,TVs,862.62,2,0.05,177.75
105268,2024-03-12,Dublin,Homeware,Kitchenware,93.91,3,0.15,20.56
100850,21-01-2024,Galway,Clothing,Menswear,92.99,1,0.1,22.56
101919,16/08/2024,Dublin,Electronics,Mobile Accessories,1161.21,3,0,480.92
101639,05/03/2025,Dublin,Grocery,Snacks,109.74,3,0.1,28.8
103620,01/10/2024,Cork,Electronics,Laptops,942.44,4,0,330.99
106489,2024-09-08,Dublin,Clothing,Menswear,34.29,3,0.15,9.75
104335,2025-08-12,Limerick,Grocery,Snacks,8.47,1,0.05,
103744,28/05/2025,Cork,Electronics,Smart Home,285.2,1,0.15,36.61
104802,2025-01-15,Dublin,Homeware,Bedding,617.66,2,0,161.53
101075,14-06-2025,Limerick,Grocery,Snacks,61.22,2,0.15,7.45
102292,06/05/2024,Cork,Clothing,Menswear,86.54,2,0.05,34.41
105559,2025-03-04,Dublin,Homeware,Storage,226.99,1,0,61.12
105889,2024-10-23,Dublin,Grocery,Dairy,14.35,2,0.1,2.39
103561,03-12-2024,Limerick,Homeware,Kitchenware,213.35,1,0,71.55
103616,2024-11-01,Cork,Clothing,Menswear,193.9,2,0.2,28.57
100679,10-11-2025,Cork,Homeware,Lighting,354.68,2,0.1,
100676,07-01-2025,Limerick,Homeware,Lighting,777.12,4,0,219.09
106034,07-05-2025,Limerick,Clothing,Womenswear,74.62,1,0.05,19.23
103527,28/08/2024,Dublin,Grocery,Dairy,71.28,2,0.1,14.66
105369,27-09-2025,Dublin,Grocery,Snacks,21.78,1,0.05,8.63
105178,27-10-2024,Cork,Clothing,Menswear,176.34,2,0.05,45.09
105940,23-04-2024,Cork,Electronics,Smart Home,154.62,1,0.05,54.66
100892,05/11/2025,Limerick,Homeware,Storage,296.25,1,0.1,77.19
106064,2024-05-07,Dublin,Grocery,Dairy,136.72,3,0.15,35.91
103662,2024-09-28,Limerick,Grocery,Beverages,47.62,1,0.05,12.94
104625,2024-04-03,Galway,Homeware,Kitchenware,293.01,1,0.1,79.24
101846,2024-01-07,Dublin,Clothing,Womenswear,87.81,4,0.1,17.99
103256,15-01-2024,Dublin,Homeware,Kitchenware,1015.54,3,0.15,126.36
103942,2025-07-02,Dublin,Grocery,Snacks,70.1,3,0,21.14
101441,25-08-2024,Dublin,Grocery,Bakery,59.37,2,0,22.3
103787,2024-12-11,Galway,Homeware,Lighting,184.21,2,0,52.54
104455,2025-11-01,Galway,Homeware,Kitchenware,773.6,3,0,302.58
100593,12-03-2024,Cork,Electronics,Smart Home,1366.97,4,0.2,209.95
103563,17/12/2025,Cork,Electronics,Smart Home,447.76,1,0.1,82.67
105000,2025-07-06,Limerick,Clothing,Accessories,118.28,1,0,46.05
101805,16/02/2024,Dublin,Homeware,Kitchenware,293.28,1,0,
106274,29-11-2025,Limerick,Homeware,Furniture,165.97,1,0,62.54
102302,2024-07-09,Dublin,Grocery,Snacks,23.67,1,0,6.63
102745,15/07/2024,Galway,Electronics,Mobile Accessories,1154.25,3,0.15,310.44
105723,11-10-2024,Limerick,Clothing,Menswear,158.31,3,0.05,43.23
101790,09/05/2025,Dublin,Homeware,Bedding,233.01,2,0.2,12.47
105174,05-02-2024,Dublin,Homeware,Storage,963.72,3,0,271.1
103224,25/09/2025,Cork,Grocery,Dairy,62.6,4,0.15,13.23
100362,2024-12-11,Cork,Homeware,Furniture,836.86,2,0,251.04
100913,2024-11-08,Limerick,Electronics,Smart Home,3263.74,4,0.05,1267.97
102303,2025-05-05,Dublin,Homeware,Bedding,800.4,4,0.05,273.88
106435,18/08/2024,Dublin,Grocery,Bakery,8.18,3,0,3.0
104608,2024-04-12,Cork,Electronics,Laptops,194.1,1,0,49.99
100124,20/02/2024,Galway,Grocery,Snacks,54.3,2,0.1,14.2
105454,26/08/2024,Dublin,Homeware,Kitchenware,1052.42,4,0.2,73.02
101340,12/07/2024,Galway,Grocery,Fresh Produce,23.61,1,0,6.57
102071,24/08/2025,Dublin,Electronics,Laptops,1822.46,3,0.15,540.54
101188,18-10-2024,Dublin,Clothing,Menswear,85.63,2,0,35.73
102173,2024-12-21,Cork,Homeware,Kitchenware,261.13,4,0,78.2
102333,25/07/2024,Dublin,Clothing,Accessories,137.76,1,0.1,26.85
103481,10-12-2025,Dublin,Grocery,Fresh Produce,60.89,1,0.15,6.26
105737,01-11-2024,Dublin,Grocery,Dairy,96.12,2,0.15,21.44
105450,23-11-2024,Cork,Clothing,Womenswear,50.46,1,0.15,12.36
102167,2025-11-12,Galway,Electronics,TVs,3499.38,4,0,1158.28
105018,02-08-2025,Cork,Homeware,Kitchenware,96.39,3,0.15,14.82
106424,29-06-2024,Galway,Homeware,Lighting,232.34,1,0.15,37.66
102113,2025-06-24,Cork,Clothing,Accessories,21.2,2,0.05,7.38
103479,18-05-2024,Limerick,Electronics,Headphones,975.34,2,,216.56
103482,18/06/2025,Dublin,Grocery,Bakery,44.25,1,0.2,8.48
101624,31-01-2024,Galway,Homeware,Lighting,228.18,1,0,72.21
101677,18-04-2024,Galway,Homeware,Kitchenware,93.26,2,,25.58
101106,05/09/2024,Galway,Grocery,Bakery,57.96,3,0,18.05
104539,23-08-2024,Dublin,Grocery,Fresh Produce,66.27,4,0.15,9.06
106172,09/09/2024,Cork,Grocery,Bakery,25.68,3,0,
105810,21-09-2025,Dublin,Grocery,Dairy,24.15,2,0,7.23
102246,02/03/2025,Dublin,Clothing,Accessories,84.34,1,0,22.9
102607,29-05-2024,Dublin,Clothing,Accessories,74.24,1,0,20.21
101890,07/09/2025,Cork,Clothing,Womenswear,139.56,3,0,35.83
104976,09/01/2024,Cork,Clothing,Womenswear,12.88,1,,3.67
104706,13-05-2025,Cork,Grocery,Bakery,34.18,1,0.05,8.72
103823,2024-01-29,Galway,Electronics,TVs,103.29,1,0.05,31.23
104517,15-04-2025,Dublin,Electronics,TVs,1007.26,2,0.1,189.37
101309,21/07/2025,Galway,Homeware,Lighting,352.2,4,0,126.07
106498,2024-09-16,Dublin,Homeware,Furniture,445.67,2,0.05,122.23
102168,2025-01-15,Galway,Grocery,Bakery,25.55,1,0,8.73
103421,29/10/2024,Dublin,Clothing,Footwear,507.2,4,0.1,83.59
100307,11-05-2024,Dublin,Grocery,Fresh Produce,8.33,2,0,3.47
104445,13-02-2024,Dublin,Clothing,Kidswear,66.94,1,0,23.77
106303,29-10-2025,Galway,Grocery,Beverages,77.08,4,0.1,22.94
100516,2025-08-09,Dublin,Grocery,Dairy,28.37,2,0,11.59
102905,2025-04-17,Dublin,Electronics,Mobile Accessories,292.53,1,0,82.63
103026,2025-06-12,Limerick,Electronics,Mobile Accessories,801.0,3,0.05,233.45
105743,2024-01-05,Dublin,Homeware,Storage,386.7,2,0,125.17
105202,21-08-2024,Dublin,Electronics,Headphones,1042.76,2,0,441.97
101929,30/12/2024,Dublin,Electronics,Laptops,1557.35,2,0,433.42
103809,2025-07-11,Dublin,Clothing,Womenswear,118.47,1,0,43.11
104639,2025-11-22,Dublin,Homeware,Storage,1383.38,4,0.15,236.8
101511,13/05/2025,Limerick,Grocery,Bakery,4.32,1,0,1.5
101631,2025-09-08,Dublin,Grocery,Fresh Produce,39.33,2,0.15,7.6
102600,2024-04-24,Galway,Homeware,Storage,34.18,1,0.15,6.81
103750,23-02-2025,Limerick,Electronics,Laptops,1198.2,2,0.2,194.84
103196,2025-08-28,Galway,Clothing,Kidswear,88.48,2,0.15,23.62
105119,2024-06-18,Dublin,Homeware,Storage,1160.99,4,,290.5
105021,29/05/2025,Cork,Homeware,Lighting,85.65,1,0.15,16.07
106417,20/11/2024,Dublin,Homeware,Kitchenware,1396.45,4,0.2,176.62
100310,22/06/2025,Dublin,Electronics,Smart Home,590.75,1,0.05,171.97
104098,24-08-2024,Cork,Electronics,Laptops,486.77,2,0,153.71
103088,21/05/2025,Dublin,Grocery,Dairy,27.21,1,0,7.4
103814,19-07-2025,Galway,Grocery,Dairy,8.76,1,0.2,0.82
101707,2024-06-08,Dublin,Clothing,Menswear,63.62,1,0.1,20.21
106299,2025-01-28,Dublin,Homeware,Furniture,327.05,1,0.05,115.13
106078,26-05-2024,Cork,Clothing,Womenswear,134.52,2,0,54.87
103325,10/11/2025,Dublin,Clothing,Kidswear,267.9,4,0.2,42.76
102934,16-01-2024,Dublin,Grocery,Beverages,18.05,1,0.2,1.36
103105,03-11-2024,Limerick,Electronics,Smart Home,437.75,4,0.15,112.27
105358,08/07/2024,Cork,Grocery,Bakery,56.36,2,0,21.33
106188,2025-12-17,Dublin,Grocery,Fresh Produce,110.51,4,0.1,26.36
104075,20/12/2025,Cork,Grocery,Fresh Produce,16.32,1,,2.24
102104,2024-11-21,Galway,Homeware,Lighting,285.28,1,0.05,88.26
100999,30/08/2025,Dublin,Electronics,TVs,774.18,3,0.15,212.04
102943,24-03-2024,Cork,Clothing,Kidswear,43.24,2,0,13.94
103933,30/08/2024,Dublin,Clothing,Womenswear,204.08,2,0,75.74
103027,2025-10-18,Dublin,Grocery,Snacks,89.33,2,0.2,15.76
101675,17/05/2025,Dublin,Homeware,Lighting,483.72,3,0.2,78.26
100061,16-05-2025,Dublin,Grocery,Snacks,66.42,2,0,20.14
102786,06/10/2025,Dublin,Grocery,Bakery,30.6,3,0.2,5.71
100639,13-03-2025,Dublin,Grocery,Fresh Produce,14.74,1,0,3.75
105665,12-09-2024,Cork,Homeware,Kitchenware,161.37,3,,44.57
105974,13/02/2025,Dublin,Grocery,Beverages,44.47,1,0.2,6.66
102855,2025-11-26,Dublin,Clothing,Womenswear,97.47,3,0,29.2
102799,12-01-2024,Cork,Homeware,Kitchenware,288.61,1,0,95.34
102330,20/05/2025,Dublin,Homeware,Furniture,168.34,1,0,75.52
102620,2025-01-24,Limerick,Grocery,Beverages,76.61,2,0,
100441,2024-07-18,Dublin,Homeware,Storage,68.02,1,0,27.35
101549,26/06/2025,Dublin,Clothing,Kidswear,48.25,1,0.05,17.36
103577,08/11/2024,Galway,Grocery,Snacks,39.44,1,0,17.01
101417,18/02/2024,Dublin,Electronics,TVs,1170.98,4,0.05,340.85
105027,2024-03-13,Cork,Homeware,Lighting,107.5,1,0.05,23.66
102593,26-06-2024,Limerick,Homeware,Furniture,946.72,4,0.2,136.14
102636,2025-12-13,Dublin,Clothing,Womenswear,472.76,3,0,172.88
104562,07/09/2024,Cork,Grocery,Beverages,13.64,2,0.15,3.22
102914,28/04/2025,Cork,Electronics,Smart Home,263.19,1,0,107.13
102381,14-10-2025,Limerick,Homeware,Kitchenware,490.9,2,,60.44
104609,2025-02-01,Dublin,Grocery,Beverages,11.38,1,0.15,2.47
105433,03-06-2025,Galway,Homeware,Bedding,210.84,4,0.15,23.55
103709,19-05-2024,Cork,Clothing,Womenswear,28.22,2,0,12.4
105869,15-12-2024,Galway,Homeware,Furniture,251.47,1,0.15,37.6
100966,2024-03-28,Limerick,Electronics,TVs,1283.12,2,0,
105561,13-07-2024,Dublin,Grocery,Bakery,153.41,4,0,66.51
105318,2025-08-27,Dublin,Electronics,Laptops,455.86,1,0.15,112.72
106054,17-07-2024,Limerick,Electronics,Mobile Accessories,1091.32,4,0.15,112.56
102094,2024-05-24,Dublin,Grocery,Dairy,82.16,2,0,25.65
100243,07-03-2025,Dublin,Electronics,Mobile Accessories,209.66,1,0.15,36.69
105105,02-06-2025,Cork,Homeware,Storage,253.89,1,0.1,61.73
100010,2025-08-20,Dublin,Homeware,Bedding,154.21,1,0.2,37.1
102204,2024-12-09,Galway,Clothing,Accessories,102.54,2,0.2,5.18
104105,2024-04-16,Limerick,Grocery,Beverages,36.31,1,0.1,10.93
102019,08/06/2025,Dublin,Electronics,Mobile Accessories,668.22,2,0,261.6
103189,25/07/2025,Limerick,Homeware,Lighting,318.18,2,0,103.08
102051,19/05/2024,Galway,Electronics,Smart Home,191.18,1,0,61.49
103961,07/09/2025,Limerick,Electronics,Smart Home,353.94,2,0,146.45
103808,11/10/2025,Cork,Clothing,Womenswear,108.97,1,0,28.02
105392,2024-07-19,Limerick,Electronics,Smart Home,364.37,1,0,95.41
102084,17-06-2025,Cork,Electronics,Headphones,200.84,2,0.2,50.1
102685,02/09/2024,Limerick,Grocery,Bakery,116.74,4,0,42.12
104090,14-03-2024,Dublin,Homeware,Kitchenware,91.32,1,0,29.05
105543,16/03/2025,Dublin,Electronics,Headphones,298.64,1,0,100.03
102519,03/07/2025,Dublin,Homeware,Furniture,260.82,2,0,86.69
103533,2025-12-07,Dublin,Grocery,Bakery,43.07,1,0.2,5.06
104441,2024-06-14,Cork,Electronics,Laptops,600.9,2,0.2,62.95
105364,13/11/2024,Dublin,Homeware,Storage,326.01,1,0,145.62
103412,26-12-2024,Limerick,Homeware,Storage,118.17,1,0.1,38.99
103976,11-10-2024,Galway,Grocery,Dairy,10.88,2,0.2,0.88
102667,05-04-2025,Cork,Grocery,Snacks,7.86,3,,2.82
105445,25-10-2025,Cork,Grocery,Snacks,102.81,3,0.1,23.53
102764,10/11/2025,Dublin,Grocery,Dairy,32.81,1,0,8.58
100003,26/08/2025,Dublin,Electronics,Laptops,450.96,1,0,188.91
103025,2024-05-30,Limerick,Electronics,Smart Home,371.44,2,0,167.05
102553,2024-01-30,Galway,Electronics,Smart Home,1065.36,2,0.05,279.11
103072,05-07-2024,Galway,Homeware,Bedding,261.39,3,0,75.11
100541,2024-10-15,Dublin,Electronics,Mobile Accessories,489.16,2,0,145.08
106305,04-12-2025,Dublin,Homeware,Storage,852.4,4,0,213.35
102467,11/02/2025,Dublin,Grocery,Snacks,72.24,2,0.2,4.92
104660,2025-09-07,Dublin,Clothing,Kidswear,16.49,1,0,6.99
102901,18-06-2024,Galway,Electronics,Mobile Accessories,136.82,2,0.05,53.54
101327,18-05-2025,Dublin,Clothing,Accessories,118.56,2,0.2,11.36
104486,2025-03-14,Dublin,Grocery,Beverages,21.07,1,0,6.03
100187,20-08-2025,Cork,Clothing,Womenswear,85.03,1,0,
103837,2025-01-29,Dublin,Electronics,Laptops,584.57,1,0,222.94
105800,13-07-2024,Cork,Grocery,Dairy,13.84,1,0.1,4.27
104546,06/03/2025,Galway,Electronics,TVs,220.11,1,0.1,42.28
105282,2025-11-21,Dublin,Electronics,Mobile Accessories,666.89,1,0.05,221.2
102076,2025-07-02,Limerick,Grocery,Snacks,111.02,4,0.1,23.88
100123,2024-12-15,Dublin,Grocery,Beverages,101.49,2,0.1,33.8
102365,2025-01-01,Dublin,Electronics,TVs,745.27,2,0.15,92.83
105480,19/05/2025,Dublin,Homeware,Bedding,294.03,1,0.2,23.34
102653,19-09-2025,Galway,Grocery,Fresh Produce,13.74,1,0,4.48
103369,25/12/2024,Dublin,Electronics,Laptops,526.6,2,0,141.73
103270,15/03/2024,Cork,Homeware,Storage,33.62,2,0.15,6.43
103535,19-04-2024,Cork,Clothing,Footwear,36.72,1,0.05,10.61
104982,23/08/2025,Dublin,Grocery,Snacks,56.19,4,0,21.9
102398,15/07/2025,Cork,Electronics,TVs,733.62,3,0.1,209.8
105043,2025-01-30,Dublin,Clothing,Womenswear,92.74,4,0.05,36.73
102623,21-01-2025,Cork,Clothing,Accessories,130.36,2,0,53.02
102244,21-02-2025,Dublin,Electronics,Laptops,296.72,1,0.1,55.39
100901,17/04/2024,Galway,Electronics,Laptops,354.05,1,0.1,65.76
100904,2025-01-22,Cork,Grocery,Fresh Produce,110.7,3,0,34.15
101895,2025-05-18,Dublin,Clothing,Menswear,219.28,4,0.2,11.82
103827,22-01-2025,Galway,Grocery,Snacks,12.01,1,,4.06
104987,2024-05-04,Limerick,Grocery,Bakery,9.84,1,0,2.47
104292,22/12/2024,Dublin,Grocery,Bakery,36.19,1,0.2,4.3
102538,27-05-2025,Galway,Grocery,Snacks,71.98,2,0,30.84
101473,2024-06-29,Dublin,Clothing,Footwear,124.46,1,0,35.9
101958,2025-09-04,Galway,Clothing,Womenswear,76.04,2,0.05,23.2
102675,2025-12-23,Limerick,Clothing,Womenswear,518.67,4,0.2,98.46
101513,28/05/2025,Dublin,Homeware,Furniture,953.58,4,0.15,144.17
101048,2024-02-02,Cork,Grocery,Bakery,98.52,3,0.05,31.08
105753,11-03-2025,Limerick,Homeware,Furniture,327.1,2,0,88.22
102111,31-03-2024,Galway,Electronics,TVs,333.16,1,0.1,79.93
101495,12/08/2024,Limerick,Homeware,Lighting,231.62,1,0.15,44.37
102762,25/02/2024,Cork,Homeware,Furniture,260.89,1,0,98.62
106249,2025-03-29,Dublin,Electronics,Headphones,351.0,1,0.05,114.6
104262,15/07/2024,Galway,Clothing,Kidswear,144.66,3,0.1,36.35
104430,2024-10-13,Dublin,Electronics,Headphones,227.8,1,0.2,50.1
102852,04-03-2025,Limerick,Electronics,Headphones,379.77,1,0.1,127.92
104719,13/07/2024,Limerick,Grocery,Snacks,154.7,4,0.15,26.85
101222,14/01/2025,Cork,Grocery,Beverages,37.9,1,0.1,8.46
100199,2024-07-16,Galway,Grocery,Bakery,89.34,3,0,27.36
102074,09-12-2025,Dublin,Grocery,Fresh Produce,26.61,1,0,11.41
106286,24-07-2025,Dublin,Clothing,Menswear,117.45,1,0,41.65
100736,09/05/2025,Dublin,Homeware,Bedding,213.52,1,0.2,35.62
100520,19/09/2025,Dublin,Homeware,Bedding,240.74,1,0,75.2
103178,19-12-2024,Galway,Electronics,Headphones,146.79,1,0.05,45.92
101791,05/02/2024,Dublin,Electronics,Smart Home,1258.24,2,0,565.33
103244,28-04-2025,Dublin,Grocery,Snacks,39.26,2,0.05,8.52
101967,29/02/2024,Dublin,Grocery,Bakery,116.64,3,0,51.49
105290,2024-12-02,Dublin,Grocery,Beverages,27.08,2,0.2,3.31
103357,20-03-2025,Dublin,Grocery,Beverages,10.06,1,0,4.22
101571,09-05-2024,Dublin,Electronics,TVs,1291.31,2,0,518.72
101728,05/08/2025,Limerick,Clothing,Menswear,52.7,4,0,21.97
104920,25-10-2024,Limerick,Clothing,Womenswear,66.62,1,0.1,10.26
100692,2025-03-29,Dublin,Clothing,Kidswear,191.82,4,0.2,38.92
103154,2024-01-15,Dublin,Clothing,Menswear,349.07,3,0.1,63.34
105903,27/05/2024,Dublin,Electronics,Smart Home,136.41,1,0.15,33.15
101959,2024-06-06,Dublin,Electronics,Smart Home,279.81,1,,80.61
105209,30/12/2025,Galway,Electronics,Mobile Accessories,1609.86,2,0.2,142.64
103642,01-09-2025,Limerick,Homeware,Bedding,338.12,2,0,144.19
104232,12-06-2024,Cork,Electronics,Mobile Accessories,263.63,1,0,109.57
105577,2025-12-16,Galway,Electronics,Smart Home,3360.62,4,0.15,428.08
100247,2024-07-23,Cork,Homeware,Storage,53.43,3,0.05,11.3
100773,12/02/2024,Dublin,Clothing,Accessories,46.46,1,0,20.35
101590,2025-01-21,Dublin,Grocery,Beverages,98.85,4,0.1,24.61
103392,2025-04-23,Dublin,Homeware,Bedding,356.22,2,0.15,94.89
105556,21-10-2025,Dublin,Electronics,Laptops,413.4,4,0,146.28
105235,15/08/2024,Galway,Grocery,Fresh Produce,10.16,1,0,2.71
104004,02/03/2024,Cork,Clothing,Menswear,60.22,1,0.15,15.41
104661,2024-10-08,Galway,Homeware,Kitchenware,18.47,1,0,5.41
104135,11/12/2025,Limerick,Electronics,TVs,106.41,1,0.1,33.21
105239,29/09/2025,Galway,Homeware,Lighting,84.03,1,0.15,19.93
102605,2024-12-20,Limerick,Homeware,Storage,284.76,2,0.05,70.55
100837,2025-10-01,Dublin,Clothing,Footwear,24.76,1,,9.38
104130,2024-04-04,Galway,Grocery,Beverages,77.82,2,0,34.71
100522,2024-01-16,Limerick,Clothing,Womenswear,91.15,1,0.2,19.06
102527,28-04-2024,Dublin,Grocery,Bakery,48.71,3,0.15,9.93
100309,08/09/2024,Cork,Clothing,Footwear,213.74,2,0,92.43
105267,30-08-2025,Cork,Clothing,Footwear,218.21,4,0.1,60.27
105017,24/10/2025,Dublin,Clothing,Womenswear,36.2,2,0,15.4
105226,07/04/2024,Dublin,Electronics,Smart Home,521.01,1,0,197.91
102951,07-12-2024,Dublin,Grocery,Dairy,178.0,4,0.15,51.41
102793,31/10/2025,Cork,Electronics,Smart Home,77.53,1,0.05,28.73
104355,17/05/2024,Galway,Homeware,Bedding,540.56,4,0.15,85.32
105468,2025-04-05,Cork,Grocery,Dairy,73.06,2,0.05,22.89
106292,26-12-2024,Galway,Homeware,Bedding,482.94,4,0.2,115.44
105992,2024-02-04,Dublin,Grocery,Snacks,14.49,2,0.05,3.24
105305,2024-07-13,Dublin,Grocery,Snacks,25.37,1,0.1,
102285,2025-10-24,Cork,Grocery,Fresh Produce,51.42,2,0,23.03
101905,2024-10-01,Dublin,Grocery,Beverages,21.01,1,0.1,3.43
105883,29/06/2025,Dublin,Electronics,Headphones,323.5,2,,67.73
106030,10/12/2025,Cork,Grocery,Bakery,91.06,2,0.1,26.48
100796,30-05-2024,Cork,Grocery,Beverages,16.02,1,0.1,3.73
102880,06/09/2025,Dublin,Electronics,TVs,455.62,1,0,132.2
105047,08/08/2024,Dublin,Grocery,Bakery,31.17,3,0.05,8.54
101023,21/08/2025,Limerick,Clothing,Footwear,140.83,2,0.1,42.52
105756,17/04/2024,Galway,Electronics,Headphones,197.66,1,0,80.34
103851,18/01/2025,Dublin,Clothing,Womenswear,227.68,2,0.15,30.78
101773,03/04/2025,Dublin,Clothing,Accessories,103.67,1,0.05,32.38
102876,08/01/2025,Limerick,Clothing,Womenswear,43.39,1,0.2,4.09
102402,06-06-2024,Dublin,Clothing,Footwear,13.93,1,0,5.56
100526,2025-09-19,Limerick,Homeware,Lighting,501.34,2,0,153.14
100765,03/07/2024,Limerick,Grocery,Bakery,40.75,3,0.2,2.95
104347,30-01-2025,Dublin,Electronics,Smart Home,248.33,3,0.05,97.13
105204,2024-09-06,Dublin,Grocery,Beverages,45.05,1,0.05,13.21
104912,26-07-2025,Dublin,Electronics,Laptops,116.63,2,0.2,28.01
100503,15/05/2024,Dublin,Clothing,Accessories,210.4,2,0.05,73.11
104566,04/10/2025,Dublin,Homeware,Kitchenware,163.01,1,0.2,23.07
103803,2024-08-15,Limerick,Electronics,Laptops,522.1,1,0.15,57.35
101051,11/12/2025,Dublin,Grocery,Snacks,49.78,2,,10.34
105597,06/05/2024,Limerick,Grocery,Beverages,84.31,2,0.2,7.16
102741,2024-10-10,Dublin,Electronics,Mobile Accessories,1452.93,2,0.15,178.04
104989,2024-10-31,Limerick,Clothing,Kidswear,64.5,2,0,16.86
106013,17/01/2024,Limerick,Homeware,Bedding,66.0,1,0.05,13.3
102827,08-09-2024,Dublin,Electronics,Mobile Accessories,148.58,1,0,39.98
101550,03/10/2024,Dublin,Homeware,Lighting,313.25,1,0.2,63.63
100846,2025-10-06,Dublin,Clothing,Menswear,132.03,1,0.15,13.41
102647,2025-03-15,Cork,Clothing,Womenswear,64.65,3,0,19.96
106005,2024-07-08,Dublin,Homeware,Furniture,135.63,2,0,39.8
101928,2025-03-19,Galway,Clothing,Menswear,49.24,2,0,16.58
105946,01-03-2025,Galway,Homeware,Lighting,195.84,2,0,87.11
104739,15/12/2024,Limerick,Electronics,Smart Home,516.77,3,0.05,184.84
103307,03-02-2025,Galway,Grocery,Bakery,30.1,1,0.05,9.08
105531,25-07-2024,Dublin,Grocery,Fresh Produce,37.19,2,0.15,4.23
100430,2025-09-12,Dublin,Clothing,Accessories,345.83,4,0.1,86.23
102041,2025-05-14,Cork,Grocery,Beverages,32.01,1,0,11.97
103379,17-08-2024,Limerick,Homeware,Bedding,20.21,2,0.15,2.94
102962,2024-12-23,Dublin,Electronics,Smart Home,174.81,1,0.1,45.48
104365,2025-11-09,Cork,Electronics,Laptops,67.28,2,0.15,8.24
101589,13-02-2024,Dublin,Homeware,Furniture,374.6,3,,146.56
104128,21-08-2024,Dublin,Electronics,Headphones,2190.03,4,0,607.1
105085,26/03/2024,Limerick,Grocery,Beverages,107.81,4,0.2,5.51
105982,2024-09-23,Galway,Electronics,Mobile Accessories,997.38,2,0,351.83
103930,01-04-2025,Galway,Clothing,Footwear,93.51,3,0,33.2
106289,2024-11-28,Galway,Grocery,Beverages,12.5,1,0.15,3.67
105345,10/12/2025,Dublin,Clothing,Kidswear,168.21,2,0.05,64.08
101839,2025-07-04,Dublin,Electronics,Laptops,1008.39,2,0.15,145.39
101647,23-08-2024,Galway,Clothing,Accessories,75.04,1,0.1,11.72
101254,2025-03-18,Limerick,Clothing,Accessories,81.82,2,0.2,14.07
101105,24-06-2025,Galway,Clothing,Accessories,66.28,1,0,27.24
101860,2024-08-11,Dublin,Electronics,Mobile Accessories,527.73,3,0.1,98.03
104759,31-07-2024,Cork,Homeware,Kitchenware,37.38,1,0,13.0
100060,06-09-2025,Galway,Electronics,Mobile Accessories,1073.91,3,0,468.45
100864,12/05/2025,Cork,Grocery,Dairy,18.32,1,0.15,2.23
104882,29-06-2024,Dublin,Grocery,Dairy,28.74,1,0,11.08
106242,23-01-2025,Dublin,Clothing,Womenswear,70.79,1,0,26.55
100387,2025-11-04,Cork,Grocery,Dairy,99.37,2,0.1,16.58
102043,27/10/2025,Dublin,Electronics,Mobile Accessories,685.77,1,0,237.11
100252,25-07-2025,Cork,Homeware,Lighting,236.98,2,0.2,27.04
101353,14/11/2025,Dublin,Homeware,Lighting,1138.4,4,0,477.97
102687,2025-05-06,Cork,Grocery,Fresh Produce,27.42,2,0,11.24
102821,2024-02-26,Limerick,Homeware,Furniture,91.46,2,0.1,24.34
101250,13-05-2025,Galway,Electronics,TVs,516.84,2,0.05,103.82
105767,01-02-2025,Limerick,Electronics,Mobile Accessories,894.82,2,,225.61
102937,23-04-2024,Galway,Electronics,Headphones,1072.48,2,0,393.54
104714,2025-06-12,Cork,Electronics,Headphones,274.25,2,0.15,40.31
102802,01/11/2024,Dublin,Electronics,Headphones,902.12,2,0,246.21
103163,03/02/2024,Limerick,Clothing,Kidswear,94.86,1,0.15,21.23
101494,2025-06-05,Dublin,Clothing,Menswear,131.84,1,0.2,10.2
100825,02-12-2024,Limerick,Clothing,Footwear,83.75,1,0.15,23.6
101545,2025-12-13,Dublin,Electronics,Mobile Accessories,247.88,1,0,75.64
103939,2024-02-07,Cork,Homeware,Storage,553.56,2,0.1,108.99
100303,2024-05-02,Dublin,Grocery,Dairy,16.24,4,0.2,3.0
103715,22-06-2025,Dublin,Grocery,Beverages,13.47,1,0.2,3.18
105574,05-04-2025,Dublin,Clothing,Kidswear,38.57,1,0.15,5.94
105234,2024-06-30,Cork,Clothing,Womenswear,88.02,1,0.2,4.42
103370,2024-05-29,Dublin,Grocery,Beverages,34.18,2,0.05,7.24
101424,2025-12-05,Galway,Electronics,Laptops,1190.81,2,0,337.15
101284,2024-03-09,Dublin,Clothing,Womenswear,110.86,4,0,32.93
100480,05/09/2024,Dublin,Electronics,TVs,1183.74,2,0.15,213.97
102629,17/06/2025,Cork,Clothing,Kidswear,146.28,2,0.1,33.64
104070,2024-08-06,Cork,Electronics,Laptops,199.23,1,0.15,42.82
105567,18-09-2025,Dublin,Electronics,Laptops,743.73,1,0,270.12
100422,20/03/2024,Cork,Clothing,Womenswear,65.83,1,0.2,5.03
105761,2024-05-13,Galway,Clothing,Kidswear,76.3,1,0.2,16.22
103515,2024-08-24,Cork,Electronics,Headphones,114.01,1,0.15,14.38
105273,15-07-2025,Cork,Clothing,Womenswear,319.92,4,0,95.55
100318,10-06-2024,Galway,Clothing,Footwear,80.71,1,0.15,8.58
102458,21-10-2024,Galway,Homeware,Storage,20.56,1,0.15,4.07
105790,2025-05-16,Dublin,Grocery,Bakery,50.37,3,0,12.62
101835,14-08-2025,Dublin,Electronics,Smart Home,1493.62,4,0.1,505.21
103146,14/05/2025,Galway,Electronics,Headphones,643.03,1,0,250.69
100403,04/07/2025,Cork,Electronics,Laptops,976.71,4,0,270.56
106049,19/10/2025,Galway,Electronics,Smart Home,406.62,1,0,176.43
102689,04/02/2024,Galway,Grocery,Snacks,31.14,2,0,12.5
102661,2025-09-18,Dublin,Electronics,TVs,1364.64,4,0,392.49
106258,19-06-2025,Limerick,Homeware,Storage,1022.12,4,0,405.14
103022,16/12/2024,Dublin,Clothing,Womenswear,189.14,2,0.15,47.26
102743,21-11-2024,Dublin,Grocery,Snacks,22.23,1,0.1,5.99
106266,17-10-2024,Limerick,Electronics,Headphones,1046.68,2,0.2,115.78
100347,2024-11-08,Galway,Grocery,Snacks,201.77,4,0,72.27
102841,12/04/2024,Cork,Clothing,Menswear,18.71,1,0.15,5.21
100719,01/02/2025,Cork,Clothing,Menswear,370.92,4,0,121.37
106075,26-10-2024,Dublin,Homeware,Lighting,65.54,1,0.1,20.23
100017,27-10-2025,Dublin,Clothing,Menswear,41.14,1,0,18.34
102466,23-05-2024,Dublin,Electronics,TVs,460.51,2,0.15,101.45
103134,2024-06-25,Galway,Grocery,Dairy,44.22,3,0,17.2
104666,26/09/2024,Dublin,Clothing,Menswear,185.1,2,0,82.91
103571,23/03/2025,Galway,Electronics,Smart Home,433.33,1,0,113.14
100752,02-08-2025,Galway,Homeware,Furniture,246.76,3,0.2,21.46
102510,2024-04-05,Limerick,Homeware,Furniture,73.44,3,0.2,18.35
100610,2025-03-31,Cork,Grocery,Snacks,28.65,3,0,11.57
102304,16-05-2024,Dublin,Homeware,Lighting,646.48,2,0.05,178.78
104917,2025-10-12,Galway,Electronics,Headphones,1753.56,4,0,598.31
106278,2025-11-30,Cork,Clothing,Womenswear,50.16,1,0.15,6.37
102717,18/01/2024,Dublin,Homeware,Bedding,232.99,1,0.2,23.76
100733,2025-04-29,Dublin,Grocery,Snacks,32.79,1,0,12.87
101717,21-10-2024,Dublin,Grocery,Snacks,61.69,4,0.05,
102881,05/09/2024,Cork,Electronics,Smart Home,692.23,2,0.15,133.51
106484,26-11-2024,Cork,Homeware,Kitchenware,206.0,2,0.05,82.29
103074,2024-02-07,Dublin,Grocery,Bakery,17.15,1,0.15,3.14
105909,14/05/2025,Cork,Homeware,Bedding,443.28,3,0.2,90.38
103287,2025-06-20,Cork,Grocery,Bakery,26.38,1,0,7.24
104854,2024-09-01,Dublin,Electronics,Laptops,1224.13,2,0,547.55
101007,01-10-2024,Dublin,Homeware,Kitchenware,255.48,2,0.15,61.61
101553,15/11/2025,Limerick,Homeware,Lighting,410.84,1,0,106.11
102791,19-07-2024,Dublin,Clothing,Footwear,255.44,2,,99.82
101865,2025-09-11,Dublin,Clothing,Womenswear,25.87,1,0.05,9.65
105555,10/08/2024,Galway,Electronics,Smart Home,999.46,2,0.15,219.42
101965,2024-03-19,Dublin,Grocery,Dairy,31.26,1,0.15,7.05
104728,30/12/2024,Galway,Clothing,Kidswear,39.55,1,0.15,8.89
100072,12/09/2025,Cork,Homeware,Storage,240.62,2,0,66.88
106378,07-01-2024,Cork,Clothing,Menswear,43.89,1,0.2,10.71
100537,13/12/2025,Dublin,Electronics,Headphones,1845.54,3,0.1,281.56
102344,19-06-2025,Galway,Homeware,Kitchenware,621.0,4,0.15,170.26
104346,2024-06-22,Dublin,Homeware,Furniture,1075.34,4,0,338.39
104068,2024-11-22,Dublin,Clothing,Kidswear,89.47,1,0,26.64
100226,17-05-2025,Cork,Grocery,Bakery,14.64,2,0.05,5.32
104381,13-10-2025,Cork,Clothing,Womenswear,9.14,1,0,2.57
104743,20-04-2025,Cork,Homeware,Bedding,169.42,2,0.15,17.78
102875,23-02-2025,Dublin,Clothing,Menswear,105.16,1,0.2,8.37
100423,2024-01-07,Cork,Homeware,Lighting,58.03,1,0.1,12.84
100486,05/07/2025,Galway,Homeware,Storage,832.56,4,0.1,265.73
100487,2024-04-23,Dublin,Electronics,Headphones,629.05,1,0,173.18
102284,30-08-2024,Dublin,Clothing,Womenswear,55.33,1,0,24.41
104538,04/03/2025,Dublin,Electronics,Mobile Accessories,1463.32,3,0.1,226.33
102044,22/12/2025,Galway,Electronics,Headphones,1633.27,2,0.15,339.12
105849,23-11-2025,Cork,Homeware,Bedding,124.04,4,0,31.12
100244,18/05/2024,Dublin,Clothing,Kidswear,235.2,2,0.2,18.24
105585,2024-09-28,Galway,Clothing,Accessories,84.24,1,0.1,26.82
104044,03-01-2024,Dublin,Homeware,Bedding,192.74,4,0,
104760,24-08-2025,Galway,Electronics,Headphones,217.33,1,0.2,25.36
100055,2025-04-10,Dublin,Clothing,Kidswear,424.26,4,0.05,148.3
102429,12-07-2025,Galway,Grocery,Fresh Produce,29.68,1,0.2,4.84
102923,09/03/2025,Galway,Electronics,Mobile Accessories,410.05,1,0,162.54
102059,01-03-2024,Cork,Grocery,Fresh Produce,38.28,1,0,11.48
101986,12/02/2025,Cork,Homeware,Storage,524.52,2,0.2,121.25
102528,09/09/2025,Dublin,Clothing,Menswear,28.06,1,0.2,6.22
103635,24/04/2025,Galway,Clothing,Womenswear,114.75,1,0,44.3
102719,25-09-2025,Cork,Clothing,Womenswear,11.41,1,0.15,2.8
101228,07-01-2025,Galway,Clothing,Menswear,229.26,2,0,90.72
106215,2024-03-12,Galway,Electronics,Headphones,598.74,1,0,238.67
104400,07-03-2024,Cork,Electronics,Headphones,506.53,4,0.05,113.35
101043,09/10/2024,Dublin,Electronics,TVs,402.56,1,0.2,51.34
102356,2024-08-03,Cork,Clothing,Footwear,26.35,1,0.2,5.77
101920,18/04/2025,Dublin,Homeware,Lighting,111.46,1,0.2,20.87
103920,2025-12-31,Dublin,Grocery,Dairy,45.72,1,0,19.14
103794,26/06/2025,Limerick,Homeware,Kitchenware,85.77,1,0,23.32
105439,30-05-2025,Cork,Clothing,Kidswear,59.62,1,0.15,15.36
106235,08-10-2024,Dublin,Grocery,Bakery,44.63,1,0.15,6.09
105483,21-03-2024,Dublin,Clothing,Menswear,49.54,1,0,18.48
102346,01/02/2024,Galway,Grocery,Dairy,32.64,2,0.2,6.33
104469,27/04/2024,Galway,Electronics,TVs,432.61,1,,108.6
105872,27-05-2025,Dublin,Grocery,Bakery,69.18,4,0.2,11.35
105990,12/02/2025,Limerick,Homeware,Lighting,320.8,4,0,142.13
104005,10/03/2025,Dublin,Grocery,Bakery,76.08,4,0,30.2
106487,14-08-2025,Dublin,Clothing,Footwear,41.32,1,0.15,4.87
100352,13/07/2024,Dublin,Homeware,Storage,448.75,2,0.15,102.45
103523,21-08-2024,Dublin,Homeware,Storage,144.81,1,0,37.9
103303,16/05/2025,Cork,Electronics,Smart Home,304.23,1,0,82.97
103812,2025-10-16,Limerick,Electronics,Smart Home,296.08,1,0,101.21
103236,17-03-2024,Dublin,Electronics,TVs,1388.97,2,0.1,424.35
106318,21/06/2025,Limerick,Homeware,Kitchenware,688.2,3,0.2,165.58
100157,2024-02-12,Dublin,Grocery,Dairy,78.8,4,0.1,20.12
105478,19-11-2024,Galway,Clothing,Womenswear,102.7,2,0,29.16
103209,2025-07-25,Limerick,Grocery,Fresh Produce,74.3,3,0,24.52
104057,08-11-2024,Limerick,Clothing,Womenswear,68.59,3,0,24.78
104167,12/04/2025,Dublin,Homeware,Lighting,266.06,2,0,104.24
102227,08-09-2024,Galway,Homeware,Kitchenware,290.22,2,0,
103213,04/07/2024,Limerick,Homeware,Kitchenware,198.4,1,0.05,55.87
105191,2024-05-27,Dublin,Grocery,Fresh Produce,65.23,4,0,22.05
104364,04-07-2024,Galway,Electronics,Laptops,819.3,3,0,343.11
105383,2024-07-20,Cork,Electronics,Headphones,160.37,2,0.1,42.05
103149,28-12-2025,Dublin,Clothing,Footwear,375.74,2,0.15,
106042,2025-01-14,Limerick,Electronics,Mobile Accessories,955.46,2,0.2,54.09
103192,03-11-2024,Dublin,Clothing,Womenswear,137.06,1,0.1,35.9
102339,05-06-2025,Limerick,Electronics,TVs,678.51,3,0.15,
105517,2024-10-07,Galway,Homeware,Furniture,413.66,2,0.1,138.0
100918,13-11-2025,Dublin,Clothing,Kidswear,68.59,2,0.1,17.21
102947,15/02/2025,Galway,Electronics,Laptops,525.66,2,0,188.07
104694,19-05-2024,Cork,Electronics,Laptops,66.5,2,,19.78
106114,2024-01-11,Dublin,Electronics,Mobile Accessories,713.44,2,0.15,156.24
103348,2024-11-30,Dublin,Clothing,Footwear,68.96,1,0,22.55
102267,2024-09-23,Dublin,Clothing,Kidswear,123.75,3,0,32.87
105535,11-08-2024,Galway,Grocery,Fresh Produce,101.16,3,0,31.36
100173,08-10-2024,Dublin,Grocery,Dairy,51.22,2,0.15,13.64
105998,2025-01-14,Dublin,Grocery,Snacks,87.87,3,0.1,27.8
106248,30/10/2024,Cork,Homeware,Bedding,117.15,1,0.15,29.41
105548,2025-10-04,Galway,Electronics,Smart Home,486.61,1,0,125.08
105091,2024-03-30,Dublin,Grocery,Beverages,44.44,1,0.05,11.12
101315,05/12/2024,Dublin,Clothing,Accessories,417.79,3,0.05,99.86
105601,2025-07-20,Cork,Homeware,Kitchenware,897.57,3,0,286.55
104821,2025-03-28,Cork,Grocery,Beverages,14.82,1,0,3.73
105765,2024-08-11,Galway,Homeware,Furniture,467.04,2,0.15,99.78
103610,25/01/2024,Dublin,Clothing,Accessories,29.27,1,0.05,9.19
102391,08/12/2024,Dublin,Homeware,Furniture,1140.12,3,0,313.53
105686,24-11-2025,Galway,Clothing,Menswear,82.64,1,0.05,17.76
101059,06-05-2024,Cork,Electronics,Laptops,187.36,3,0.15,47.19
101600,2024-02-29,Dublin,Electronics,Headphones,1964.02,3,0.2,265.13
101095,2024-05-07,Dublin,Grocery,Beverages,78.68,2,0.05,31.2
101655,20-06-2024,Dublin,Homeware,Furniture,295.8,1,0,122.31
100952,13/03/2025,Limerick,Grocery,Bakery,6.53,1,0,1.94
105674,03/07/2024,Cork,Grocery,Bakery,6.36,1,0.2,0.38
105856,22-12-2024,Dublin,Clothing,Womenswear,64.14,2,0.2,14.01
101210,05/04/2025,Dublin,Homeware,Lighting,215.37,2,0.2,39.45
105976,12/09/2025,Cork,Grocery,Dairy,52.68,2,0.2,3.79
104653,23-11-2025,Galway,Clothing,Accessories,50.01,1,0.1,8.36
105248,2025-11-23,Galway,Grocery,Snacks,36.29,2,0.1,7.53
105001,2025-11-05,Dublin,Homeware,Furniture,303.81,2,0,125.99
103998,2025-07-17,Limerick,Clothing,Footwear,315.12,4,0,135.22
103919,2024-02-13,Cork,Clothing,Footwear,56.97,3,0.2,
102373,30-05-2024,Galway,Homeware,Kitchenware,315.24,2,0.2,31.96
100234,17/02/2024,Limerick,Grocery,Dairy,28.09,1,,7.42
102427,2025-08-07,Dublin,Clothing,Womenswear,69.97,1,0.15,12.8
105520,2025-12-08,Galway,Grocery,Bakery,47.15,4,0,19.03
103556,21/05/2024,Galway,Electronics,Mobile Accessories,947.96,2,0,251.59
101507,16-10-2024,Galway,Grocery,Dairy,22.18,2,0.05,7.05
105678,26-03-2025,Dublin,Electronics,TVs,605.18,2,0,240.91
106040,2024-07-01,Dublin,Homeware,Lighting,156.03,2,0.05,37.55
106152,06/02/2024,Dublin,Electronics,TVs,378.84,3,0.1,59.87
104104,2024-03-03,Cork,Clothing,Womenswear,93.74,1,0,40.31
102909,23/02/2025,Cork,Homeware,Furniture,28.38,1,0,11.28
103979,09-04-2025,Galway,Electronics,Mobile Accessories,76.29,1,0.2,18.38
106261,22-08-2025,Dublin,Clothing,Kidswear,46.68,1,0.2,8.31
101403,17/06/2024,Dublin,Homeware,Storage,41.85,3,0.15,7.34
102286,17/06/2024,Dublin,Homeware,Kitchenware,59.25,1,0,19.45
102023,27-08-2024,Galway,Grocery,Bakery,4.78,1,0.1,1.1
105224,09/03/2024,Limerick,Electronics,Smart Home,219.88,4,0.15,36.61
104152,24-05-2024,Dublin,Clothing,Kidswear,156.17,4,0.05,44.53
103964,2025-07-04,Galway,Homeware,Bedding,887.36,4,0.1,303.39
103600,06-12-2024,Dublin,Grocery,Snacks,62.79,4,0,17.99
102936,26-10-2025,Dublin,Electronics,TVs,1385.63,2,0,621.57
105716,05-03-2025,Cork,Electronics,TVs,152.85,1,0,51.22
102558,15/12/2024,Cork,Clothing,Footwear,35.08,1,0.1,6.41
105082,2024-04-29,Dublin,Grocery,Fresh Produce,71.21,3,0,26.85
104376,14/01/2025,Limerick,Grocery,Dairy,105.23,3,0.15,11.56
104063,2024-05-12,Galway,Electronics,Smart Home,370.6,1,0.2,71.09
102060,2025-07-25,Cork,Clothing,Kidswear,209.88,2,0.05,75.36
102393,2025-12-13,Dublin,Clothing,Kidswear,117.51,1,0,44.48
101278,13/04/2025,Galway,Electronics,TVs,470.43,1,0.2,84.9
101447,2024-09-04,Cork,Grocery,Snacks,62.76,2,0.1,21.58
105170,2024-08-08,Galway,Grocery,Fresh Produce,23.3,1,0,9.83
103280,06/07/2024,Galway,Clothing,Menswear,199.04,2,0.05,59.39
104756,17/07/2024,Galway,Clothing,Footwear,186.54,2,0,60.3
102470,12-12-2024,Dublin,Grocery,Dairy,120.01,2,0,
104910,21/05/2025,Dublin,Grocery,Beverages,37.54,2,0,14.76
103636,19-09-2024,Galway,Clothing,Footwear,34.19,1,0,14.22
102002,29-10-2024,Dublin,Grocery,Bakery,28.59,1,0.05,8.67
101931,11/03/2024,Dublin,Grocery,Dairy,15.34,1,0.15,3.6
103916,26-10-2024,Galway,Clothing,Footwear,215.58,3,0.05,62.35
104508,2025-10-12,Dublin,Clothing,Menswear,378.81,3,0.1,75.84
102164,2025-03-16,Galway,Clothing,Footwear,321.36,4,0,115.46
102867,13-11-2024,Dublin,Homeware,Bedding,305.9,2,0,136.33
104401,11-05-2025,Dublin,Grocery,Beverages,43.22,1,0,12.1
102694,12-03-2025,Dublin,Grocery,Snacks,21.91,1,0.1,4.85
103155,14-05-2025,Cork,Electronics,TVs,923.34,4,0.15,200.01
103676,2025-04-08,Cork,Grocery,Bakery,3.23,1,0.15,0.93
103012,30/03/2025,Dublin,Grocery,Fresh Produce,39.61,2,0.2,5.11
100964,24/10/2025,Cork,Grocery,Fresh Produce,5.97,1,,1.16
101722,29-04-2024,Dublin,Clothing,Footwear,25.21,1,0,11.25
103882,25-04-2024,Galway,Electronics,Mobile Accessories,781.23,3,0,298.23
104837,2025-12-08,Cork,Clothing,Womenswear,612.75,4,0.1,207.43
103291,2025-01-30,Dublin,Grocery,Fresh Produce,16.03,1,0.2,1.64
105157,2024-05-21,Dublin,Clothing,Kidswear,318.37,3,0.2,55.81
104298,17/01/2025,Dublin,Electronics,TVs,644.25,2,0.15,134.12
103250,05-05-2025,Dublin,Electronics,Mobile Accessories,767.0,4,0,209.06
104336,2025-12-27,Dublin,Grocery,Beverages,47.3,1,0,13.89
105687,14/08/2025,Galway,Homeware,Kitchenware,352.75,2,0,143.31
103459,17/01/2024,Limerick,Clothing,Womenswear,117.09,1,0.2,19.16
106157,2025-06-22,Cork,Clothing,Kidswear,23.64,1,0.05,7.85
101115,31/10/2024,Cork,Electronics,TVs,383.41,2,0.1,95.22
105908,20-11-2024,Cork,Grocery,Beverages,98.78,4,0.1,21.72
100395,2025-12-22,Galway,Grocery,Dairy,63.76,2,0,18.79
105704,14-03-2025,Cork,Clothing,Womenswear,69.24,2,0.05,
100057,21/01/2024,Cork,Homeware,Bedding,147.33,1,0.1,23.64
103042,05/06/2025,Dublin,Grocery,Dairy,58.12,2,0,23.7
104144,26-04-2025,Dublin,Homeware,Lighting,141.25,1,0.15,28.04
103491,30-01-2024,Limerick,Grocery,Bakery,19.73,1,0,5.42
104815,02/03/2024,Dublin,Clothing,Kidswear,217.74,2,0,90.58
101770,2025-06-29,Dublin,Grocery,Bakery,18.4,1,0.1,5.8
103429,22-04-2024,Dublin,Electronics,Laptops,614.94,1,0.15,97.99
102517,13/06/2025,Limerick,Electronics,Headphones,760.94,2,0.2,63.67
101283,2025-04-24,Dublin,Grocery,Fresh Produce,16.73,3,0.1,3.62
105580,03-08-2024,Cork,Homeware,Bedding,365.21,3,0.2,52.64
101231,06-03-2024,Limerick,Homeware,Storage,97.8,1,0,39.24
105834,05/04/2025,Galway,Electronics,Laptops,615.14,2,0,209.17
101454,18/08/2025,Cork,Electronics,Mobile Accessories,198.28,1,0.1,38.07
105797,08/05/2024,Dublin,Clothing,Womenswear,158.29,2,0.05,50.16
100266,2024-08-11,Limerick,Electronics,Laptops,179.41,1,0.05,62.33
105709,2025-10-16,Dublin,Homeware,Bedding,763.37,4,0,234.64
102042,13-02-2024,Galway,Homeware,Lighting,301.98,2,0,84.24
104078,2024-06-05,Dublin,Electronics,Smart Home,2126.75,3,0.1,486.77
102460,25-07-2025,Cork,Electronics,Laptops,188.85,4,0.15,33.22
103118,2025-09-27,Galway,Clothing,Menswear,115.95,1,0.1,20.59
105113,07-12-2024,Dublin,Homeware,Furniture,611.72,3,0.05,206.62
105171,04/06/2024,Dublin,Clothing,Footwear,33.38,1,0,11.5
102444,2025-03-12,Dublin,Grocery,Dairy,54.44,2,0,13.82
100584,2025-08-25,Galway,Grocery,Bakery,11.81,1,,3.52
100799,2024-06-15,Dublin,Electronics,Smart Home,186.45,1,0.15,47.62
102503,27-11-2025,Galway,Homeware,Bedding,277.16,3,0.15,34.32
103015,03-12-2025,Dublin,Homeware,Storage,1436.51,4,0.2,338.28
100041,03/11/2024,Cork,Clothing,Kidswear,74.3,1,0.1,24.11
106238,26-11-2024,Limerick,Homeware,Lighting,342.9,1,0.1,
102842,2025-05-09,Galway,Electronics,TVs,105.7,1,0.1,34.23
104025,09-01-2025,Limerick,Electronics,Headphones,984.04,4,0.15,119.25
101201,2024-07-04,Galway,Grocery,Fresh Produce,17.47,1,0.2,2.92
103959,23-10-2025,Cork,Grocery,Dairy,19.12,1,0.1,3.83
102562,14/02/2024,Dublin,Homeware,Furniture,304.39,3,0.15,80.3
103389,2024-05-30,Cork,Homeware,Lighting,126.27,3,0.2,27.52
105284,29/08/2024,Cork,Clothing,Kidswear,59.19,1,0.2,10.44
103694,23/11/2024,Dublin,Grocery,Fresh Produce,46.48,1,0.15,5.19
102506,20-02-2024,Limerick,Grocery,Dairy,44.27,1,0.05,10.47
101896,27-07-2025,Cork,Homeware,Kitchenware,578.92,2,0.15,81.77
100011,27-11-2025,Cork,Electronics,Smart Home,405.81,2,0.1,
101480,16/03/2024,Cork,Grocery,Beverages,12.78,2,,4.15
102197,28/12/2024,Dublin,Grocery,Bakery,31.56,1,0,11.53
103756,13-08-2024,Cork,Electronics,Laptops,200.69,1,0,59.23
100777,09-12-2025,Dublin,Electronics,TVs,519.76,1,0.15,137.89
100466,14/05/2024,Cork,Homeware,Kitchenware,20.19,1,0.2,1.35
101099,2024-09-22,Limerick,Electronics,Mobile Accessories,362.78,1,0.1,109.94
105323,18/11/2024,Cork,Electronics,Headphones,868.87,4,0.2,168.9
100249,16-03-2024,Cork,Clothing,Accessories,105.78,2,0.2,11.81
100565,2025-03-21,Galway,Grocery,Fresh Produce,48.28,2,0.1,13.0
105092,10-12-2025,Cork,Electronics,Laptops,760.56,2,0,316.43
105245,09/06/2025,Galway,Grocery,Snacks,9.67,1,0.05,2.92
101168,04-01-2024,Dublin,Grocery,Fresh Produce,34.45,2,0.2,3.82
105954,14/09/2024,Limerick,Clothing,Menswear,101.25,3,0.05,25.68
100601,22/09/2025,Dublin,Homeware,Lighting,496.02,4,0.15,81.51
104265,2024-05-17,Cork,Clothing,Footwear,86.95,1,0.15,12.62
105247,2025-06-12,Cork,Homeware,Furniture,61.78,1,0,18.69
105656,2025-06-21,Dublin,Electronics,Smart Home,928.05,2,0,365.68
101628,2025-03-29,Cork,Homeware,Kitchenware,221.69,1,0.15,54.1
100971,2024-10-24,Dublin,Clothing,Menswear,495.7,4,0.15,110.28
102121,16/08/2024,Dublin,Homeware,Kitchenware,16.19,1,0.1,
100556,21/04/2025,Cork,Electronics,Smart Home,47.18,1,0.15,8.07
102412,03/11/2024,Dublin,Clothing,Kidswear,104.81,2,0.2,14.01
106066,30-06-2024,Galway,Homeware,Kitchenware,527.9,2,0.2,91.33
105785,22/09/2025,Dublin,Electronics,Smart Home,2503.14,4,0,716.67
105306,26-02-2024,Galway,Homeware,Furniture,446.84,2,0.15,59.26
100475,2025-05-25,Limerick,Clothing,Menswear,179.96,4,0.2,10.74
102596,12/09/2025,Cork,Electronics,Mobile Accessories,114.4,1,0.15,27.79
105217,16-06-2024,Cork,Grocery,Snacks,9.13,1,0.05,1.87
103971,11-04-2025,Dublin,Homeware,Lighting,586.98,2,0,197.32
100289,16/06/2024,Cork,Grocery,Dairy,86.6,4,0.15,21.49
100771,02-10-2024,Cork,Electronics,Laptops,828.07,3,0.2,186.22
100311,25/11/2024,Dublin,Homeware,Kitchenware,164.98,1,0,44.68
104126,14/04/2025,Dublin,Electronics,Laptops,578.2,2,0,212.4
100100,14-05-2024,Dublin,Grocery,Beverages,34.96,1,0,14.81
105695,09-06-2025,Dublin,Homeware,Kitchenware,349.97,2,0.15,86.34
105554,08-03-2025,Dublin,Grocery,Bakery,76.98,2,0,30.85
101111,11-06-2025,Limerick,Clothing,Footwear,95.38,2,0.15,17.99
105414,31-10-2025,Cork,Clothing,Menswear,78.2,4,0,29.34
104903,2025-04-21,Limerick,Electronics,Laptops,510.22,2,0.05,165.27
102151,19-04-2025,Cork,Grocery,Beverages,23.36,2,0.2,5.48
103747,2025-02-13,Galway,Clothing,Kidswear,229.32,4,0,96.88
103328,07/01/2025,Cork,Grocery,Dairy,67.24,2,0.15,10.26
103039,27/11/2025,Limerick,Electronics,Laptops,974.23,4,0.1,191.47
101311,09/10/2024,Cork,Electronics,TVs,547.4,3,0.2,33.64
100404,20/12/2025,Limerick,Clothing,Menswear,128.31,1,0,45.95
103128,2024-10-14,Limerick,Grocery,Snacks,38.33,1,0,15.48
101793,2024-03-16,Dublin,Clothing,Kidswear,47.72,1,0.15,
101078,2024-12-20,Limerick,Clothing,Accessories,127.12,1,0.1,32.32
106480,2024-07-19,Galway,Clothing,Womenswear,212.92,2,0,87.43
103815,2024-03-14,Dublin,Homeware,Kitchenware,725.01,4,0.15,166.14
100396,30/11/2025,Dublin,Homeware,Storage,71.82,1,0.05,24.72
101825,2024-10-29,Galway,Clothing,Footwear,42.15,3,0,17.55
105959,18/11/2024,Limerick,Clothing,Womenswear,37.69,1,0,11.62
104879,19-06-2024,Dublin,Electronics,Smart Home,1208.67,2,0.1,190.02
103286,25-01-2024,Galway,Homeware,Lighting,307.18,2,0.15,91.81
105410,2024-10-11,Galway,Clothing,Accessories,24.63,1,0,10.62
101519,09/11/2024,Galway,Electronics,Smart Home,900.26,1,0.1,196.02
103087,22-11-2024,Limerick,Grocery,Dairy,61.82,2,0,22.1
103663,21-07-2025,Cork,Grocery,Bakery,138.16,4,0,51.71
100514,02-10-2025,Dublin,Grocery,Fresh Produce,59.29,2,0.2,3.08
103981,2024-12-07,Dublin,Homeware,Kitchenware,452.81,3,0.1,143.03
104670,11-04-2024,Galway,Homeware,Kitchenware,503.22,2,0,131.45
105979,30/05/2025,Limerick,Grocery,Bakery,6.62,2,0,2.71
103580,08/03/2024,Galway,Homeware,Kitchenware,50.93,1,0.1,14.79
105860,02/06/2024,Dublin,Homeware,Bedding,27.29,1,0,11.65
103704,2024-04-23,Dublin,Electronics,Laptops,303.19,1,0.1,87.01
102116,02-09-2024,Cork,Electronics,TVs,146.11,1,0,60.98
104812,01-07-2024,Galway,Grocery,Beverages,64.58,2,0.15,6.71
106219,21/10/2024,Galway,Clothing,Menswear,72.6,1,0.15,15.44
102837,2024-04-10,Dublin,Clothing,Accessories,66.81,1,0,19.04
104632,19/10/2025,Cork,Electronics,Smart Home,98.31,1,0.05,38.25
104363,2024-04-15,Dublin,Grocery,Bakery,6.53,1,0,1.67
105661,2024-05-07,Galway,Clothing,Footwear,264.68,4,0.15,41.73
100974,02-07-2024,Galway,Clothing,Kidswear,118.45,1,0.2,8.84
103376,24-06-2025,Dublin,Homeware,Furniture,211.21,3,0,77.63
102394,13-04-2025,Cork,Clothing,Accessories,100.28,1,,
106159,01-08-2024,Cork,Grocery,Bakery,58.19,2,0.1,13.29
100906,2024-11-08,Cork,Electronics,Mobile Accessories,214.88,1,0.2,49.85
104253,2025-03-20,Dublin,Electronics,TVs,680.71,1,0,299.93
101676,2024-01-07,Dublin,Homeware,Furniture,107.51,1,0.1,32.93
101290,04/09/2024,Limerick,Clothing,Footwear,165.69,3,0,45.89
105827,14/06/2025,Galway,Clothing,Menswear,174.46,2,0,47.27
105822,2024-02-24,Dublin,Homeware,Storage,393.71,3,0.05,110.34
104597,12/07/2025,Cork,Electronics,TVs,384.84,2,0,139.43
104047,30-01-2025,Dublin,Homeware,Bedding,50.51,1,0,22.2
104782,30/01/2025,Dublin,Electronics,Headphones,55.49,1,0.1,10.32
105578,19-09-2025,Limerick,Electronics,Mobile Accessories,270.23,1,0.2,49.64
106076,15/08/2025,Dublin,Homeware,Kitchenware,247.11,1,0.1,46.57
106342,2024-09-02,Dublin,Electronics,TVs,775.72,2,0,206.62
104853,02/02/2025,Dublin,Clothing,Footwear,92.21,1,0.1,14.85
100811,24/05/2025,Dublin,Clothing,Menswear,32.33,1,0,10.38
101107,05/01/2025,Dublin,Electronics,Mobile Accessories,996.66,2,0,359.0
105892,20/10/2025,Dublin,Clothing,Kidswear,114.68,2,0.05,33.54
103164,30/05/2024,Cork,Grocery,Snacks,34.38,2,0,14.63
104578,2025-05-20,Cork,Electronics,Headphones,616.11,3,0,233.44
102186,07/12/2024,Cork,Grocery,Dairy,124.1,4,0.15,23.79
103438,17/05/2024,Cork,Homeware,Storage,455.76,2,0.15,72.37
106213,08/12/2025,Dublin,Clothing,Footwear,45.08,1,0,15.02
105339,2024-09-19,Dublin,Grocery,Snacks,8.51,1,0.05,2.12
102131,2025-10-26,Cork,Grocery,Bakery,12.72,1,0.15,1.91
102805,2025-08-19,Galway,Electronics,Laptops,805.12,4,0.2,104.2
105169,15-09-2025,Dublin,Clothing,Kidswear,252.15,2,0.2,34.08
101035,2025-12-05,Dublin,Grocery,Fresh Produce,13.41,1,0.05,4.98
104776,2025-01-03,Dublin,Grocery,Dairy,78.94,2,0.1,13.81
104579,2024-10-19,Limerick,Grocery,Snacks,17.06,1,0.15,2.02
104816,28-07-2024,Dublin,Clothing,Menswear,92.23,2,0.2,15.73
102572,29/07/2025,Galway,Homeware,Furniture,399.86,2,0.15,107.16
103211,28/09/2024,Dublin,Electronics,Laptops,1116.94,3,0,293.61
105055,2024-09-17,Dublin,Homeware,Bedding,741.2,4,0.05,182.37
101214,28/06/2024,Cork,Homeware,Furniture,48.47,1,0,19.8
100658,04-07-2025,Dublin,Electronics,Laptops,2761.38,4,0.15,566.24
103277,2024-08-17,Galway,Electronics,Mobile Accessories,583.22,2,0.1,138.12
102337,2025-05-02,Cork,Clothing,Womenswear,102.16,1,0,34.63
101392,09-03-2025,Galway,Electronics,Mobile Accessories,188.12,1,0,83.7
104887,24-05-2024,Limerick,Grocery,Fresh Produce,27.7,1,0.1,8.61
105206,19/07/2025,Dublin,Electronics,Mobile Accessories,690.12,1,0,303.71
104949,2025-04-29,Cork,Grocery,Fresh Produce,6.93,1,0.1,1.46
102691,02-02-2024,Cork,Electronics,Headphones,103.2,1,0.2,5.17
100330,31/01/2025,Dublin,Clothing,Kidswear,33.23,1,0,12.03
101049,03/09/2025,Dublin,Clothing,Kidswear,112.8,1,0.15,16.52
102810,2025-04-10,Galway,Homeware,Kitchenware,390.66,2,0.2,79.2
106361,21-10-2025,Galway,Clothing,Womenswear,118.24,1,,41.25
104402,2024-11-12,Dublin,Clothing,Footwear,195.55,2,0.15,46.73
100094,2024-09-03,Cork,Homeware,Bedding,143.73,1,0.05,50.15
100583,06-10-2024,Dublin,Grocery,Fresh Produce,26.91,2,0.05,8.28
103862,29-11-2025,Dublin,Electronics,Smart Home,738.3,1,0,227.39
101923,09/09/2025,Cork,Homeware,Furniture,179.96,2,0,72.83
103683,27-06-2025,Dublin,Clothing,Accessories,181.4,2,0.05,46.56
105096,15-05-2025,Cork,Grocery,Fresh Produce,26.63,1,0.05,6.27
104291,24/05/2025,Dublin,Clothing,Womenswear,64.52,2,0.15,11.47
103160,2025-05-29,Dublin,Grocery,Snacks,23.13,1,0,6.43
105721,22-02-2024,Limerick,Grocery,Snacks,19.56,2,0.2,2.45
100024,2024-07-13,Dublin,Electronics,TVs,557.57,1,0.15,132.3
100998,2025-05-31,Dublin,Clothing,Kidswear,117.05,1,,
100069,07/10/2024,Dublin,Electronics,TVs,238.73,1,0.15,
105110,23/11/2025,Limerick,Homeware,Furniture,153.13,1,0.05,48.29
100697,03-12-2025,Dublin,Grocery,Snacks,97.47,3,0,38.78
100274,2025-04-15,Dublin,Homeware,Lighting,327.5,2,0,82.16
100926,2024-10-19,Cork,Electronics,Smart Home,154.58,2,0,
105744,2025-03-15,Dublin,Grocery,Bakery,5.21,1,0.2,0.39
103242,14/11/2024,Dublin,Homeware,Bedding,314.63,1,0,134.24
103217,16-03-2025,Cork,Electronics,Headphones,950.27,3,0.05,259.75
104412,27/11/2024,Limerick,Clothing,Kidswear,82.08,1,0,26.23
106331,2025-11-21,Galway,Electronics,TVs,1412.6,2,0.1,233.11
101233,13-05-2025,Dublin,Electronics,TVs,337.64,1,0.15,41.43
100082,22-02-2024,Dublin,Homeware,Furniture,472.82,3,0.05,177.65
102515,15-10-2024,Cork,Clothing,Footwear,69.48,1,0,17.9
103728,2025-06-03,Cork,Clothing,Womenswear,35.1,2,0,15.38
105675,13/11/2025,Dublin,Electronics,Headphones,745.69,1,0,325.45
104462,2024-11-01,Dublin,Homeware,Lighting,817.01,2,0.05,233.43
103913,21-03-2024,Limerick,Grocery,Dairy,140.69,4,0.15,32.98
101242,23-10-2025,Galway,Clothing,Kidswear,30.54,3,0,12.47
100851,19-04-2025,Dublin,Grocery,Snacks,53.73,2,0,20.6
104229,2025-08-17,Cork,Grocery,Snacks,53.55,3,0.15,11.07
100074,03/01/2024,Dublin,Clothing,Kidswear,13.41,1,0.15,3.26
106354,31-05-2024,Dublin,Grocery,Dairy,144.53,4,0,58.24
106197,12-05-2024,Cork,Homeware,Kitchenware,270.84,2,0,69.33
102178,22-11-2024,Dublin,Clothing,Kidswear,81.97,1,0.15,24.17
105777,2025-01-09,Cork,Homeware,Kitchenware,282.12,1,0.2,68.51
101269,01/03/2025,Limerick,Clothing,Womenswear,415.88,4,0.15,124.7
105496,04/06/2024,Cork,Clothing,Womenswear,43.6,1,0,12.02
101355,07/03/2024,Dublin,Electronics,Headphones,267.02,1,0,70.41
103699,24/11/2025,Dublin,Grocery,Beverages,40.86,2,0.15,9.8
106035,30-07-2024,Limerick,Clothing,Footwear,199.86,3,0.15,44.63
103329,18/04/2024,Cork,Homeware,Bedding,206.55,1,0.2,34.21
102753,28-03-2024,Limerick,Grocery,Beverages,141.41,4,0.2,17.0
103576,07-05-2024,Galway,Grocery,Fresh Produce,71.22,3,0,19.24
102457,20/03/2024,Cork,Homeware,Storage,230.68,1,0.15,57.09
100308,2025-05-23,Dublin,Clothing,Womenswear,54.79,1,0,21.59
105098,05-09-2024,Galway,Homeware,Kitchenware,319.29,3,0,114.09
105828,13-10-2024,Cork,Grocery,Beverages,21.14,1,0.15,2.95
102942,2024-03-12,Cork,Homeware,Kitchenware,467.82,2,,150.99
104138,29/10/2025,Galway,Clothing,Footwear,13.2,1,0.2,2.57
102476,29/12/2024,Galway,Homeware,Kitchenware,709.27,2,0,248.23
104108,27/05/2024,Galway,Clothing,Womenswear,201.5,2,0.15,48.42
101072,30/04/2025,Cork,Grocery,Dairy,144.76,4,0,41.93
103714,2024-05-27,Dublin,Electronics,Headphones,214.06,1,0,83.35
100743,2025-02-28,Dublin,Homeware,Bedding,525.39,2,0.05,127.44
105384,04-03-2025,Limerick,Clothing,Accessories,129.24,2,0.15,28.9
102070,2024-08-18,Galway,Grocery,Bakery,7.63,1,0,2.44
102949,2024-09-11,Galway,Clothing,Accessories,56.72,1,0.2,3.15
101854,2025-01-03,Cork,Homeware,Kitchenware,615.63,3,0.15,94.22
102575,2025-10-26,Dublin,Homeware,Lighting,1031.83,3,0,285.5
105213,25-09-2025,Cork,Homeware,Bedding,359.6,4,0.2,80.35
101425,31/05/2025,Galway,Clothing,Womenswear,331.71,3,0,133.23
100737,18-02-2024,Limerick,Grocery,Beverages,18.68,1,0,5.31
100883,15-07-2025,Dublin,Homeware,Furniture,524.77,2,0.2,46.7
103987,2025-05-29,Cork,Electronics,TVs,1308.93,4,0,450.64
101393,12/01/2025,Cork,Homeware,Lighting,383.02,2,0,126.87
102331,28/02/2025,Galway,Homeware,Furniture,208.16,1,0,76.41
103477,2024-02-26,Galway,Grocery,Beverages,27.93,1,0.15,6.5
103635,24/04/2025,Galway,Clothing,Womenswear,114.75,1,0,44.3
102054,2025-02-18,Dublin,Clothing,Footwear,10.99,1,0,4.43
106492,2025-09-16,Dublin,Electronics,Mobile Accessories,253.92,2,0,72.94
105817,30-03-2025,Dublin,Grocery,Beverages,5.88,1,0.2,1.27
105689,2024-07-28,Limerick,Clothing,Accessories,208.54,2,0.1,71.78
102128,26-12-2024,Galway,Grocery,Snacks,38.25,1,0.05,9.17
100432,08-05-2025,Galway,Clothing,Kidswear,221.91,3,0.2,18.32
105755,2024-09-11,Cork,Grocery,Beverages,36.17,1,0.1,10.38
105681,10-07-2025,Limerick,Electronics,Headphones,79.16,2,0.2,8.66
101579,2024-02-15,Cork,Electronics,Mobile Accessories,636.48,2,0,205.37
100495,2025-04-08,Cork,Clothing,Menswear,89.35,1,0.1,30.98
104824,17/04/2024,Cork,Grocery,Dairy,15.5,1,0,4.11
103699,24/11/2025,Dublin,Grocery,Beverages,40.86,2,0.15,9.8
103464,2024-01-22,Dublin,Grocery,Snacks,40.43,3,0,15.71
105975,09-12-2024,Cork,Electronics,Smart Home,295.36,1,0,98.68
105135,2025-08-27,Cork,Grocery,Beverages,16.71,2,0.1,4.36
104503,19-06-2025,Dublin,Electronics,Smart Home,570.46,1,0.2,94.75
103776,04/02/2024,Limerick,Electronics,Laptops,713.34,2,0,206.32
104307,05-12-2024,Cork,Grocery,Fresh Produce,27.51,3,0.2,3.72
101738,17/08/2025,Cork,Grocery,Snacks,6.24,2,0.15,1.56
105065,13/08/2025,Galway,Clothing,Womenswear,184.65,2,0.15,41.94
100159,2025-01-30,Dublin,Homeware,Lighting,242.3,1,0.2,35.41
104027,2025-05-27,Cork,Homeware,Bedding,217.56,1,0,85.3
101064,2025-07-30,Dublin,Homeware,Furniture,819.86,3,0,217.51
104433,21-12-2025,Dublin,Homeware,Storage,1275.31,3,0,410.49
104466,17/12/2024,Galway,Clothing,Accessories,75.8,1,0.1,21.47
103038,27/02/2024,Dublin,Clothing,Kidswear,95.04,4,0.15,24.5
105682,14-06-2025,Galway,Homeware,Lighting,206.91,3,0,90.18
103123,2024-04-15,Dublin,Grocery,Beverages,37.23,1,0.05,13.56
103928,02-04-2024,Cork,Homeware,Furniture,232.73,1,0.05,73.39
100109,2024-05-08,Galway,Homeware,Kitchenware,501.3,2,0,166.79
102997,11/08/2024,Limerick,Electronics,Smart Home,1404.11,3,0,615.9
102638,02/05/2025,Galway,Grocery,Beverages,64.48,4,0,22.52
103152,2024-01-20,Dublin,Clothing,Kidswear,505.91,4,0,172.08
101063,2024-06-11,Dublin,Homeware,Furniture,625.0,2,0.05,185.87
105186,02/04/2025,Dublin,Homeware,Bedding,324.24,1,0.1,108.35
104681,2025-03-04,Limerick,Clothing,Menswear,469.96,4,0,159.35
103842,05-03-2025,Cork,Electronics,Laptops,584.43,4,0.05,152.63
104582,2025-11-30,Dublin,Clothing,Menswear,13.72,1,0,4.6
104883,10/08/2024,Limerick,Clothing,Menswear,163.39,2,0.05,42.73
101071,03/01/2025,Galway,Electronics,Mobile Accessories,422.46,3,0.15,72.47
100524,2024-11-16,Dublin,Electronics,TVs,300.49,2,0.2,22.37
106067,08/03/2024,Cork,Homeware,Furniture,243.06,1,0.15,44.33
100020,2025-02-24,Cork,Electronics,Headphones,103.75,3,0,30.08
101843,06/04/2025,Dublin,Homeware,Kitchenware,205.59,3,0.1,40.25
100155,2024-04-16,Galway,Grocery,Bakery,7.36,2,0,2.11
100982,03-10-2024,Dublin,Homeware,Kitchenware,58.77,1,0.05,22.55
101103,18/08/2025,Galway,Homeware,Lighting,213.27,1,0.15,33.0
105996,18/05/2025,Dublin,Homeware,Storage,66.76,1,0,26.96
102403,2024-04-07,Limerick,Clothing,Footwear,108.0,1,0.2,11.01
103602,12/02/2024,Galway,Homeware,Bedding,139.83,1,0,57.82
103367,23/05/2024,Dublin,Clothing,Kidswear,52.89,1,0.2,8.36
101251,2025-07-05,Cork,Grocery,Fresh Produce,59.82,2,0,15.26
101792,25-08-2025,Dublin,Electronics,Mobile Accessories,109.15,3,0,39.6
105075,29/10/2025,Dublin,Clothing,Accessories,161.6,2,0.1,50.79
103207,12-08-2025,Dublin,Homeware,Storage,253.02,2,0,88.47
104177,03-06-2024,Cork,Homeware,Furniture,964.16,4,0.05,193.47
104470,01-01-2025,Dublin,Homeware,Storage,459.24,2,0,129.69
104197,26/07/2025,Cork,Homeware,Furniture,457.08,3,0,133.27
104081,05-05-2024,Dublin,Electronics,Smart Home,701.89,1,0.1,226.07
105835,12/04/2025,Dublin,Clothing,Menswear,98.11,1,0,27.73
104270,13-10-2025,Dublin,Electronics,Laptops,780.23,2,0,272.16
103246,2025-04-28,Dublin,Electronics,Laptops,1087.88,2,0.1,302.45
101026,11/07/2024,Cork,Grocery,Bakery,131.72,4,0.1,32.56
103356,24/09/2024,Cork,Grocery,Bakery,38.79,1,0,13.83
100290,02/10/2024,Galway,Electronics,Headphones,468.76,2,0,161.83
103926,05/07/2024,Limerick,Electronics,Smart Home,235.02,3,0.1,54.23
104635,2025-05-29,Dublin,Grocery,Snacks,9.56,1,0,3.95
100668,13/07/2025,Dublin,Electronics,Smart Home,661.34,1,0.05,205.0
100896,2024-11-02,Limerick,Homeware,Bedding,258.47,1,0.1,71.9
103135,18-10-2024,Cork,Clothing,Footwear,72.52,1,0,20.52
100193,28-03-2025,Cork,Clothing,Womenswear,61.26,2,0,16.14
105227,2025-06-14,Dublin,Electronics,Laptops,662.26,3,0.05,197.77
102418,15-09-2025,Galway,Electronics,Smart Home,340.44,4,0,107.32
104498,28-11-2025,Dublin,Grocery,Beverages,182.09,3,0.05,43.01
105419,28/08/2024,Cork,Clothing,Womenswear,190.55,2,0.2,26.78
105917,2024-03-24,Limerick,Homeware,Lighting,223.04,1,0,91.07
101232,2024-02-22,Dublin,Electronics,Laptops,745.06,2,0,264.34
102537,2025-11-16,Dublin,Clothing,Kidswear,482.74,4,0.1,80.28
101307,28-08-2024,Dublin,Grocery,Fresh Produce,37.55,1,0,10.44
101626,18-09-2025,Dublin,Electronics,Headphones,1416.43,2,0.1,479.89
102147,25/06/2025,Cork,Clothing,Accessories,41.52,3,0.15,12.21
100062,2025-07-05,Galway,Clothing,Footwear,200.96,2,0,77.48
104616,10/09/2025,Dublin,Grocery,Bakery,10.88,1,0.1,2.74
105967,07-10-2024,Dublin,Homeware,Storage,134.61,1,0.1,35.22
105746,2025-11-24,Limerick,Clothing,Accessories,71.37,1,0,29.76
102351,24/06/2024,Dublin,Electronics,Headphones,2151.74,4,0.2,116.84
103453,15/03/2025,Dublin,Grocery,Dairy,10.9,4,0,3.3
100934,07-07-2024,Dublin,Homeware,Storage,975.43,4,0.1,252.55
105505,2025-10-19,Dublin,Clothing,Womenswear,82.28,3,0,33.44
102189,09/01/2024,Galway,Homeware,Furniture,664.53,3,0.15,145.43
106290,2025-11-26,Galway,Electronics,Headphones,351.67,1,0,142.14
103073,16/12/2024,Limerick,Homeware,Bedding,401.34,1,0.2,35.78
101937,29/02/2024,Dublin,Grocery,Fresh Produce,37.77,4,0.1,8.62
100731,01-03-2025,Galway,Grocery,Fresh Produce,41.04,2,0.1,9.51
103363,09-02-2024,Dublin,Homeware,Storage,38.69,1,0,13.86
105888,2025-01-10,Galway,Clothing,Menswear,386.04,4,0,106.74
100927,19-07-2025,Galway,Homeware,Furniture,458.24,4,0,138.12
102518,17/06/2025,Dublin,Homeware,Bedding,299.02,2,0.2,72.26
102930,2025-11-08,Dublin,Homeware,Lighting,647.45,2,0.1,167.92
103634,20-06-2024,Limerick,Clothing,Menswear,77.48,4,0,28.65
102545,2024-02-29,Dublin,Electronics,TVs,265.7,4,0.1,61.71
105440,18/07/2025,Dublin,Homeware,Lighting,88.73,3,0.1,26.07
104117,04/10/2025,Dublin,Electronics,Mobile Accessories,1117.98,2,,416.43
103131,2024-02-26,Limerick,Grocery,Snacks,13.54,4,0.1,4.21
101829,13-12-2024,Dublin,Grocery,Fresh Produce,123.39,2,0,36.65
104752,2024-03-11,Dublin,Grocery,Dairy,142.55,4,0.05,43.59
100875,01/04/2024,Dublin,Homeware,Kitchenware,202.54,1,0.2,
103398,2024-04-18,Cork,Grocery,Dairy,35.62,2,0,13.44
101711,17/10/2025,Cork,Clothing,Kidswear,77.77,1,0.05,21.93
101752,2025-10-03,Dublin,Grocery,Dairy,62.24,3,0.1,14.1
102938,15-09-2024,Limerick,Electronics,Laptops,2468.88,4,0,1110.4
102406,2024-08-21,Cork,Grocery,Bakery,18.4,1,0.2,3.81
101842,13-08-2024,Galway,Electronics,Mobile Accessories,497.45,1,0.05,165.74
106465,19-07-2024,Dublin,Grocery,Beverages,34.07,1,0,10.64
101884,15/12/2024,Limerick,Homeware,Bedding,762.8,2,0.05,284.97
101713,22-07-2025,Dublin,Electronics,TVs,116.9,1,0,33.76
101509,15/09/2024,Dublin,Clothing,Footwear,187.98,2,0.2,20.33
102893,24-10-2024,Dublin,Electronics,Headphones,745.19,1,0.1,112.89
105816,2025-08-20,Dublin,Grocery,Fresh Produce,66.8,2,0,27.81
104030,07-03-2024,Dublin,Grocery,Fresh Produce,22.72,4,0.05,5.25
103543,07-06-2024,Limerick,Electronics,Headphones,370.35,1,0.05,99.27
100850,21-01-2024,Galway,Clothing,Menswear,92.99,1,0.1,22.56
100112,05-01-2025,Cork,Electronics,Smart Home,373.89,2,0,113.87
102993,14/02/2024,Cork,Homeware,Lighting,147.84,3,0.2,9.57
100457,07/10/2025,Cork,Grocery,Snacks,26.8,2,0.2,3.66
100144,2025-01-08,Galway,Homeware,Lighting,748.28,4,0.15,107.18
104392,10/07/2025,Dublin,Clothing,Kidswear,65.11,1,0,18.72
103461,14/07/2025,Limerick,Electronics,Headphones,598.56,1,0,209.4
105479,13-09-2024,Dublin,Homeware,Lighting,332.98,1,0,149.12
105819,2024-03-30,Cork,Electronics,Headphones,71.76,3,0.2,9.58
106366,2025-07-21,Cork,Electronics,Headphones,234.55,2,0.1,55.05
102585,24-12-2024,Dublin,Grocery,Fresh Produce,76.38,4,0.05,15.63
102583,12-08-2025,Dublin,Homeware,Lighting,222.5,2,0.2,43.87
105562,15/05/2024,Cork,Electronics,Headphones,283.34,4,0.15,72.38
104522,04-07-2025,Dublin,Grocery,Bakery,10.76,1,0,4.27
102536,14/02/2024,Dublin,Homeware,Lighting,28.93,2,0,12.24
101443,2025-05-01,Cork,Homeware,Kitchenware,120.0,2,0.15,20.95
106385,12-07-2025,Dublin,Clothing,Footwear,102.32,1,0.1,17.17
100685,2024-02-13,Limerick,Clothing,Menswear,14.2,1,0,4.68
105123,2025-04-25,Limerick,Electronics,TVs,423.78,3,0,114.24
101985,24/12/2024,Galway,Homeware,Kitchenware,1664.88,4,0.15,449.29
101774,27-10-2024,Cork,Homeware,Lighting,59.22,1,0.2,4.94
101609,03-04-2025,Galway,Grocery,Beverages,44.08,4,0.15,5.18
103441,04/09/2025,Galway,Clothing,Womenswear,79.54,2,0.2,4.38
101183,02-12-2025,Cork,Grocery,Fresh Produce,28.2,1,0,10.03
101264,2024-06-30,Cork,Homeware,Storage,165.51,3,0.05,40.97
104165,25-01-2025,Dublin,Grocery,Fresh Produce,69.6,2,0,
103058,2025-11-16,Dublin,Electronics,Headphones,2055.13,2,0.1,389.11
100517,26-07-2024,Limerick,Grocery,Dairy,87.74,2,0.2,19.39
104020,2025-10-14,Limerick,Homeware,Lighting,128.57,1,0.15,17.61
101401,23-11-2024,Dublin,Clothing,Menswear,104.89,1,0.05,41.46
103406,2025-08-26,Dublin,Grocery,Fresh Produce,37.5,2,0,10.87
100967,2024-12-31,Galway,Clothing,Accessories,167.05,4,0.05,42.57
102372,2024-08-01,Limerick,Grocery,Dairy,38.67,1,0.05,10.0
102192,2025-03-30,Dublin,Clothing,Footwear,36.94,4,0,10.51
104640,2025-12-11,Limerick,Homeware,Bedding,549.89,2,0,235.03
105068,2025-01-19,Dublin,Grocery,Bakery,43.63,2,0.15,11.44
106250,2025-06-06,Galway,Clothing,Accessories,366.24,4,0.2,64.04
106315,31-03-2024,Dublin,Homeware,Furniture,241.73,1,0.2,38.45
102106,28-03-2025,Limerick,Clothing,Accessories,230.0,4,0.2,45.1
102171,04-02-2024,Dublin,Clothing,Accessories,148.3,2,0.2,20.46
105995,01/10/2025,Dublin,Clothing,Kidswear,404.13,3,0.05,106.87
101731,08-08-2025,Cork,Clothing,Womenswear,92.23,1,0.05,19.14
103947,17/07/2024,Dublin,Clothing,Kidswear,71.6,1,0.05,21.1
102474,2024-10-29,Limerick,Homeware,Bedding,17.67,1,0.05,5.43
102275,26/11/2025,Galway,Electronics,TVs,3076.81,4,0.15,535.86
104319,2025-11-29,Galway,Electronics,Mobile Accessories,483.84,4,0,158.1
104374,19-07-2025,Dublin,Clothing,Womenswear,194.0,2,0,85.6
102897,11-10-2024,Dublin,Clothing,Kidswear,273.52,2,0.2,47.18
100693,25/03/2025,Cork,Clothing,Menswear,38.69,1,0.2,3.64
105095,04-10-2024,Dublin,Homeware,Kitchenware,38.47,3,0,11.29
101109,22/02/2025,Cork,Homeware,Storage,613.28,4,,165.6
103219,07/01/2024,Cork,Clothing,Kidswear,284.73,3,0.1,55.88
104413,29-06-2024,Dublin,Homeware,Lighting,223.97,1,0,76.35
103839,2024-11-17,Cork,Grocery,Bakery,17.92,4,0.15,2.11
100744,23-02-2025,Limerick,Grocery,Fresh Produce,90.34,4,0,27.69
100237,20/09/2025,Limerick,Clothing,Kidswear,11.32,1,0.2,0.58
103294,30-04-2025,Dublin,Grocery,Dairy,8.71,1,0.15,0.95
100469,06/11/2024,Dublin,Homeware,Furniture,299.98,2,0,93.73
104490,2025-06-07,Dublin,Homeware,Storage,318.37,3,0.05,76.72
106018,05-08-2025,Dublin,Grocery,Bakery,70.41,3,0.1,23.44
100164,05/04/2025,Limerick,Grocery,Snacks,74.4,2,0,25.6
102386,08/04/2025,Cork,Grocery,Bakery,26.16,1,0.2,4.43
105859,10-01-2025,Galway,Electronics,Headphones,1854.78,3,,811.15
101658,01-12-2024,Dublin,Grocery,Snacks,14.1,1,0.05,5.17
105285,2025-12-02,Dublin,Homeware,Bedding,122.17,1,0,32.38
101472,2024-07-09,Dublin,Grocery,Bakery,25.05,1,0.2,5.8
105081,2024-06-28,Galway,Homeware,Furniture,345.06,3,0.2,52.48
105155,2025-05-17,Cork,Grocery,Beverages,61.2,3,,13.63
104303,14/11/2024,Galway,Electronics,Smart Home,3072.5,4,0.05,644.75
105355,31-07-2025,Dublin,Clothing,Womenswear,240.26,4,0,70.74
105179,25/05/2024,Dublin,Homeware,Lighting,228.09,2,0.15,37.64
105511,09/05/2025,Dublin,Grocery,Snacks,16.51,2,0.2,3.73
100068,26/08/2025,Limerick,Grocery,Fresh Produce,34.31,1,,12.96
105612,25-06-2025,Dublin,Electronics,Smart Home,483.31,1,0.2,34.87
103080,21-08-2024,Dublin,Homeware,Storage,750.6,3,0,295.22
105012,01/09/2025,Limerick,Electronics,Laptops,265.55,1,0,66.44
100646,11-12-2025,Galway,Grocery,Dairy,41.79,1,0.2,8.28
105153,2024-11-07,Cork,Clothing,Kidswear,105.63,1,0.15,27.92
105102,2024-07-03,Galway,Electronics,Mobile Accessories,294.36,2,0.1,86.33
101948,2025-12-30,Dublin,Homeware,Bedding,728.32,3,0,262.0
104124,13/03/2024,Galway,Grocery,Fresh Produce,78.03,3,0,27.61
100817,25-07-2025,Dublin,Homeware,Storage,302.9,1,0.15,90.28
103318,30-08-2024,Cork,Electronics,Mobile Accessories,524.78,2,0,185.14
102520,12-07-2025,Dublin,Grocery,Bakery,90.9,2,0.15,16.48
100769,21/09/2024,Dublin,Electronics,Headphones,697.36,4,0.1,162.34
105400,25-02-2024,Galway,Homeware,Lighting,283.17,3,0,98.99
101314,14-06-2024,Galway,Homeware,Storage,234.38,1,0.2,50.1
101147,26-04-2024,Dublin,Clothing,Footwear,124.75,4,0.1,31.51
106306,2025-09-22,Limerick,Electronics,TVs,140.88,2,0.15,25.34
105818,28/05/2025,Cork,Homeware,Lighting,18.69,1,0,5.63
102063,2024-01-13,Dublin,Clothing,Footwear,98.65,1,0,25.96
106208,01/01/2025,Galway,Clothing,Accessories,98.6,2,0,32.64
105363,12-10-2024,Galway,Electronics,Mobile Accessories,572.29,1,0,229.97
104325,10-05-2025,Dublin,Electronics,Headphones,194.41,1,0,73.27
105557,21/12/2024,Galway,Electronics,Headphones,908.22,1,0,271.18
103048,2025-03-04,Dublin,Grocery,Dairy,89.19,2,0.15,10.12
102599,20/11/2025,Limerick,Homeware,Lighting,380.72,1,0.2,90.29
105717,06/11/2024,Galway,Homeware,Bedding,143.68,3,0.05,28.91
105544,19/01/2024,Galway,Grocery,Dairy,32.64,4,0,11.16
101812,2024-07-23,Dublin,Clothing,Menswear,226.96,2,0,71.24
102187,04-05-2025,Dublin,Homeware,Kitchenware,258.17,1,0.05,78.37
106466,2024-10-04,Cork,Homeware,Lighting,151.8,4,0.1,33.81
103098,05/11/2024,Dublin,Electronics,TVs,945.92,1,0.2,214.94
101226,2025-05-08,Dublin,Clothing,Menswear,95.33,1,0,38.61
103386,15-06-2025,Cork,Grocery,Beverages,3.64,1,0.15,0.57
104422,2024-03-17,Dublin,Homeware,Storage,220.01,3,0.1,53.47
100521,2025-04-25,Galway,Grocery,Bakery,68.76,2,0.05,25.61
104521,20/08/2025,Galway,Homeware,Lighting,277.92,2,0.15,35.96
102609,10-04-2024,Dublin,Homeware,Furniture,277.0,1,0,81.94
105375,19-10-2025,Cork,Clothing,Menswear,348.78,3,0.05,126.63
102461,02/09/2024,Galway,Clothing,Accessories,72.48,1,0.2,13.31
101302,10/11/2025,Dublin,Grocery,Bakery,94.02,2,0,34.85
100248,2025-12-10,Dublin,Clothing,Footwear,37.98,1,0,15.17
103990,2025-11-27,Galway,Electronics,Mobile Accessories,1772.44,3,0.05,365.4
106453,07-08-2025,Dublin,Homeware,Storage,260.76,1,0,70.85
106317,21-01-2024,Cork,Clothing,Footwear,46.1,2,0.05,11.32
105432,2025-12-15,Dublin,Clothing,Kidswear,94.76,2,,33.37
104243,04/05/2025,Dublin,Homeware,Kitchenware,750.17,4,0,199.31
103338,11-03-2024,Galway,Clothing,Menswear,133.26,2,0.1,32.08
104140,14-12-2025,Dublin,Grocery,Beverages,18.89,1,0,6.08
104789,2025-03-05,Cork,Clothing,Kidswear,353.85,3,0.05,95.5
104230,21-05-2024,Dublin,Clothing,Womenswear,122.41,2,0.15,32.47
103546,26/07/2024,Limerick,Grocery,Fresh Produce,39.84,1,0.2,4.89
102219,17-11-2025,Cork,Homeware,Bedding,1051.05,3,0.05,408.08
104009,14/03/2025,Dublin,Homeware,Storage,561.91,2,0,186.08
105519,19-05-2024,Galway,Clothing,Accessories,234.58,2,0.2,34.6
101840,07/04/2024,Dublin,Electronics,TVs,114.77,2,0.2,13.16
101733,2024-12-30,Cork,Homeware,Storage,826.08,2,0,299.43
102630,19/04/2024,Cork,Electronics,Mobile Accessories,403.07,2,0.2,73.7
103800,06/08/2024,Dublin,Electronics,Smart Home,148.06,1,0.2,20.61
105492,2025-01-22,Limerick,Homeware,Storage,648.69,3,0.15,142.19
101104,20/03/2024,Limerick,Homeware,Storage,312.02,2,0.15,59.39
100235,27/05/2024,Galway,Clothing,Menswear,83.04,2,0,27.96
102124,07/05/2025,Cork,Electronics,TVs,81.8,1,0.2,16.74
105919,2024-03-09,Dublin,Clothing,Footwear,104.13,1,0.2,20.2
100512,2025-06-04,Limerick,Electronics,Mobile Accessories,655.82,2,0.1,217.99
100678,03/08/2025,Galway,Clothing,Footwear,107.07,4,0,34.23
102327,31/01/2025,Dublin,Homeware,Kitchenware,1188.32,4,0.05,438.69
100789,25-02-2024,Galway,Homeware,Kitchenware,469.94,2,0.05,116.16
105156,04/03/2025,Dublin,Electronics,TVs,108.99,1,0,45.27
101171,23/12/2025,Dublin,Grocery,Bakery,75.57,2,0,21.38
104808,2024-05-21,Dublin,Electronics,Mobile Accessories,195.72,1,0.05,43.25
105786,21/12/2024,Galway,Grocery,Beverages,31.3,1,0,13.26
104487,2024-10-14,Galway,Clothing,Footwear,167.3,2,0,65.16
102182,2025-09-11,Limerick,Grocery,Beverages,41.62,1,0,14.55
101995,02-01-2025,Cork,Homeware,Kitchenware,342.64,2,0.1,81.85
103783,07-02-2024,Cork,Electronics,Smart Home,1087.5,4,0.1,378.61
105904,23/09/2024,Cork,Homeware,Lighting,108.24,4,0.2,20.1
102122,20-05-2024,Galway,Electronics,Laptops,634.94,2,0,231.53
104702,08/10/2024,Dublin,Electronics,TVs,59.41,1,0.1,17.3
103445,2024-02-10,Dublin,Homeware,Furniture,625.83,2,0.2,75.04
103743,06-12-2025,Dublin,Clothing,Menswear,117.84,1,0,33.86
103891,10-05-2024,Galway,Electronics,Smart Home,647.61,1,0.15,67.48
103230,2025-12-01,Dublin,Homeware,Kitchenware,1739.38,4,0.05,364.63
101927,2025-02-26,Dublin,Clothing,Accessories,104.74,4,0,46.35
102931,2024-09-04,Dublin,Homeware,Kitchenware,619.67,2,0.1,168.49
100751,2024-05-06,Dublin,Electronics,Smart Home,728.74,3,0,261.89
103622,28/05/2025,Galway,Homeware,Kitchenware,11.71,1,0,3.91
102046,2024-01-02,Dublin,Homeware,Kitchenware,199.13,2,0.05,71.35
104586,2024-09-30,Cork,Grocery,Fresh Produce,84.76,4,0,23.07
103994,2025-11-25,Dublin,Clothing,Womenswear,228.59,2,0,80.59
102264,14/09/2025,Dublin,Clothing,Menswear,405.31,3,0.1,72.69
102181,17/10/2025,Dublin,Homeware,Kitchenware,368.12,2,0.05,79.71
102248,2025-07-20,Galway,Clothing,Accessories,196.95,3,0.05,61.02
100750,06/07/2025,Cork,Homeware,Furniture,441.38,2,0,134.0
104573,22/07/2025,Cork,Homeware,Kitchenware,212.48,1,0.1,56.97
105467,08-04-2025,Galway,Clothing,Footwear,191.08,4,0,50.59
104439,25-12-2024,Galway,Clothing,Footwear,111.62,1,0,28.22
102313,2025-01-22,Galway,Grocery,Dairy,27.8,2,0.1,5.3
100421,17/06/2025,Cork,Grocery,Beverages,47.98,2,0,17.98
101114,30/08/2025,Dublin,Clothing,Footwear,42.9,1,0.1,8.82
101954,2025-10-23,Dublin,Homeware,Bedding,258.3,1,0.15,49.62
102652,19/12/2025,Limerick,Electronics,Headphones,1239.53,2,0.05,332.85
105379,12-12-2024,Galway,Clothing,Accessories,277.93,4,0,104.69
103444,14-07-2024,Limerick,Homeware,Bedding,470.7,2,,103.47
106190,15/09/2024,Cork,Clothing,Footwear,117.42,2,0.15,32.87
103498,18-09-2025,Cork,Grocery,Fresh Produce,8.95,1,0,3.68
104448,2024-04-29,Dublin,Electronics,Mobile Accessories,167.96,1,0.05,54.47
104620,08/05/2024,Dublin,Clothing,Menswear,83.65,1,0,32.56
100786,2024-08-17,Dublin,Clothing,Accessories,56.96,1,0.05,20.57
100543,23/10/2025,Dublin,Homeware,Lighting,618.01,2,0,220.94
105591,2025-02-27,Galway,Clothing,Womenswear,29.5,2,0.15,6.13
106257,2025-07-22,Cork,Grocery,Beverages,19.49,1,0.05,6.7
105842,31-12-2025,Dublin,Grocery,Fresh Produce,119.49,2,0.15,28.76
106015,09-01-2025,Cork,Electronics,Laptops,216.01,1,0,81.68
100633,2024-12-18,Dublin,Clothing,Accessories,377.54,2,0,160.72
100449,2025-05-25,Galway,Homeware,Bedding,263.1,1,0,107.73
100813,22-11-2025,Dublin,Grocery,Beverages,29.75,2,0,7.45
105769,09/05/2024,Limerick,Homeware,Lighting,328.64,2,0,106.87
101781,16-11-2025,Dublin,Electronics,Laptops,1160.46,2,0.1,252.73
100279,27/06/2025,Cork,Homeware,Lighting,111.84,1,0.15,16.81
105907,2025-01-04,Dublin,Grocery,Fresh Produce,30.22,1,0.1,10.58
105600,04/12/2025,Galway,Grocery,Dairy,8.13,1,0,2.08
105353,18-12-2024,Cork,Electronics,Headphones,448.39,1,,162.98
104492,21-05-2024,Galway,Electronics,Mobile Accessories,444.76,1,0.2,87.22
104793,2025-10-18,Dublin,Homeware,Lighting,124.66,2,0.05,45.4
100560,08/05/2025,Dublin,Grocery,Bakery,75.74,2,0.05,18.42
100638,08/06/2025,Dublin,Clothing,Kidswear,173.79,2,0,46.63
101039,10-11-2025,Cork,Grocery,Snacks,3.53,1,0,1.09
106093,20/04/2025,Dublin,Homeware,Kitchenware,417.42,3,0.2,79.61
103220,20-02-2025,Galway,Electronics,TVs,337.23,1,0,149.18
105261,14-06-2024,Cork,Electronics,Laptops,315.85,1,0.05,
105434,07/05/2025,Cork,Homeware,Bedding,262.57,1,0.15,66.41
104499,2025-01-28,Galway,Clothing,Accessories,341.76,4,0.2,69.76
101281,2025-06-27,Dublin,Homeware,Kitchenware,715.25,3,0.15,91.7
104019,2024-10-28,Cork,Homeware,Storage,187.92,2,0.1,58.49
106474,21-01-2024,Cork,Electronics,Mobile Accessories,608.48,2,0,152.67
104314,18/06/2025,Limerick,Grocery,Fresh Produce,53.66,2,0,13.98
105789,2024-10-31,Cork,Electronics,Headphones,612.38,2,0,273.75
101935,2025-10-28,Dublin,Homeware,Storage,596.85,2,0.2,79.67
104988,24/11/2025,Dublin,Electronics,Laptops,330.02,1,0,133.36
100923,2025-02-14,Dublin,Homeware,Bedding,307.35,2,0,132.72
105448,12-08-2024,Dublin,Homeware,Kitchenware,175.66,1,0,44.31
100412,04/12/2024,Dublin,Homeware,Kitchenware,149.23,1,0,57.67
104384,07-01-2025,Cork,Grocery,Fresh Produce,38.37,1,0,16.15
105692,2025-03-05,Dublin,Grocery,Beverages,37.02,3,0,10.75
103254,26/05/2025,Cork,Homeware,Lighting,136.76,1,0.1,44.38
106488,01-11-2025,Limerick,Electronics,Smart Home,648.4,1,0.2,115.07
102773,10/02/2024,Galway,Clothing,Menswear,226.58,2,0.1,43.48
104160,17/03/2024,Dublin,Grocery,Fresh Produce,43.76,1,0,17.96
102206,21-07-2024,Cork,Grocery,Fresh Produce,26.81,1,0.1,7.57
105313,21-07-2024,Dublin,Clothing,Womenswear,229.65,2,0.1,77.41
100097,05-11-2025,Dublin,Electronics,TVs,3642.91,4,0.15,383.52
103522,2025-07-23,Cork,Electronics,TVs,353.42,1,0.05,97.35
100801,2025-07-22,Dublin,Grocery,Snacks,21.6,2,0.2,3.85
100411,2024-02-25,Limerick,Clothing,Accessories,48.57,3,0,19.42
103670,01-03-2025,Dublin,Clothing,Accessories,178.02,3,0,66.66
101520,2025-02-02,Cork,Grocery,Bakery,22.71,1,0,7.11
103425,28/03/2024,Cork,Grocery,Beverages,6.63,1,0.15,1.73
103077,15-08-2025,Galway,Clothing,Menswear,34.71,1,0.05,10.57
100162,2024-02-28,Dublin,Clothing,Kidswear,225.87,3,0.15,60.53
105237,29/07/2024,Dublin,Grocery,Bakery,88.62,2,0.05,19.7
105592,2024-08-06,Dublin,Clothing,Womenswear,26.78,2,0,6.86
102878,2025-04-01,Cork,Electronics,Mobile Accessories,79.01,1,0.15,8.46
100973,30-03-2024,Cork,Clothing,Kidswear,27.01,1,0,11.79
106347,2025-01-31,Limerick,Electronics,Laptops,219.71,1,0.2,23.55
104450,31/01/2025,Limerick,Clothing,Kidswear,237.28,4,0.2,42.14
102426,2025-07-17,Dublin,Grocery,Bakery,28.52,1,0,7.38
100542,05/08/2025,Cork,Electronics,Laptops,273.51,4,0,72.63
106108,2024-08-23,Cork,Electronics,Laptops,76.87,1,0.2,5.39
100427,2025-11-08,Galway,Electronics,Laptops,856.1,2,0.2,131.55
105521,2025-10-26,Cork,Electronics,Headphones,375.34,4,0.1,123.55
102644,11-12-2024,Galway,Electronics,TVs,1230.22,3,0,464.44
102662,29/06/2024,Dublin,Homeware,Storage,121.47,1,0.05,42.05
105455,08-04-2025,Galway,Clothing,Accessories,95.74,1,0,33.57
100462,17/11/2024,Dublin,Grocery,Beverages,80.5,2,0,21.93
100992,30/09/2025,Limerick,Electronics,Smart Home,1358.4,4,0,429.88
102547,07/03/2024,Dublin,Homeware,Storage,478.51,2,0.15,121.53
102767,19-07-2025,Dublin,Grocery,Snacks,34.94,1,0.2,5.33
105826,2024-05-26,Dublin,Homeware,Lighting,406.69,4,0,151.98
101442,12/11/2025,Dublin,Electronics,Mobile Accessories,926.14,1,0,246.22
105058,29-01-2024,Dublin,Electronics,Mobile Accessories,393.42,2,0,117.49
100485,15/10/2025,Cork,Homeware,Kitchenware,189.72,1,0.2,23.9
101941,16/09/2025,Dublin,Grocery,Bakery,41.57,1,0,16.4
103040,2025-02-08,Galway,Clothing,Footwear,203.28,3,0.15,24.37
106389,2025-04-16,Dublin,Clothing,Womenswear,200.82,3,0.15,41.96
100298,2025-11-04,Dublin,Grocery,Fresh Produce,15.78,1,0.05,4.76
101141,07/02/2025,Limerick,Electronics,Smart Home,165.04,1,0.05,40.56
100636,2025-11-25,Cork,Grocery,Fresh Produce,96.66,4,0,34.88
103658,28/08/2024,Limerick,Electronics,Smart Home,356.35,1,0.2,81.65
105566,2024-06-03,Dublin,Homeware,Storage,149.89,1,0.1,38.47
100152,03-09-2025,Cork,Homeware,Bedding,94.47,1,0.1,26.4
104006,06/12/2024,Dublin,Grocery,Beverages,50.09,1,0,18.23
101010,2025-09-13,Dublin,Homeware,Storage,387.61,3,0.2,91.92
104707,12-06-2024,Dublin,Clothing,Footwear,61.13,1,0.2,8.89
101389,2024-09-29,Dublin,Clothing,Womenswear,111.11,1,0.15,30.15
100579,2025-05-22,Galway,Clothing,Footwear,69.3,2,0.15,11.95
104086,31-08-2025,Dublin,Clothing,Kidswear,60.23,3,0.1,15.6
104946,20-11-2025,Cork,Grocery,Beverages,89.88,4,0.1,20.7
104633,2024-12-08,Cork,Homeware,Lighting,125.87,3,0.2,26.49
103912,2025-10-22,Cork,Electronics,TVs,710.64,2,0.1,136.81
103405,2025-09-04,Galway,Clothing,Kidswear,61.77,1,0,25.49
101131,2025-03-11,Dublin,Electronics,Mobile Accessories,377.71,1,0,121.9
100410,2024-12-18,Dublin,Homeware,Bedding,204.02,2,0.2,40.69
102690,21-06-2025,Limerick,Grocery,Snacks,19.07,1,0,5.1
104506,22/08/2025,Limerick,Clothing,Kidswear,26.61,1,0.15,5.86
106139,2024-12-13,Dublin,Homeware,Lighting,569.91,2,0.1,173.83
103672,07/02/2024,Dublin,Electronics,Smart Home,337.87,4,0,122.46
105271,06/10/2025,Cork,Grocery,Dairy,33.12,2,0.1,10.34
101415,2024-10-14,Galway,Clothing,Womenswear,97.82,1,0.15,24.03
104527,14-10-2025,Limerick,Electronics,TVs,1161.28,2,0.15,248.69
102591,2024-01-21,Galway,Homeware,Storage,183.34,1,0.05,46.03
100867,01/05/2025,Cork,Homeware,Kitchenware,1183.96,4,0,528.84
101216,07-09-2024,Cork,Electronics,Headphones,813.25,3,0.15,177.88
104997,19/07/2024,Galway,Electronics,Headphones,408.07,1,0.15,61.99
102411,2025-05-14,Galway,Clothing,Womenswear,49.41,1,0.2,6.03
106236,25/11/2024,Dublin,Homeware,Kitchenware,335.01,4,0.15,44.46
104386,2024-07-27,Dublin,Electronics,Headphones,1428.78,2,0,481.36
105660,2024-11-06,Limerick,Grocery,Dairy,215.04,4,0.1,51.02
105158,18/11/2024,Dublin,Clothing,Womenswear,122.23,4,0.1,39.1
101715,17/11/2025,Dublin,Electronics,Laptops,2546.83,4,0.15,708.94
101459,2024-10-01,Dublin,Electronics,Smart Home,528.06,3,0.1,178.5
105732,2025-02-07,Limerick,Clothing,Womenswear,80.66,2,0.2,7.48
101491,2025-05-09,Galway,Homeware,Lighting,275.39,1,0.15,55.44
104454,23-09-2024,Dublin,Homeware,Lighting,103.66,2,0,28.68
100328,2025-01-04,Dublin,Electronics,Mobile Accessories,1862.79,3,,473.03
101032,2024-04-21,Galway,Homeware,Kitchenware,73.68,1,0,24.68
106248,30/10/2024,Cork,Homeware,Bedding,117.15,1,0.15,29.41
102525,05/01/2024,Galway,Clothing,Womenswear,113.43,1,0.1,18.92
100840,08-10-2025,Galway,Homeware,Furniture,243.4,4,0.15,57.54
101635,17-03-2024,Limerick,Grocery,Beverages,14.46,1,0.15,1.56
102078,2024-03-31,Limerick,Electronics,TVs,45.33,1,0.1,8.19
102574,04-06-2025,Limerick,Grocery,Bakery,28.94,3,0.05,7.11
100855,2025-01-05,Cork,Electronics,Laptops,207.16,2,0.15,56.04
101381,10/08/2024,Dublin,Clothing,Footwear,24.23,1,0,10.8
105742,30/09/2025,Limerick,Grocery,Beverages,66.62,2,0.1,21.98
102771,23/12/2024,Galway,Grocery,Fresh Produce,30.37,1,0.05,6.45
100853,25/08/2025,Dublin,Electronics,Headphones,519.09,2,0,213.43
105766,20/03/2025,Dublin,Grocery,Dairy,34.18,4,0.05,6.9
100242,2024-09-05,Cork,Homeware,Lighting,59.16,1,0,23.45
101536,2025-08-14,Limerick,Grocery,Dairy,27.54,1,0.05,6.87
104880,06-07-2025,Dublin,Grocery,Beverages,108.16,3,0,44.91
101165,09-04-2024,Limerick,Grocery,Bakery,96.8,3,0,37.12
101998,26-11-2025,Dublin,Clothing,Footwear,124.94,4,0.2,16.33
101001,08/10/2024,Dublin,Homeware,Kitchenware,448.8,2,0.2,102.92
106388,2025-12-10,Galway,Clothing,Accessories,130.21,1,0,46.29
101262,06-03-2025,Dublin,Electronics,Mobile Accessories,287.79,1,0.2,68.19
104085,16-05-2025,Limerick,Homeware,Kitchenware,206.11,1,0.15,55.61
102359,10/04/2024,Cork,Homeware,Kitchenware,396.34,2,0,105.79
104809,28/09/2025,Limerick,Clothing,Kidswear,167.92,2,0.1,42.43
101371,26-06-2025,Dublin,Homeware,Lighting,213.42,1,0.05,73.07
100168,18/12/2025,Cork,Grocery,Dairy,14.73,1,,3.27
104234,11-09-2025,Cork,Homeware,Kitchenware,21.97,1,0.1,6.76
105529,25-03-2025,Galway,Clothing,Menswear,12.98,1,0.1,2.43
103606,2025-08-27,Cork,Electronics,Headphones,192.83,1,0,62.15
100217,18/02/2024,Limerick,Clothing,Accessories,87.4,2,0.05,32.35
100205,27-11-2025,Galway,Electronics,TVs,1277.72,3,0,555.02
104667,10/07/2024,Limerick,Grocery,Bakery,23.83,3,0,8.36
101799,23-01-2024,Limerick,Homeware,Lighting,1062.16,4,0,381.41
100380,2025-05-24,Galway,Electronics,Headphones,277.15,1,0.1,66.57
106111,11/08/2025,Dublin,Electronics,Mobile Accessories,254.76,1,0,112.85
106406,2025-08-08,Dublin,Clothing,Kidswear,123.3,2,0.15,15.05
104274,29/10/2025,Dublin,Homeware,Storage,363.46,3,0,146.21
103302,31-07-2024,Limerick,Homeware,Lighting,258.52,2,0.05,102.94
104939,23-02-2024,Dublin,Clothing,Kidswear,120.52,1,,45.22
103366,07-01-2024,Cork,Clothing,Kidswear,21.83,1,0.05,8.4
103925,2024-03-12,Dublin,Clothing,Accessories,21.07,1,0.05,4.58
103501,28/10/2024,Limerick,Grocery,Bakery,45.58,3,0.05,13.74
101439,2025-11-11,Dublin,Clothing,Accessories,178.65,1,0,79.53
104261,16/07/2024,Dublin,Clothing,Kidswear,38.89,2,0,16.28
102160,2024-04-25,Limerick,Clothing,Womenswear,284.32,4,0.05,
102446,29/05/2024,Limerick,Homeware,Lighting,195.06,1,0.05,71.94
103311,2025-09-04,Cork,Clothing,Footwear,29.93,1,0.1,5.55
100701,09/04/2025,Galway,Clothing,Menswear,33.14,1,0,8.64
106265,26-09-2024,Dublin,Homeware,Lighting,332.13,3,0.05,101.58
101778,11/06/2025,Dublin,Clothing,Footwear,70.28,1,0.1,11.88
103323,18/09/2024,Dublin,Grocery,Fresh Produce,12.67,1,0,4.58
102498,07/12/2024,Limerick,Homeware,Kitchenware,1463.0,4,0,438.7
103019,17-07-2024,Dublin,Electronics,Headphones,733.73,1,0.05,150.26
100032,2024-12-07,Galway,Grocery,Bakery,84.48,2,0.15,18.12
104713,25/07/2024,Dublin,Electronics,Smart Home,2679.59,4,0,874.63
104385,19/08/2025,Dublin,Clothing,Womenswear,228.87,2,0,96.8
102081,2024-11-22,Dublin,Homeware,Bedding,349.66,1,0,152.74
100232,2024-02-02,Dublin,Clothing,Footwear,80.39,1,0.15,23.97
100368,23/02/2025,Dublin,Electronics,TVs,385.5,1,0.15,
102748,20-07-2024,Limerick,Electronics,Headphones,549.07,1,0.2,113.2
105701,2025-09-24,Cork,Homeware,Furniture,441.15,3,0.15,69.98
100022,07/07/2025,Galway,Electronics,Laptops,257.88,2,0.05,92.13
103945,15-11-2025,Dublin,Clothing,Womenswear,41.73,3,0,12.37
102274,2024-02-24,Galway,Clothing,Footwear,38.31,3,0.1,9.13
102268,03/01/2024,Dublin,Electronics,TVs,821.74,4,0.2,203.36
105423,23-05-2024,Dublin,Electronics,Mobile Accessories,594.68,3,0,262.55
101716,19/07/2024,Cork,Clothing,Footwear,19.39,1,0.05,4.99
104168,2024-01-31,Dublin,Homeware,Furniture,81.21,1,0.15,23.07
105965,15-02-2024,Cork,Homeware,Kitchenware,231.77,1,0.05,91.29
103327,2025-08-23,Galway,Homeware,Lighting,310.9,2,0,138.85
101132,09-08-2025,Limerick,Homeware,Kitchenware,484.3,2,0.1,137.57
103046,25-11-2024,Cork,Homeware,Kitchenware,450.24,4,0.1,120.48
100004,02/01/2025,Galway,Grocery,Fresh Produce,59.46,2,0,15.18
100930,25-07-2024,Cork,Homeware,Kitchenware,94.14,2,0.1,19.55
103035,21/12/2025,Galway,Homeware,Kitchenware,141.75,3,0,46.21
104813,30-07-2024,Cork,Grocery,Snacks,53.16,2,0,14.73
103538,2025-09-17,Limerick,Homeware,Lighting,147.09,1,0,57.99
102086,14-08-2025,Galway,Electronics,Smart Home,103.94,4,0.15,24.18
104677,2025-04-14,Cork,Electronics,Smart Home,44.38,3,0,17.74
101017,2024-10-18,Dublin,Clothing,Menswear,249.16,2,0,95.31
101492,16-12-2024,Cork,Grocery,Snacks,53.65,1,0.1,12.78
103129,27/02/2025,Cork,Homeware,Bedding,154.0,1,0,39.46
105498,28/01/2024,Cork,Homeware,Storage,42.68,1,0.15,7.49
106356,14-12-2025,Limerick,Clothing,Footwear,247.24,2,0,85.96
103188,09/02/2025,Galway,Electronics,Smart Home,619.68,4,0.15,166.79
105385,27/06/2024,Limerick,Grocery,Fresh Produce,130.85,4,0,46.57
103782,19/03/2025,Cork,Homeware,Bedding,167.6,1,0,64.7
101663,18/08/2025,Dublin,Electronics,Headphones,536.75,1,0.05,181.68
101597,2025-06-21,Limerick,Electronics,Laptops,155.44,1,0.2,37.95
102924,31-12-2024,Dublin,Clothing,Footwear,63.24,1,0,20.04
105994,2025-02-01,Dublin,Grocery,Fresh Produce,49.01,2,0.15,12.98
100073,2025-09-16,Limerick,Electronics,Laptops,415.95,1,0.15,118.03
105488,03-08-2025,Dublin,Grocery,Bakery,33.45,2,0,9.65
106442,14-11-2025,Cork,Clothing,Kidswear,71.09,2,0.2,4.78
100251,22/10/2025,Galway,Clothing,Kidswear,232.32,2,0,104.05
106010,12-06-2024,Dublin,Electronics,Smart Home,556.9,2,0.1,173.28
102530,25/09/2025,Galway,Clothing,Menswear,167.84,2,0.15,34.42
102256,27-09-2025,Dublin,Electronics,Mobile Accessories,317.91,1,0,137.64
102673,18-05-2024,Galway,Grocery,Bakery,64.46,2,0,22.93
105472,2025-02-16,Dublin,Grocery,Bakery,11.71,2,0,4.95
102374,31/03/2024,Dublin,Grocery,Beverages,121.53,4,0,49.18
102866,2024-01-21,Limerick,Homeware,Furniture,326.13,3,0.2,37.23
105830,05/05/2024,Cork,Clothing,Accessories,183.68,4,0.05,56.77
103746,22/06/2024,Limerick,Electronics,Mobile Accessories,201.0,2,0.05,62.64
104604,14-06-2025,Dublin,Homeware,Kitchenware,816.17,3,0.15,205.39
101382,2025-07-16,Dublin,Homeware,Lighting,427.75,2,0.05,133.88
103255,03-08-2024,Dublin,Homeware,Bedding,250.24,4,0.1,71.49
103312,13/02/2025,Dublin,Electronics,Laptops,99.68,2,0.15,18.08
105796,18/02/2024,Dublin,Clothing,Womenswear,80.43,1,0.2,6.54
104686,15/11/2024,Galway,Grocery,Fresh Produce,47.71,1,0,
106119,24-11-2024,Dublin,Grocery,Snacks,48.53,1,0,15.23
102035,21-08-2025,Dublin,Homeware,Storage,90.79,2,0.05,30.73
101164,31/12/2025,Dublin,Homeware,Bedding,219.09,4,0.2,49.54
102357,2024-06-03,Dublin,Clothing,Menswear,97.32,3,0.2,11.33
103541,2025-03-18,Limerick,Homeware,Kitchenware,1007.08,4,0.2,62.34
105497,02-05-2024,Dublin,Homeware,Furniture,1013.61,3,0,427.74
101580,26-06-2025,Dublin,Clothing,Accessories,50.07,2,0,14.54
104951,27/01/2024,Cork,Electronics,Headphones,121.86,1,0,38.45
101484,2025-10-31,Limerick,Electronics,TVs,834.88,4,0.1,200.1
101483,01/03/2025,Limerick,Homeware,Bedding,270.14,1,0,101.35
105007,2025-12-10,Cork,Grocery,Dairy,13.52,2,0,3.76
105922,2024-06-26,Dublin,Homeware,Storage,205.53,1,0.05,61.65
101344,26-05-2024,Limerick,Homeware,Kitchenware,241.1,2,0,69.26
105748,09/08/2024,Galway,Clothing,Accessories,172.67,2,0,48.93
104865,18/04/2024,Dublin,Clothing,Footwear,113.95,1,0.15,12.53
104844,03/02/2024,Dublin,Clothing,Footwear,128.29,1,0,57.46
100150,23-12-2025,Cork,Electronics,Headphones,28.4,1,0.2,6.25
104053,2025-04-01,Cork,Grocery,Fresh Produce,54.48,2,0,20.51
102100,08/05/2024,Dublin,Grocery,Dairy,33.56,1,0.05,8.49
105182,2025-07-21,Dublin,Electronics,Headphones,1395.29,2,0.2,329.18
104878,22-12-2024,Dublin,Electronics,Mobile Accessories,3669.32,4,0,1472.79
104136,2024-05-09,Dublin,Homeware,Kitchenware,644.05,4,0.1,161.5
105494,13-10-2024,Limerick,Homeware,Storage,173.86,2,0.15,51.26
100608,30/04/2025,Cork,Homeware,Kitchenware,25.67,1,0,10.48
105037,14/03/2024,Cork,Clothing,Menswear,8.36,1,0.2,1.68
101057,03/05/2024,Cork,Homeware,Bedding,40.05,1,0.2,5.96
102031,2024-09-08,Cork,Clothing,Accessories,16.94,1,0.1,5.89
106158,21/08/2025,Limerick,Electronics,Mobile Accessories,867.1,2,0,218.26
106153,22-08-2024,Cork,Grocery,Beverages,13.44,1,0,5.79
105236,19-02-2024,Dublin,Homeware,Furniture,327.24,4,0,136.5
105972,2024-12-11,Cork,Electronics,Laptops,148.31,1,0.2,33.21
105984,21/02/2025,Galway,Electronics,Headphones,536.1,2,0,146.88
104295,24-05-2024,Galway,Clothing,Menswear,205.02,2,0.2,13.39
104574,2024-02-28,Limerick,Grocery,Fresh Produce,43.9,2,0,14.25
104485,2025-10-28,Limerick,Clothing,Womenswear,248.58,3,0.05,81.11
104894,2024-11-12,Dublin,Grocery,Dairy,137.99,3,0,45.05
104769,25-10-2024,Dublin,Grocery,Beverages,29.9,1,0.15,7.37
103067,2024-06-09,Limerick,Grocery,Snacks,42.68,1,0,18.83
102316,10/02/2024,Dublin,Clothing,Womenswear,338.58,3,0,109.41
101009,24/08/2025,Dublin,Homeware,Lighting,265.31,2,0.05,74.48
105853,2025-05-22,Cork,Grocery,Snacks,30.45,1,0,12.39
103532,2025-02-26,Cork,Clothing,Womenswear,115.76,2,0.05,24.18
102543,2024-12-12,Dublin,Homeware,Lighting,851.53,2,0.15,220.9
106326,2024-05-29,Dublin,Electronics,Laptops,164.32,1,0,64.17
105983,24/04/2024,Dublin,Grocery,Beverages,30.76,1,,3.56
104761,01/11/2024,Cork,Clothing,Menswear,317.35,4,0,96.91
102217,29/05/2025,Galway,Electronics,Smart Home,319.21,1,0.1,85.25
106124,04-01-2025,Dublin,Electronics,Laptops,205.5,1,0,52.05
105546,06/12/2024,Dublin,Homeware,Furniture,890.04,2,0,259.35
105980,03-03-2024,Dublin,Clothing,Accessories,26.81,1,0.1,7.73
101163,2025-10-09,Cork,Homeware,Lighting,682.44,3,0.2,96.14
104502,22-07-2024,Dublin,Electronics,TVs,923.61,2,0.2,164.15
102146,2025-12-24,Dublin,Grocery,Bakery,95.34,2,0.05,30.17
100572,25/04/2024,Cork,Electronics,Laptops,529.51,2,0.2,28.21
105387,28-03-2024,Dublin,Grocery,Fresh Produce,31.87,1,0.15,6.24
106408,2024-02-18,Dublin,Electronics,Laptops,686.06,1,0,240.67
105610,27-12-2024,Limerick,Homeware,Lighting,35.84,1,0,9.07
100156,2025-12-13,Cork,Homeware,Bedding,158.48,4,0.05,62.22
102004,2025-09-17,Cork,Clothing,Womenswear,86.66,2,0.2,
103829,09-08-2024,Cork,Grocery,Fresh Produce,14.69,1,0.05,4.09
103674,2024-06-18,Cork,Clothing,Accessories,347.22,3,0,148.41
105184,2024-05-27,Limerick,Grocery,Beverages,37.27,2,0,15.41
106304,21/06/2024,Galway,Homeware,Kitchenware,298.58,2,0,81.9
101832,04-01-2024,Dublin,Homeware,Kitchenware,608.81,2,0,212.29
104567,19/06/2024,Dublin,Clothing,Footwear,261.76,2,0,111.88
103710,21-06-2024,Dublin,Electronics,Laptops,773.08,4,0.2,45.18
104564,2024-01-27,Galway,Electronics,TVs,1010.5,2,,453.33
102231,08-03-2024,Cork,Clothing,Womenswear,134.42,2,0.05,38.97
106164,29/03/2024,Dublin,Clothing,Menswear,196.34,3,0.05,57.92
101506,17/04/2025,Dublin,Homeware,Kitchenware,75.99,2,0,31.95
102579,2024-01-05,Dublin,Electronics,Headphones,331.86,1,0.1,50.26
100718,18-03-2025,Galway,Grocery,Dairy,20.97,3,0,5.95
104610,19/01/2025,Limerick,Homeware,Bedding,440.24,2,0,191.61
104494,2024-06-08,Dublin,Electronics,Laptops,228.32,2,0,85.46
101734,2024-01-27,Dublin,Electronics,Smart Home,739.31,2,0.15,207.94
105146,2024-11-22,Dublin,Clothing,Footwear,43.84,1,0,16.65
100938,2024-02-28,Cork,Electronics,Mobile Accessories,89.13,1,0,35.55
104712,2024-02-14,Dublin,Clothing,Kidswear,136.48,1,0.15,25.77
106082,2025-04-16,Cork,Grocery,Beverages,67.23,3,0,19.38
102626,27-01-2025,Dublin,Homeware,Furniture,32.98,1,0,12.35
106256,01/06/2024,Limerick,Electronics,Mobile Accessories,577.69,1,,101.1
105540,17/10/2024,Cork,Electronics,TVs,29.8,1,0,7.71
103102,15/06/2024,Cork,Electronics,TVs,402.22,2,0.15,115.02
103174,2025-07-06,Galway,Clothing,Accessories,165.8,2,0,73.61
105981,13/12/2025,Cork,Electronics,Laptops,88.28,1,0,37.26
100523,23-09-2025,Cork,Grocery,Snacks,71.46,2,0.05,17.49
103835,05-10-2024,Galway,Homeware,Lighting,258.3,1,0,76.93
100440,29-12-2025,Limerick,Electronics,Laptops,1190.5,2,0,487.7
102291,26-06-2025,Dublin,Grocery,Beverages,39.4,2,0,10.9
102894,12-11-2025,Cork,Homeware,Storage,715.46,2,0.15,149.07
101992,12/02/2025,Galway,Electronics,Smart Home,416.2,2,0.1,143.34
104256,24/10/2025,Dublin,Homeware,Furniture,466.69,2,0.1,116.07
103638,14/09/2025,Cork,Electronics,Headphones,242.25,1,,81.28
101133,22-01-2024,Galway,Electronics,Mobile Accessories,2380.56,4,0.2,331.9
106126,2024-04-10,Dublin,Electronics,Smart Home,127.01,1,0,42.11
101202,12/10/2025,Dublin,Homeware,Bedding,17.53,1,0,7.67
105733,16/11/2025,Dublin,Clothing,Menswear,67.43,2,0.2,
103903,2024-02-22,Galway,Electronics,Headphones,438.67,1,0,197.27
102950,15-08-2024,Dublin,Clothing,Kidswear,31.44,3,0.1,10.85
105570,29-10-2025,Dublin,Electronics,TVs,676.73,1,0.15,107.04
103763,2024-11-19,Cork,Clothing,Menswear,17.61,1,0.1,3.8
105277,06/12/2025,Dublin,Homeware,Furniture,350.24,2,0.15,77.2
104636,2024-07-20,Cork,Electronics,Laptops,185.66,1,0,56.74
104530,2025-11-06,Limerick,Clothing,Footwear,163.95,1,0,70.98
106258,19-06-2025,Limerick,Homeware,Storage,1022.12,4,0,405.14
106043,2025-07-10,Dublin,Grocery,Beverages,60.35,4,0.05,20.81
105303,02/06/2024,Dublin,Clothing,Accessories,490.54,4,0,125.51
103795,2024-06-11,Cork,Clothing,Footwear,88.11,3,0,24.3
106223,2024-10-31,Galway,Homeware,Bedding,251.0,1,0.15,52.96
101769,24/02/2024,Dublin,Grocery,Bakery,68.88,2,0,27.86
104252,25/10/2025,Dublin,Electronics,Headphones,271.17,2,0.05,61.73
101665,2024-08-31,Galway,Clothing,Kidswear,22.32,2,0,5.79
106253,12/03/2025,Dublin,Homeware,Kitchenware,315.9,1,0.2,40.95
102196,14/10/2024,Dublin,Clothing,Menswear,140.51,2,0.2,31.48
103264,2025-03-19,Dublin,Homeware,Furniture,71.97,1,0.2,12.4
103349,20-08-2025,Galway,Clothing,Kidswear,159.39,2,0.05,51.31
101466,03-06-2025,Cork,Clothing,Accessories,31.01,1,0.15,8.82
101277,16-12-2024,Galway,Grocery,Fresh Produce,88.79,2,0.15,26.19
102589,19-06-2024,Galway,Grocery,Fresh Produce,17.2,2,0,5.97
100265,2025-06-07,Dublin,Electronics,Mobile Accessories,2343.47,4,0,800.51
101119,06/07/2025,Cork,Homeware,Kitchenware,606.52,4,0,228.11
100374,12/06/2024,Dublin,Clothing,Accessories,96.58,1,0.1,26.47
101827,2025-08-02,Dublin,Electronics,Headphones,241.81,2,0.2,21.16
103633,31-03-2024,Dublin,Electronics,Smart Home,364.64,1,0.15,88.23
100620,02/01/2024,Limerick,Electronics,Smart Home,583.4,1,0.1,200.37
104927,10/12/2025,Limerick,Grocery,Beverages,22.68,1,0.1,
101514,27-08-2025,Cork,Homeware,Lighting,594.71,3,0.2,143.99
105507,17/06/2025,Galway,Grocery,Snacks,15.19,1,0,6.05
104434,19/08/2025,Dublin,Grocery,Snacks,38.39,3,0.05,10.8
101540,2025-06-05,Dublin,Clothing,Menswear,96.97,1,0.1,18.53
104277,22/05/2025,Limerick,Homeware,Lighting,388.68,2,0,137.0
105968,2024-12-09,Dublin,Clothing,Footwear,125.48,1,0,46.94
101470,2025-08-22,Cork,Homeware,Kitchenware,249.87,1,0,74.43
106222,31/07/2025,Dublin,Clothing,Menswear,118.75,1,0.15,29.33
100119,2024-10-21,Cork,Grocery,Fresh Produce,23.96,1,0,7.63
100540,2024-07-31,Galway,Clothing,Footwear,13.1,1,,2.47
104180,2025-05-18,Dublin,Grocery,Fresh Produce,34.58,1,0.05,8.46
105139,2025-08-13,Limerick,Grocery,Fresh Produce,39.73,1,0.2,8.54
106000,2024-02-18,Dublin,Clothing,Womenswear,39.88,2,0,14.15
105966,09/08/2024,Cork,Clothing,Menswear,108.09,2,0,44.45
103032,2025-03-29,Cork,Clothing,Womenswear,80.59,1,0.05,30.89
105354,05-04-2025,Cork,Electronics,TVs,29.72,1,0.1,10.07
106001,2024-10-31,Dublin,Electronics,Mobile Accessories,402.06,3,0.05,135.49
102110,30/12/2024,Dublin,Grocery,Dairy,51.28,1,0.05,13.74
103888,2024-05-02,Galway,Clothing,Kidswear,251.96,4,,56.35
100015,21-03-2024,Dublin,Clothing,Menswear,270.32,2,0.2,60.78
105312,27-10-2024,Dublin,Clothing,Footwear,51.58,1,0,16.13
100178,09-04-2024,Dublin,Clothing,Accessories,252.22,4,0,72.46
101690,15/06/2025,Dublin,Homeware,Kitchenware,1129.62,4,0,477.89
101606,15/03/2024,Dublin,Homeware,Kitchenware,1317.03,4,0,525.75
101338,24/05/2025,Dublin,Electronics,Smart Home,372.9,1,0,164.97
104940,05-12-2024,Dublin,Clothing,Menswear,68.86,1,0.05,23.93
103037,12-11-2024,Dublin,Homeware,Furniture,260.29,3,0.15,42.66
100186,11-11-2024,Galway,Electronics,TVs,1350.8,3,0.2,75.09
104056,26-04-2024,Dublin,Grocery,Bakery,33.91,1,0,13.27
103261,2024-11-02,Galway,Grocery,Dairy,111.83,2,0.1,35.43
101698,03/06/2024,Galway,Electronics,Laptops,493.52,4,0.15,56.85
103801,07/02/2025,Limerick,Homeware,Storage,233.15,1,0,72.23
105989,14/09/2024,Dublin,Homeware,Storage,674.47,2,0.2,111.31
105644,05-02-2025,Galway,Homeware,Storage,486.78,3,0.15,138.1
101181,07/12/2024,Galway,Electronics,Headphones,1222.48,4,0,354.15
100552,10-06-2024,Dublin,Electronics,TVs,430.99,1,0,147.18
100793,22-11-2025,Galway,Clothing,Accessories,62.66,1,0,26.91
102561,2024-04-05,Cork,Clothing,Menswear,322.44,4,0,111.2
103007,08/07/2025,Cork,Electronics,Mobile Accessories,146.51,1,0.05,
105618,11-11-2024,Dublin,Grocery,Snacks,62.44,1,0,19.61
106225,2025-10-14,Dublin,Grocery,Snacks,31.49,2,0,10.37
106363,05-08-2025,Dublin,Grocery,Beverages,17.51,1,0,4.63
100617,05-05-2025,Galway,Electronics,Smart Home,334.55,1,0.1,66.7
103198,28/08/2024,Cork,Electronics,Headphones,163.95,1,0,62.95
104857,02-12-2025,Dublin,Grocery,Dairy,23.26,1,0.05,5.47
105632,26-11-2025,Cork,Homeware,Lighting,267.55,1,0.15,63.23
102440,2025-08-14,Limerick,Homeware,Bedding,166.61,1,0,65.51
100344,15/05/2025,Cork,Homeware,Lighting,180.2,1,0,75.2
106325,01-11-2025,Cork,Clothing,Accessories,93.84,1,0.1,14.61
105594,24/11/2024,Dublin,Homeware,Storage,499.45,2,,56.0
100130,13-11-2024,Galway,Homeware,Furniture,330.32,1,0.1,73.78
101913,19-11-2025,Galway,Grocery,Bakery,15.2,1,0,6.36
100754,25/02/2025,Dublin,Electronics,Smart Home,1334.74,2,0,481.53
105015,19/06/2024,Galway,Grocery,Bakery,28.3,1,0.1,5.48
102674,05-12-2024,Galway,Electronics,Mobile Accessories,3496.36,4,0,1342.3
106137,04-03-2024,Cork,Grocery,Snacks,22.84,1,0,8.65
101342,2025-03-25,Dublin,Clothing,Menswear,235.66,2,0.1,68.92
103589,2025-08-01,Dublin,Homeware,Storage,1019.77,4,0,413.81
100949,01-05-2024,Dublin,Electronics,Headphones,463.24,1,0.05,136.15
102133,17/03/2024,Galway,Grocery,Bakery,3.78,1,0,1.01
104659,2025-03-25,Dublin,Homeware,Kitchenware,1022.44,4,0,272.48
102922,2024-11-13,Cork,Homeware,Kitchenware,194.32,1,0,51.24
104695,01-04-2024,Limerick,Electronics,Headphones,180.67,1,0.2,13.9
104475,10/02/2025,Dublin,Grocery,Dairy,23.56,1,0.2,4.42
103570,24/09/2025,Cork,Homeware,Bedding,488.58,2,0.15,67.85
100151,2024-10-22,Dublin,Electronics,Headphones,600.37,3,0.2,75.31
103059,02-09-2024,Limerick,Electronics,Smart Home,85.28,2,0,27.92
105390,2024-04-19,Limerick,Grocery,Beverages,33.96,1,0,12.65
102469,22/03/2024,Cork,Homeware,Furniture,42.08,1,0,16.86
100932,07-10-2024,Galway,Homeware,Furniture,46.36,2,0,13.5
100261,04-03-2025,Cork,Clothing,Footwear,86.4,3,0.1,18.26
104493,15-02-2025,Cork,Clothing,Menswear,74.88,4,0.15,17.24
102314,08-02-2024,Cork,Grocery,Fresh Produce,14.06,2,0,6.27
104945,2024-04-08,Limerick,Grocery,Dairy,47.11,2,0.2,7.34
102207,16-11-2024,Cork,Grocery,Bakery,22.97,3,0,9.26
103316,27-02-2024,Limerick,Grocery,Beverages,79.81,3,0.05,28.45
104563,21-06-2024,Dublin,Clothing,Kidswear,126.55,2,,31.95
104819,2025-10-11,Cork,Electronics,Mobile Accessories,156.54,1,0.2,30.22
104050,26/08/2024,Cork,Homeware,Lighting,254.45,1,0.1,70.28
101027,09-04-2025,Cork,Electronics,Laptops,88.96,1,0.05,18.24
104924,01/04/2024,Dublin,Clothing,Womenswear,75.12,2,0,27.12
105763,2024-10-21,Dublin,Electronics,Laptops,1012.78,2,0.05,314.08
104382,2024-01-31,Galway,Clothing,Kidswear,66.96,2,0.05,16.71
101940,10/03/2024,Galway,Electronics,Smart Home,514.57,1,0.2,127.54
102082,2025-12-03,Limerick,Homeware,Kitchenware,159.87,1,,43.85
103436,2024-09-14,Dublin,Clothing,Footwear,349.73,3,,87.5
100699,2025-07-25,Cork,Homeware,Kitchenware,292.5,1,0,90.6
100370,2024-08-24,Cork,Grocery,Beverages,16.69,1,0.2,3.59
101128,2024-04-08,Dublin,Grocery,Snacks,44.67,1,0,14.18
105590,26/11/2024,Dublin,Homeware,Furniture,1417.25,4,0,400.81
103770,2025-03-16,Dublin,Clothing,Womenswear,235.17,2,0.1,38.2
103640,16/09/2025,Cork,Electronics,TVs,238.93,1,0,76.44
103359,17/11/2025,Limerick,Electronics,Mobile Accessories,1178.23,3,0,474.72
101563,2024-07-16,Dublin,Homeware,Bedding,772.35,3,0,317.3
100911,2025-01-10,Galway,Grocery,Fresh Produce,36.12,2,0,13.56
104080,30/06/2024,Galway,Electronics,TVs,1907.01,3,0.15,321.85
104249,03-07-2025,Galway,Clothing,Womenswear,76.14,3,0,27.82
103529,2024-10-16,Limerick,Clothing,Kidswear,37.28,4,0.15,9.1
100623,28-07-2024,Dublin,Grocery,Bakery,77.66,3,0.05,19.61
106456,2024-02-27,Dublin,Clothing,Accessories,261.35,2,0.05,64.16
106031,24/01/2024,Galway,Grocery,Fresh Produce,33.36,1,0.05,7.4
101224,06-11-2024,Dublin,Electronics,Mobile Accessories,813.37,2,0.15,102.45
100424,08-09-2025,Galway,Electronics,Laptops,284.13,1,0.15,78.8
103898,2025-07-28,Galway,Electronics,Laptops,2362.72,4,0.2,
104790,24/10/2025,Galway,Homeware,Lighting,156.43,1,0,62.86
104768,17-03-2024,Cork,Electronics,Headphones,273.74,1,0.2,32.21
105279,2025-10-28,Dublin,Homeware,Lighting,552.25,2,0.1,98.73
106467,14-12-2024,Limerick,Clothing,Accessories,275.38,2,0,112.71
104131,13-12-2024,Limerick,Grocery,Snacks,73.38,4,0.1,23.41
105504,2024-10-19,Dublin,Homeware,Kitchenware,289.91,2,0,95.79
106464,25-04-2025,Cork,Clothing,Kidswear,11.14,1,0,4.13
101238,2025-05-28,Dublin,Clothing,Menswear,194.79,2,0,65.41
105002,05-10-2025,Galway,Grocery,Bakery,66.02,2,0,28.58
102225,16-10-2024,Dublin,Clothing,Footwear,25.3,2,0.1,7.95
101899,2024-06-06,Dublin,Homeware,Bedding,71.08,1,0.05,27.62
105399,22/12/2024,Cork,Electronics,TVs,97.48,2,0.2,23.82
106254,2025-02-10,Dublin,Clothing,Kidswear,48.84,1,0,15.45
103082,12-10-2024,Limerick,Clothing,Kidswear,23.12,2,0,7.46
101239,09-02-2025,Galway,Homeware,Storage,202.15,1,0.1,31.08
104981,26/02/2024,Dublin,Grocery,Beverages,136.9,3,0,49.35
101538,19/02/2025,Cork,Grocery,Bakery,48.9,2,0.2,9.8
105311,08/09/2025,Dublin,Clothing,Footwear,270.92,2,,59.26
103457,22-05-2024,Limerick,Electronics,Headphones,1178.94,2,0.15,278.9
106148,2025-06-29,Dublin,Homeware,Lighting,58.28,1,0.1,11.7
102443,16-10-2024,Cork,Electronics,Smart Home,428.82,2,0.15,76.02
102974,2025-03-01,Dublin,Homeware,Kitchenware,121.52,1,0.15,28.4
103908,2025-06-27,Dublin,Clothing,Accessories,288.83,4,0.1,
105471,20-03-2025,Cork,Clothing,Kidswear,116.54,2,0,37.41
101750,17/12/2025,Dublin,Electronics,TVs,1754.01,3,0,485.41
105643,2024-06-27,Galway,Homeware,Bedding,58.26,1,0,22.66
104845,21/06/2024,Dublin,Clothing,Womenswear,135.47,1,0.05,36.1
106136,04/07/2024,Limerick,Clothing,Kidswear,34.76,1,0.2,2.67
102624,2024-01-04,Dublin,Homeware,Lighting,717.74,3,0,265.34
102656,30-08-2025,Limerick,Electronics,Laptops,299.47,2,0.15,66.99
100207,06-06-2025,Cork,Electronics,Smart Home,118.22,2,0.05,33.95
101746,06-09-2025,Cork,Homeware,Bedding,217.27,1,0,
100306,2025-12-03,Cork,Electronics,TVs,1205.27,4,0,537.12
102420,08-12-2025,Dublin,Electronics,Headphones,631.67,2,0.05,
106007,20-08-2025,Cork,Clothing,Footwear,129.61,2,0.2,24.97
101325,11-04-2024,Galway,Electronics,Mobile Accessories,1189.84,2,0.1,249.34
103113,20-05-2024,Limerick,Homeware,Bedding,210.11,1,0,73.83
104210,01-12-2024,Limerick,Grocery,Beverages,68.28,2,0.1,13.32
101641,2024-01-24,Cork,Clothing,Footwear,84.24,1,0.05,25.64
104560,2025-06-22,Dublin,Homeware,Kitchenware,1104.32,4,0.1,255.08
102819,2025-03-29,Limerick,Clothing,Footwear,149.54,2,0,44.66
103840,02/06/2025,Cork,Clothing,Menswear,167.74,2,0.1,38.98
106263,14/11/2024,Limerick,Electronics,Laptops,1130.7,2,0,435.96
105779,21-03-2024,Galway,Grocery,Snacks,39.84,4,0,11.63
101273,14/05/2024,Dublin,Grocery,Bakery,110.49,4,0,33.19
105231,2024-05-23,Limerick,Homeware,Bedding,199.12,1,0.2,
105824,2025-09-29,Galway,Clothing,Kidswear,232.4,2,0.15,26.39
105805,18/01/2024,Cork,Homeware,Furniture,78.8,2,0,31.35
102896,2024-01-29,Dublin,Electronics,Mobile Accessories,189.32,1,0.1,54.63
104411,23-06-2024,Dublin,Homeware,Furniture,330.67,2,0.2,33.06
104181,25-07-2025,Galway,Electronics,Smart Home,119.4,2,0,31.11
103320,23-04-2025,Galway,Electronics,Mobile Accessories,1181.58,2,0,474.13
102345,2025-02-09,Galway,Grocery,Fresh Produce,23.68,1,0,7.59
101015,21/03/2025,Dublin,Grocery,Bakery,43.65,4,0.05,13.11
103752,2025-07-31,Galway,Grocery,Dairy,61.5,2,0.2,15.19
105443,2025-04-04,Dublin,Clothing,Menswear,35.6,2,0,14.65
104745,2025-04-12,Cork,Homeware,Bedding,287.42,1,0.1,71.7
101255,22-09-2024,Limerick,Grocery,Dairy,69.8,3,0,20.66
101060,02/05/2025,Cork,Grocery,Fresh Produce,76.9,2,0,24.34
103691,2025-10-11,Limerick,Grocery,Dairy,134.64,4,0.05,45.03
102015,2025-05-15,Cork,Electronics,Laptops,161.72,2,0,59.15
101360,2024-07-05,Cork,Electronics,Smart Home,678.29,2,0,185.09
101859,2025-12-03,Limerick,Electronics,Smart Home,1184.9,4,0.1,405.03
100070,18/10/2024,Cork,Clothing,Kidswear,28.65,1,0,7.5
105581,2024-01-09,Dublin,Homeware,Bedding,228.11,2,0.1,55.0
104948,09-03-2024,Cork,Grocery,Bakery,151.48,4,0.15,25.82
105914,2025-08-29,Cork,Grocery,Fresh Produce,86.6,4,0.2,9.77
102904,2024-05-28,Dublin,Grocery,Dairy,17.64,2,0.1,3.22
100408,13-08-2024,Dublin,Clothing,Accessories,120.35,3,0,46.98
103315,2025-12-10,Limerick,Homeware,Kitchenware,544.77,4,0,159.97
103299,09/07/2024,Galway,Electronics,Smart Home,1125.9,2,0,409.22
101486,03-10-2024,Dublin,Homeware,Storage,270.64,2,0.05,90.18
103819,02-09-2024,Cork,Grocery,Beverages,11.4,3,0.2,2.32
106365,2024-01-30,Limerick,Electronics,Smart Home,592.02,1,0,172.15
103881,2025-06-04,Dublin,Electronics,Mobile Accessories,40.31,1,0,12.4
100538,24-12-2025,Dublin,Grocery,Beverages,70.71,2,0,18.71
106451,09/03/2025,Limerick,Grocery,Snacks,134.98,4,0,36.39
103841,25/08/2024,Dublin,Grocery,Fresh Produce,6.36,1,0.1,1.13
102029,02/12/2024,Galway,Grocery,Bakery,101.75,4,0.2,22.18
101577,24-09-2024,Dublin,Homeware,Storage,468.65,2,0.05,160.54
102150,2024-09-20,Galway,Grocery,Bakery,83.73,3,0,30.79
101527,18-03-2025,Dublin,Clothing,Womenswear,61.55,2,0.15,12.51
103050,2025-04-26,Limerick,Grocery,Dairy,35.64,1,0.05,12.08
101252,30-03-2024,Cork,Clothing,Accessories,80.82,1,0.2,19.02
104446,22/07/2025,Dublin,Electronics,Smart Home,2040.19,4,0,598.1
103905,20-12-2024,Cork,Homeware,Furniture,71.85,1,0,23.83
100092,2024-04-10,Galway,Electronics,Smart Home,128.98,1,0,56.85
100170,23-02-2025,Galway,Electronics,Laptops,1898.22,3,0,683.37
101253,07-04-2025,Limerick,Homeware,Furniture,93.54,3,0.1,26.38
101544,17-02-2024,Galway,Clothing,Womenswear,116.1,1,0,38.9
104263,01-03-2024,Dublin,Electronics,Mobile Accessories,662.4,1,0.2,37.83
105216,2024-03-29,Cork,Electronics,Laptops,40.3,1,0,14.66
105084,02-05-2025,Dublin,Electronics,Laptops,784.15,3,0.1,240.62
102615,2024-03-23,Cork,Grocery,Beverages,11.86,1,0.05,3.31
105297,05/06/2024,Galway,Homeware,Lighting,284.69,1,0.15,67.57
103958,20/11/2024,Cork,Electronics,Smart Home,761.7,2,0.15,193.19
106276,2025-01-08,Cork,Grocery,Beverages,23.29,1,0,6.56
100591,13-09-2024,Galway,Electronics,Smart Home,354.09,3,0,93.27
102972,07-04-2024,Cork,Grocery,Bakery,48.08,2,,5.35
103065,18-07-2025,Galway,Homeware,Furniture,50.46,1,0.15,9.86
102152,23/06/2025,Dublin,Homeware,Lighting,163.12,2,0.15,21.62
101461,24-01-2024,Cork,Grocery,Bakery,34.12,4,,12.26
104529,2025-05-10,Dublin,Electronics,Laptops,1046.25,3,0.05,310.42
105484,02/04/2024,Limerick,Clothing,Kidswear,110.06,1,0.05,25.63
101376,22/03/2024,Galway,Clothing,Menswear,352.32,3,0,136.11
105462,2024-11-13,Cork,Electronics,Mobile Accessories,1362.67,3,0.1,274.07
100839,24/02/2025,Dublin,Clothing,Menswear,403.88,4,0.2,54.99
105326,11-01-2025,Cork,Electronics,Headphones,91.95,2,0,38.96
101539,05-08-2025,Galway,Electronics,Headphones,813.32,3,0.15,223.39
103153,2025-01-04,Cork,Clothing,Kidswear,212.32,4,0.15,
105847,2025-06-01,Dublin,Electronics,Headphones,629.62,2,0.1,184.04
100747,18-12-2024,Dublin,Grocery,Dairy,40.57,1,0.15,8.89
101594,22-06-2025,Cork,Electronics,TVs,30.37,1,0,10.06
103116,16-07-2024,Cork,Homeware,Bedding,291.5,2,0.15,87.15
102295,2025-11-28,Dublin,Clothing,Womenswear,406.15,3,0,148.39
101974,03/01/2024,Dublin,Grocery,Bakery,69.97,2,0,28.78
100649,2025-12-02,Galway,Grocery,Beverages,15.79,2,0,4.51
100042,27/06/2024,Cork,Grocery,Snacks,22.82,1,0,8.96
103615,2024-06-30,Dublin,Homeware,Furniture,448.57,2,0.05,143.74
100758,03/05/2024,Dublin,Grocery,Fresh Produce,25.15,1,0,9.78
100631,19-06-2024,Cork,Homeware,Storage,92.72,1,0.2,10.05
100859,2025-05-18,Dublin,Electronics,Smart Home,1218.2,3,0,369.59
101204,18/04/2025,Limerick,Clothing,Womenswear,67.61,1,0.15,15.01
106433,16/07/2025,Dublin,Clothing,Menswear,159.56,3,0.05,54.21
101374,30-10-2024,Cork,Grocery,Bakery,72.84,4,,22.06
100089,2025-03-26,Dublin,Clothing,Menswear,204.49,2,0.2,24.34
105770,21/03/2024,Dublin,Grocery,Beverages,18.19,1,0,6.39
106322,10-05-2024,Dublin,Electronics,Mobile Accessories,356.3,1,0,131.61
100929,01/11/2025,Galway,Homeware,Lighting,389.76,1,0.1,88.16
106319,2024-02-02,Dublin,Grocery,Beverages,77.11,3,0.15,12.59
105078,2025-09-26,Cork,Clothing,Womenswear,234.72,2,0.1,73.86
104424,17-02-2025,Dublin,Clothing,Kidswear,86.2,1,0.05,31.72
100891,21-01-2024,Dublin,Clothing,Menswear,152.08,2,0.1,31.52
101636,2025-02-09,Dublin,Electronics,Headphones,338.64,1,0,136.37
105418,2025-04-29,Dublin,Homeware,Lighting,445.76,2,0,
100836,05/03/2024,Dublin,Electronics,Laptops,549.14,1,0.05,163.37
105495,2024-06-11,Cork,Grocery,Fresh Produce,37.33,1,0.05,8.52
103335,19-09-2025,Dublin,Electronics,Mobile Accessories,2217.73,3,0.1,735.55
102432,2025-02-17,Limerick,Electronics,Headphones,1145.22,2,0,458.9
101388,07-06-2025,Limerick,Clothing,Womenswear,77.84,1,0.1,19.6
103172,28-12-2025,Cork,Grocery,Fresh Produce,56.42,2,,12.31
105855,2025-08-29,Cork,Homeware,Bedding,247.45,1,0,78.22
100240,2024-04-14,Dublin,Homeware,Lighting,322.37,2,0.1,86.52
100294,2024-11-23,Dublin,Electronics,TVs,830.79,2,0.15,99.37
103165,2025-10-10,Cork,Electronics,Headphones,261.29,1,0.2,21.52
104461,15-05-2024,Dublin,Grocery,Beverages,13.83,1,0,4.74
100059,19-01-2025,Dublin,Homeware,Kitchenware,835.87,4,0.15,210.16
102132,2025-08-14,Dublin,Grocery,Dairy,4.41,1,0,1.72
104239,20-06-2025,Dublin,Grocery,Bakery,21.47,1,0.05,5.43
103745,29-09-2025,Dublin,Electronics,TVs,1137.17,4,0.15,204.83
105916,10/12/2024,Limerick,Homeware,Kitchenware,315.2,1,0,97.4
103680,2024-12-14,Dublin,Clothing,Accessories,389.94,4,0.1,86.46
102425,04-07-2024,Cork,Clothing,Kidswear,71.52,1,,19.17
102462,16-01-2025,Cork,Grocery,Fresh Produce,22.7,1,,7.6
100027,2024-11-17,Dublin,Clothing,Womenswear,134.0,1,,45.13
106251,2024-12-14,Galway,Clothing,Accessories,11.54,1,0,4.09
101453,19-09-2025,Limerick,Homeware,Furniture,195.27,3,0,60.04
106401,16/07/2024,Galway,Homeware,Bedding,844.02,3,0,376.02
102873,16/08/2024,Galway,Grocery,Dairy,130.97,4,0,42.79
101367,2025-04-05,Limerick,Electronics,Mobile Accessories,563.42,1,0,162.18
101244,2024-04-19,Dublin,Homeware,Furniture,757.72,3,0.1,194.0
103253,2025-06-02,Dublin,Clothing,Accessories,183.51,3,0.2,13.48
106285,01/04/2025,Dublin,Grocery,Snacks,4.83,1,0,2.09
105622,17/11/2024,Cork,Homeware,Storage,273.2,2,0.05,82.49
102511,22-04-2024,Cork,Electronics,TVs,315.49,1,0.1,64.12
104460,07/09/2025,Dublin,Homeware,Lighting,76.06,2,0.05,25.65
100182,2024-10-22,Dublin,Clothing,Accessories,90.46,2,0.15,16.08
103749,26/09/2024,Cork,Grocery,Bakery,82.47,3,0.2,16.39
106374,22-10-2024,Dublin,Electronics,Mobile Accessories,1650.48,4,0,566.5
102812,2025-07-09,Dublin,Electronics,TVs,987.48,4,0.05,251.74
100096,05/11/2024,Dublin,Clothing,Footwear,64.24,2,0.1,17.87
103654,13/07/2024,Dublin,Grocery,Snacks,123.82,3,0,51.67
100940,2025-08-18,Cork,Clothing,Womenswear,147.8,3,0.15,31.51
100483,11/05/2025,Galway,Grocery,Dairy,28.49,1,0.1,8.91
101028,2024-07-11,Dublin,Clothing,Womenswear,390.36,4,0.1,86.01
101573,2025-12-16,Cork,Homeware,Storage,387.18,2,0.15,67.07
102858,14/10/2025,Dublin,Grocery,Dairy,41.08,2,0.15,8.37
102625,18-12-2024,Cork,Homeware,Bedding,991.37,3,0.1,324.45
104132,30-05-2025,Cork,Electronics,Smart Home,544.47,2,0.05,145.26
101779,17-09-2024,Dublin,Grocery,Beverages,13.74,1,0.2,1.97
104289,2024-02-24,Limerick,Clothing,Womenswear,56.1,3,0,21.53
101260,15/08/2025,Galway,Electronics,Laptops,423.2,1,0.05,106.59
102165,29-07-2024,Cork,Grocery,Dairy,60.92,2,,27.13
105780,2025-04-10,Limerick,Electronics,TVs,721.7,2,0.2,150.22
101063,2024-06-11,Dublin,Homeware,Furniture,625.0,2,0.05,185.87
101786,2025-08-03,Dublin,Homeware,Storage,255.53,1,0.15,47.12
101642,2024-08-29,Limerick,Homeware,Kitchenware,98.5,1,0.05,28.75
101988,01/11/2024,Limerick,Electronics,Smart Home,539.2,2,0,160.16
105199,11-05-2025,Cork,Homeware,Lighting,176.15,1,0.1,58.26
101664,01-12-2024,Dublin,Homeware,Bedding,187.03,1,0.2,31.07
105604,2025-11-10,Cork,Homeware,Furniture,294.46,1,0.1,64.27
103753,2024-06-06,Cork,Electronics,Smart Home,290.72,2,0.2,53.66
104540,18-01-2024,Cork,Electronics,Mobile Accessories,783.37,3,0.05,251.05
103906,03/01/2025,Limerick,Clothing,Footwear,58.51,1,0.05,18.07
106138,31/01/2024,Dublin,Grocery,Beverages,27.48,2,0.15,7.95
101097,2024-07-03,Dublin,Grocery,Beverages,40.27,1,0,13.04
103956,23/11/2024,Limerick,Electronics,Mobile Accessories,1796.31,4,0.05,709.03
104864,20/12/2025,Limerick,Electronics,Smart Home,77.36,2,0,22.82
105276,12/08/2024,Galway,Grocery,Fresh Produce,30.41,1,0.2,5.1
104282,2025-11-26,Galway,Homeware,Storage,770.56,2,0.15,93.96
105711,28-09-2025,Dublin,Electronics,Mobile Accessories,832.14,2,0,295.48
103955,2025-07-16,Limerick,Clothing,Womenswear,40.29,1,0,15.53
101394,2024-10-09,Dublin,Clothing,Kidswear,30.18,1,0,7.81
100828,25/10/2024,Galway,Electronics,Laptops,1185.92,2,0.2,165.36
106403,20/10/2024,Dublin,Electronics,Laptops,823.95,2,0.15,222.6
106431,2024-09-18,Dublin,Electronics,Headphones,516.44,2,0.15,87.54
104099,2025-01-10,Dublin,Electronics,Smart Home,644.23,1,0,248.56
100114,14/09/2025,Dublin,Homeware,Furniture,439.42,2,0.1,91.21
100868,29/11/2024,Galway,Homeware,Storage,632.18,3,0.1,120.88
101813,18-12-2025,Galway,Electronics,TVs,537.25,1,0.1,111.6
103844,2024-06-17,Dublin,Electronics,TVs,660.66,1,0.15,128.19
104589,27-11-2024,Limerick,Grocery,Fresh Produce,99.25,2,0.2,17.18
105359,2025-04-18,Limerick,Electronics,Mobile Accessories,85.18,1,0,32.75
101785,2024-08-31,Cork,Electronics,Laptops,890.41,3,0.15,169.23
105937,31/03/2025,Limerick,Grocery,Bakery,90.62,4,0,30.49
101258,29-12-2024,Dublin,Clothing,Menswear,326.6,2,0,117.97
104217,2025-08-20,Dublin,Homeware,Storage,283.46,2,0,125.17
104226,2025-03-21,Limerick,Clothing,Accessories,41.96,1,0.2,6.3
100936,2024-10-11,Limerick,Grocery,Fresh Produce,31.69,1,,6.59
106302,09/10/2025,Dublin,Grocery,Beverages,114.23,3,0.2,
105107,2025-03-17,Galway,Grocery,Bakery,6.79,1,0,2.24
103664,14/06/2024,Cork,Electronics,Smart Home,215.26,2,0.15,38.3
103486,21-08-2024,Cork,Electronics,Smart Home,281.85,2,0.15,56.36
103624,2024-02-16,Dublin,Electronics,TVs,912.52,2,0.05,330.83
100872,13/06/2024,Limerick,Grocery,Snacks,37.34,1,0.15,9.28
102296,2025-06-23,Cork,Electronics,Mobile Accessories,58.07,1,0,25.26
102322,15-03-2024,Dublin,Clothing,Footwear,104.68,1,0,28.06
103817,21-08-2024,Limerick,Homeware,Furniture,386.66,2,0,156.08
100783,01-08-2025,Dublin,Homeware,Kitchenware,91.79,2,0.2,18.76
101440,01-04-2025,Cork,Grocery,Dairy,11.99,1,0.2,1.42
102697,09/10/2024,Galway,Homeware,Bedding,11.05,1,0.1,2.31
104738,18/06/2024,Dublin,Clothing,Menswear,47.1,2,0.1,12.19
104309,06-03-2025,Galway,Homeware,Bedding,370.96,2,0,165.57
101996,08-11-2024,Galway,Homeware,Storage,511.14,2,0,144.82
101963,2025-07-18,Dublin,Homeware,Bedding,252.91,1,0.15,48.64
100619,25/01/2024,Limerick,Clothing,Womenswear,211.82,2,0,61.86
105207,2024-12-24,Limerick,Homeware,Storage,122.05,2,0.2,21.42
104233,24-01-2024,Cork,Electronics,Smart Home,218.89,1,0.15,53.17
105104,2024-08-09,Cork,Electronics,TVs,223.98,3,0.1,50.11
102408,06-01-2024,Dublin,Clothing,Footwear,34.1,1,0.15,9.86
103935,03/02/2025,Dublin,Electronics,Headphones,286.57,1,0.05,99.79
104419,2024-01-08,Dublin,Electronics,Laptops,93.32,3,0.1,17.97
104953,25-09-2024,Limerick,Grocery,Beverages,29.78,1,0,
105666,18-07-2025,Limerick,Electronics,TVs,1089.6,3,0,367.16
100331,04-03-2024,Dublin,Electronics,Headphones,2035.91,4,0.1,544.0
100278,16-11-2024,Dublin,Grocery,Bakery,106.52,4,0.2,8.0
101295,2025-06-19,Dublin,Clothing,Footwear,95.38,1,0,32.11
105677,08/08/2025,Cork,Grocery,Snacks,2.56,1,0.15,0.29
105452,2024-12-17,Cork,Homeware,Kitchenware,73.58,4,0.2,13.25
101090,17/03/2025,Cork,Grocery,Fresh Produce,22.58,1,0,6.05
103860,15-11-2024,Dublin,Electronics,Smart Home,684.6,1,0.1,230.47
102055,2024-04-25,Limerick,Grocery,Bakery,77.33,3,0.2,12.85
101720,2025-02-07,Cork,Homeware,Kitchenware,112.44,1,0.1,33.94
105706,02-11-2024,Dublin,Electronics,Smart Home,750.53,3,0,312.25
106160,01/02/2024,Limerick,Homeware,Furniture,245.28,4,0,70.95
102726,16/08/2025,Dublin,Electronics,TVs,1236.6,2,0.1,351.08
102014,17-04-2025,Dublin,Grocery,Dairy,22.38,1,0,6.28
102421,23/05/2024,Dublin,Grocery,Dairy,11.38,1,0,2.89
103701,01-12-2025,Limerick,Electronics,TVs,490.5,2,0.05,125.09
106071,01/01/2025,Cork,Homeware,Lighting,462.04,4,0,154.28
106423,2025-02-20,Dublin,Grocery,Snacks,131.76,3,0.15,38.75
102308,14/09/2025,Dublin,Clothing,Kidswear,459.22,4,0,176.5
105735,2024-07-26,Dublin,Homeware,Bedding,342.98,4,0,95.78
105097,2024-04-12,Cork,Electronics,Smart Home,391.16,4,0,106.74
104992,30/03/2024,Cork,Grocery,Beverages,106.2,3,0,35.96
102441,2024-12-09,Dublin,Electronics,Smart Home,1281.59,2,0.15,336.92
105138,2025-07-25,Galway,Grocery,Bakery,39.23,1,0,10.83
104862,21/12/2025,Galway,Clothing,Womenswear,40.26,1,0,11.67
103093,18-05-2024,Cork,Clothing,Accessories,213.5,2,0,94.98
104251,15/11/2024,Dublin,Electronics,Mobile Accessories,1755.77,2,0,645.98
106046,23/02/2024,Dublin,Clothing,Kidswear,204.15,2,0.05,55.25
105626,2024-11-18,Dublin,Homeware,Furniture,357.92,1,0,137.82
104203,2025-07-26,Cork,Electronics,TVs,984.6,3,0,267.41
105300,28/07/2025,Galway,Homeware,Kitchenware,250.66,1,0,80.66
102655,02-07-2024,Dublin,Electronics,Headphones,48.28,1,0,18.02
103284,27/09/2024,Galway,Clothing,Footwear,51.12,1,0.2,6.82
101504,23/05/2025,Cork,Grocery,Fresh Produce,16.95,1,0.15,4.53
106007,20-08-2025,Cork,Clothing,Footwear,129.61,2,0.2,24.97
102872,12/05/2025,Galway,Electronics,TVs,81.96,1,0.2,4.47
100415,23-10-2025,Cork,Grocery,Bakery,35.87,1,0,10.88
101983,20-06-2024,Dublin,Electronics,Mobile Accessories,206.54,1,0.1,67.02
105238,2025-11-24,Cork,Clothing,Kidswear,33.95,1,0.15,7.61
102058,2025-08-28,Galway,Grocery,Fresh Produce,19.95,1,0,7.5
104228,2025-07-22,Galway,Homeware,Bedding,260.28,4,0,87.75
102534,18/03/2024,Galway,Homeware,Storage,427.98,2,0,161.62
101091,28-08-2025,Dublin,Electronics,Mobile Accessories,935.7,2,0.05,212.26
104359,04/09/2025,Dublin,Homeware,Kitchenware,105.06,2,0,
100436,09/05/2025,Dublin,Clothing,Kidswear,273.03,2,0,80.59
104178,01/12/2024,Dublin,Grocery,Snacks,24.76,2,0,11.1
103117,28/11/2024,Limerick,Homeware,Furniture,237.47,1,0.15,58.21
101020,11/01/2024,Dublin,Grocery,Snacks,12.19,1,0,3.72
106369,2024-07-11,Cork,Homeware,Lighting,65.12,1,0,20.42
102099,29-03-2024,Dublin,Homeware,Bedding,339.54,1,0.1,68.93
101547,2025-11-09,Dublin,Clothing,Kidswear,91.75,1,0,33.34
106209,19-12-2025,Galway,Clothing,Footwear,51.7,1,0,21.3
100434,14/08/2025,Cork,Electronics,Smart Home,608.81,3,0.2,113.74
103114,2024-01-10,Galway,Clothing,Menswear,38.73,1,0.1,10.3
103738,11/11/2025,Limerick,Electronics,Headphones,608.87,1,0.1,120.3
103790,08/08/2024,Cork,Electronics,Laptops,211.7,1,0.15,21.44
105177,23/04/2025,Galway,Grocery,Dairy,20.54,1,0,5.81
102664,11/09/2025,Limerick,Clothing,Kidswear,44.6,1,0.1,14.75
101428,26/08/2025,Limerick,Electronics,Smart Home,1080.57,2,0,410.29
104209,2024-07-11,Dublin,Electronics,Mobile Accessories,2763.27,4,0,747.68
101230,2024-09-07,Dublin,Clothing,Womenswear,28.77,2,0,9.77
101328,12-02-2024,Dublin,Electronics,Mobile Accessories,2009.83,3,0.1,485.26
100039,19-12-2024,Galway,Grocery,Snacks,70.11,2,0,26.15
103605,2025-03-15,Dublin,Electronics,Laptops,947.07,2,0,322.93
104669,2025-07-15,Cork,Electronics,TVs,322.1,2,0,124.49
104799,2024-12-09,Galway,Electronics,Laptops,128.35,1,0.2,9.93
103415,2024-12-23,Dublin,Homeware,Kitchenware,446.03,1,0,124.82
103564,22/06/2025,Cork,Grocery,Fresh Produce,17.36,4,0.05,6.46
102129,2025-09-26,Galway,Homeware,Storage,256.41,1,0.15,38.53
103063,24/07/2025,Limerick,Electronics,Smart Home,285.12,1,0.15,35.24
104676,31-05-2024,Galway,Homeware,Kitchenware,446.84,2,0.05,134.26
106217,2025-12-25,Limerick,Homeware,Furniture,1341.14,4,0.05,293.05
104150,06-02-2024,Dublin,Electronics,Mobile Accessories,671.44,2,0.1,226.68
102270,2025-11-28,Dublin,Clothing,Footwear,606.13,4,0.15,93.18
105864,23/01/2024,Limerick,Clothing,Accessories,137.64,2,0,36.37
102959,31-07-2024,Dublin,Electronics,TVs,119.25,2,0,52.9
103298,23-12-2025,Limerick,Homeware,Furniture,93.24,4,0,29.49
104488,09/06/2025,Cork,Electronics,Mobile Accessories,989.52,4,0,250.93
100833,06-06-2024,Cork,Homeware,Bedding,651.54,3,0.1,199.87
101946,03/01/2025,Cork,Homeware,Storage,526.0,2,0,153.74
101757,23-09-2024,Dublin,Electronics,Smart Home,377.71,1,0,125.09
104294,2025-11-06,Dublin,Clothing,Womenswear,381.09,3,0,129.35
104742,2025-08-14,Cork,Clothing,Footwear,181.13,2,0,47.61
101879,20/11/2024,Limerick,Homeware,Kitchenware,395.67,2,0,126.0
100630,2024-11-09,Dublin,Grocery,Bakery,32.84,1,0.2,2.66
104565,18-07-2024,Cork,Homeware,Storage,1167.6,4,0.1,236.75
104141,24/11/2024,Cork,Grocery,Bakery,67.49,3,0,23.75
103954,2024-05-31,Dublin,Clothing,Womenswear,147.71,2,0,56.28
104322,16-10-2025,Cork,Clothing,Menswear,78.08,4,0.05,20.54
105205,19/07/2024,Galway,Homeware,Storage,415.38,3,0,120.2
106204,09/05/2024,Cork,Homeware,Bedding,37.45,1,0.05,11.45
104076,28-04-2024,Cork,Clothing,Accessories,144.2,2,0,46.31
101452,22/12/2024,Limerick,Homeware,Furniture,448.34,2,0,178.09
100349,01/11/2024,Galway,Clothing,Menswear,63.92,1,0.15,15.02
103216,04/06/2025,Galway,Homeware,Kitchenware,134.47,1,0,57.42
102736,2025-11-09,Cork,Homeware,Bedding,227.37,1,0.15,43.81
103260,07-05-2025,Cork,Grocery,Snacks,7.08,1,0.15,1.0
103889,30/09/2025,Dublin,Electronics,Mobile Accessories,395.48,2,0.1,85.0
104985,25-07-2025,Dublin,Electronics,Laptops,703.75,1,0,207.34
104337,02/05/2025,Limerick,Homeware,Storage,119.92,1,0.15,27.65
100662,26-11-2025,Dublin,Electronics,Smart Home,1433.09,2,0.05,423.43
105121,2025-12-31,Galway,Clothing,Footwear,441.06,4,0,119.79
105943,24/05/2024,Dublin,Grocery,Fresh Produce,9.52,1,0,3.04
105265,26/03/2024,Cork,Electronics,Headphones,62.57,1,0,23.94
100169,12-01-2025,Cork,Homeware,Storage,266.43,1,0,98.68
105814,2025-09-09,Cork,Electronics,TVs,519.02,2,0.15,149.8
102379,11-04-2024,Dublin,Grocery,Beverages,62.95,2,0.15,7.69
101490,2025-03-03,Galway,Homeware,Lighting,168.65,1,0,75.87
103932,2024-03-14,Dublin,Clothing,Menswear,128.17,3,0.15,18.23
103641,2024-02-11,Dublin,Homeware,Furniture,120.78,1,0,42.33
105086,10/05/2025,Dublin,Clothing,Kidswear,139.38,4,0,38.87
104658,10-11-2024,Galway,Electronics,Headphones,559.08,2,0,159.16
102236,01/09/2025,Dublin,Homeware,Furniture,245.78,2,0.15,33.36
101776,12-02-2024,Dublin,Homeware,Kitchenware,561.75,4,0,216.27
104147,2024-10-19,Dublin,Grocery,Fresh Produce,9.54,2,0.1,1.75
101110,26-09-2024,Galway,Clothing,Menswear,22.16,1,0.2,3.63
100388,28-10-2024,Cork,Homeware,Bedding,389.1,3,0.15,76.86
104584,21-10-2024,Cork,Clothing,Kidswear,59.3,1,0,15.49
101556,16/02/2024,Limerick,Grocery,Snacks,74.02,2,0,
101644,2025-04-03,Limerick,Grocery,Snacks,85.1,3,0,29.4
100710,06/07/2024,Dublin,Grocery,Bakery,66.31,2,0,16.64
104084,13/07/2024,Dublin,Homeware,Lighting,458.37,2,0,193.07
104472,04-04-2024,Galway,Clothing,Footwear,31.02,2,0,11.44
105132,20-02-2024,Limerick,Homeware,Furniture,37.2,1,0.2,8.05
101796,28/09/2025,Dublin,Clothing,Accessories,68.33,1,0.1,20.72
102433,2024-07-24,Dublin,Grocery,Beverages,26.48,1,0,10.81
101768,2024-05-18,Limerick,Clothing,Kidswear,310.53,3,0.2,51.24
103439,05/11/2024,Dublin,Clothing,Footwear,168.53,1,0,60.71
103992,2025-07-21,Cork,Homeware,Lighting,66.8,4,0.1,15.06
102370,26/09/2024,Dublin,Clothing,Accessories,113.55,1,0.2,5.91
100450,2024-04-19,Dublin,Electronics,Smart Home,1879.74,4,0.2,266.37
101875,15/12/2025,Limerick,Grocery,Dairy,61.91,1,0.1,20.58
101659,2024-08-14,Limerick,Homeware,Furniture,556.31,4,0.15,125.72
102885,16-08-2024,Galway,Electronics,TVs,556.65,4,0.05,155.45
102456,07-07-2025,Dublin,Electronics,Headphones,672.0,1,0.1,196.53
100369,01-04-2024,Limerick,Clothing,Womenswear,457.36,4,0.1,153.21
101588,25/03/2024,Cork,Electronics,Smart Home,342.0,3,0.05,126.08
101723,2025-07-19,Dublin,Grocery,Dairy,2.44,1,0.15,0.25
104320,05-04-2024,Limerick,Electronics,TVs,635.87,1,0.05,153.93
104143,2024-10-05,Limerick,Electronics,Mobile Accessories,82.98,2,0,21.54
103667,2025-10-28,Dublin,Homeware,Furniture,343.23,2,0,91.48
100869,02-05-2025,Limerick,Electronics,Smart Home,208.66,1,0.15,56.62
103927,2025-02-06,Limerick,Clothing,Accessories,373.8,4,0.15,91.73
106163,08-10-2025,Dublin,Grocery,Fresh Produce,31.12,1,0.2,4.84
100326,2025-03-17,Limerick,Homeware,Storage,268.03,1,0,115.19
104362,28/02/2025,Dublin,Grocery,Fresh Produce,18.95,1,0.2,3.02
104474,21/07/2024,Dublin,Clothing,Womenswear,192.92,4,,47.62
105823,31-01-2025,Dublin,Homeware,Bedding,591.47,2,0.2,88.62
102382,22/08/2025,Dublin,Homeware,Kitchenware,167.91,1,0.05,54.5
103017,26/02/2024,Limerick,Homeware,Bedding,474.48,3,0.05,147.61
102915,17-08-2025,Cork,Clothing,Menswear,64.33,1,0,21.12
103478,06-02-2024,Cork,Clothing,Footwear,120.82,2,0.2,17.5
104703,07/11/2024,Dublin,Homeware,Bedding,1314.98,4,0.05,288.24
102075,03-07-2025,Cork,Electronics,Laptops,581.23,2,0.05,117.02
104393,2025-02-22,Galway,Clothing,Footwear,74.18,2,0.2,13.27
100705,23-02-2024,Dublin,Homeware,Lighting,628.8,2,0.15,67.0
106214,2024-06-15,Dublin,Homeware,Kitchenware,137.11,1,0.05,49.89
100795,15-02-2024,Dublin,Grocery,Dairy,64.03,3,0.2,11.43
104116,2025-10-23,Cork,Grocery,Dairy,89.94,3,0,39.84
100667,16-06-2025,Galway,Clothing,Womenswear,81.76,2,0.05,24.45
103394,17-05-2024,Galway,Homeware,Kitchenware,40.5,1,0.05,10.96
101630,2024-12-18,Dublin,Electronics,Smart Home,3079.09,4,0.05,663.34
105582,2025-09-04,Galway,Clothing,Kidswear,239.28,4,0.05,80.66
101245,24/12/2025,Cork,Grocery,Dairy,33.98,1,0,14.91
103735,20/06/2025,Dublin,Clothing,Kidswear,241.2,2,0,72.45
100768,25/11/2025,Dublin,Grocery,Bakery,4.88,1,0,1.82
106051,2025-11-21,Cork,Electronics,Smart Home,341.75,1,0.1,63.81
105911,02/12/2024,Cork,Electronics,Mobile Accessories,407.55,4,0.1,67.38
103609,21/07/2024,Cork,Clothing,Accessories,337.77,3,0.15,81.47
104399,24/02/2024,Dublin,Grocery,Fresh Produce,13.73,2,0.15,2.82
103002,2024-05-01,Dublin,Clothing,Womenswear,129.03,3,0,53.2
102598,09/06/2024,Galway,Clothing,Footwear,63.87,3,0,24.64
101908,10-11-2024,Dublin,Homeware,Storage,389.59,3,0.05,85.25
100058,20/06/2024,Cork,Electronics,Laptops,345.37,1,0.1,119.11
102877,12/02/2024,Dublin,Electronics,Mobile Accessories,1395.35,3,0.05,418.33
106230,2025-12-19,Dublin,Grocery,Beverages,45.5,1,,17.69
102021,24/08/2025,Cork,Grocery,Snacks,44.05,2,0,11.26
106142,2025-09-09,Dublin,Clothing,Menswear,57.34,1,0.05,17.78
103167,2024-12-29,Galway,Homeware,Storage,107.73,1,0.2,8.99
104588,2025-05-28,Galway,Clothing,Kidswear,115.25,1,0.15,26.34
100297,2024-09-08,Dublin,Clothing,Menswear,39.21,1,0.15,
100435,2025-08-22,Dublin,Clothing,Accessories,47.85,1,0.15,10.55
103810,2024-10-07,Dublin,Homeware,Storage,202.34,1,0,61.0
100334,09-05-2024,Dublin,Electronics,Smart Home,695.52,4,0.15,188.09
102008,2024-02-27,Dublin,Homeware,Lighting,54.1,1,0,14.28
103279,08-01-2024,Dublin,Grocery,Beverages,31.92,1,0.2,1.82
102863,2024-03-03,Galway,Clothing,Kidswear,98.88,1,0.1,30.17
101306,04/10/2025,Cork,Clothing,Kidswear,87.16,1,0.2,7.81
105712,22/08/2024,Dublin,Electronics,Smart Home,253.28,1,0,91.81
105771,05-05-2024,Cork,Clothing,Accessories,105.77,1,0,39.72
101041,24/05/2025,Dublin,Clothing,Kidswear,35.78,1,0,9.51
104668,08-01-2024,Cork,Grocery,Fresh Produce,22.74,1,0,6.53
104960,2025-01-18,Dublin,Grocery,Dairy,3.55,1,0.2,0.52
103066,19/11/2024,Galway,Grocery,Snacks,102.44,3,0.1,25.08
105435,2024-05-01,Cork,Clothing,Kidswear,119.44,2,0.2,19.42
104916,2024-04-04,Galway,Electronics,Smart Home,881.44,2,0,227.13
101980,07-06-2024,Galway,Homeware,Bedding,813.06,3,0.1,259.8
106270,15/10/2025,Limerick,Clothing,Kidswear,461.12,4,0.15,69.75
102546,2024-01-04,Galway,Grocery,Dairy,38.75,1,0.1,8.57
105758,07-05-2025,Limerick,Clothing,Accessories,81.34,2,0.05,26.46
101957,16-11-2024,Dublin,Clothing,Footwear,177.89,3,0,65.92
102105,2025-12-21,Galway,Grocery,Snacks,213.92,4,0,84.45
100446,2025-04-16,Limerick,Electronics,Smart Home,97.67,1,0.05,26.69
103208,2025-07-03,Dublin,Grocery,Dairy,87.45,2,0.2,18.29
100188,17-11-2024,Dublin,Clothing,Womenswear,347.5,4,0.1,57.65
102166,2025-03-21,Dublin,Electronics,Smart Home,566.5,1,0.2,94.86
101179,03-11-2024,Dublin,Homeware,Storage,132.92,2,0.2,26.07
100546,11/11/2024,Galway,Grocery,Fresh Produce,17.25,1,0.05,3.87
101926,2024-06-26,Dublin,Clothing,Menswear,70.89,1,0.2,10.37
100138,08-03-2024,Dublin,Clothing,Kidswear,166.61,4,0.15,17.85
101219,2024-05-29,Galway,Electronics,Laptops,762.12,3,0,321.32
104805,2025-01-24,Cork,Clothing,Footwear,58.56,2,0.05,17.5
102751,19-02-2024,Cork,Homeware,Lighting,1113.2,4,0.2,211.75
103202,15-10-2025,Cork,Electronics,Headphones,284.56,1,0,110.19
103725,2024-04-29,Limerick,Electronics,Laptops,154.41,1,0.05,31.37
104583,22-05-2024,Dublin,Grocery,Snacks,4.51,1,0.2,0.26
102120,2025-10-25,Dublin,Clothing,Accessories,51.53,1,0,16.71
105382,03/09/2024,Dublin,Electronics,Mobile Accessories,466.69,2,0.15,94.72
101764,2025-04-07,Cork,Clothing,Footwear,42.79,1,0.2,7.99
101196,10-10-2025,Cork,Grocery,Beverages,116.79,3,0.1,35.17
102902,10-08-2024,Cork,Clothing,Accessories,237.9,4,0,83.94
104647,13-05-2024,Galway,Grocery,Beverages,35.91,1,0.2,8.18
102911,2025-03-31,Limerick,Electronics,Mobile Accessories,219.89,1,0.1,61.08
102551,05-08-2024,Galway,Homeware,Kitchenware,441.98,2,0.05,94.6
100596,06-12-2025,Dublin,Electronics,Smart Home,780.17,1,0,320.95
105999,2025-08-19,Dublin,Grocery,Bakery,50.61,2,0.15,7.57
102710,04/09/2024,Limerick,Electronics,TVs,484.69,1,0,211.97
104516,2025-10-21,Dublin,Clothing,Accessories,155.34,2,0,67.65
100899,20/03/2025,Dublin,Homeware,Kitchenware,203.18,2,0,63.64
106183,2025-08-28,Cork,Clothing,Kidswear,231.31,3,0,93.63
104196,2024-04-02,Dublin,Homeware,Furniture,1053.63,4,0,461.32
101721,02-02-2024,Dublin,Grocery,Snacks,20.42,1,0,5.25
100832,19-01-2024,Cork,Homeware,Furniture,138.0,3,0.05,50.55
100319,31-12-2024,Dublin,Homeware,Lighting,478.07,3,,202.96
101582,2025-02-20,Dublin,Clothing,Accessories,238.9,2,0.05,66.03
101531,2024-12-14,Dublin,Electronics,Mobile Accessories,575.64,2,0.2,94.91
105324,2025-05-05,Dublin,Homeware,Bedding,479.64,2,0,139.83
105875,2024-12-27,Dublin,Grocery,Fresh Produce,55.56,1,0,17.91
104119,08-02-2024,Dublin,Clothing,Kidswear,118.59,1,0.1,30.55
100672,2024-01-28,Galway,Grocery,Snacks,5.7,1,0,2.1
104324,13-10-2024,Limerick,Electronics,Mobile Accessories,828.84,2,0.05,213.56
105637,09/12/2025,Dublin,Clothing,Accessories,563.13,3,0,183.81
100920,01/12/2025,Dublin,Grocery,Snacks,188.85,3,0,68.58
106329,2024-10-21,Galway,Clothing,Menswear,13.95,1,0,5.05
101192,21-11-2025,Dublin,Electronics,Mobile Accessories,2983.15,3,0.1,890.27
105152,20-10-2024,Cork,Grocery,Dairy,27.38,2,0,8.71
105039,20-09-2025,Dublin,Electronics,Headphones,465.43,4,0,138.57
105960,12-03-2024,Cork,Homeware,Kitchenware,61.48,1,0,26.24
105846,04-03-2024,Dublin,Clothing,Menswear,87.23,1,0.05,33.37
101568,2025-09-17,Galway,Clothing,Kidswear,86.72,2,0,22.96
102301,2024-07-09,Limerick,Clothing,Footwear,97.74,1,0.1,29.02
103485,2025-03-09,Galway,Clothing,Kidswear,301.12,4,0.15,86.73
104097,04-09-2025,Cork,Homeware,Storage,21.8,2,0.15,5.33
106370,30/04/2025,Dublin,Clothing,Footwear,338.72,3,0,131.7
102984,16/07/2025,Cork,Grocery,Dairy,23.68,1,0.2,2.34
104375,25-10-2025,Dublin,Clothing,Kidswear,39.61,4,0.2,9.76
103140,2024-10-17,Cork,Grocery,Snacks,17.39,1,0.15,2.65
100882,25-11-2025,Cork,Grocery,Snacks,47.21,2,0.15,11.49
104943,2024-06-15,Dublin,Homeware,Bedding,123.1,1,0,36.54
105270,08-03-2024,Galway,Homeware,Kitchenware,1198.0,4,0,428.66
103427,11-04-2024,Galway,Clothing,Accessories,27.09,1,0.15,6.34
103113,20-05-2024,Limerick,Homeware,Bedding,210.11,1,0,73.83
105573,2025-09-25,Galway,Homeware,Bedding,298.39,1,0,123.24
105502,2024-12-28,Galway,Electronics,Mobile Accessories,1991.72,3,0,667.42
102101,2024-09-21,Dublin,Electronics,Mobile Accessories,499.59,1,0.05,157.97
101497,2025-02-19,Galway,Homeware,Lighting,147.22,1,0,38.64
102769,15-10-2025,Dublin,Electronics,Mobile Accessories,41.86,1,0,15.48
105011,2025-02-06,Dublin,Grocery,Snacks,74.93,4,0,27.24
104161,11-10-2024,Limerick,Grocery,Dairy,27.24,2,0,10.11
101811,03/11/2025,Dublin,Homeware,Lighting,53.85,1,0.15,12.25
105549,11/07/2025,Dublin,Electronics,Laptops,1117.98,2,0.05,425.17
104591,14/12/2024,Galway,Homeware,Furniture,389.12,2,0,164.5
101234,2025-09-21,Galway,Electronics,Mobile Accessories,993.2,2,0,349.09
101016,24-06-2024,Cork,Clothing,Womenswear,72.56,1,0,23.31
102047,14-04-2024,Dublin,Grocery,Beverages,44.21,2,0.2,5.93
102183,22/11/2025,Dublin,Electronics,TVs,221.71,1,0,65.55
100728,2024-01-28,Dublin,Homeware,Bedding,470.51,3,0.2,43.29
103343,11-09-2024,Galway,Grocery,Bakery,60.18,2,0,23.48
101612,18/06/2024,Dublin,Clothing,Accessories,165.92,2,0.2,15.58
104390,18-05-2025,Dublin,Electronics,Headphones,615.78,2,0.1,211.07
102665,13/04/2025,Dublin,Homeware,Kitchenware,48.09,2,0.2,6.36
102102,26-01-2024,Dublin,Electronics,Mobile Accessories,198.8,1,0.05,50.93
104391,26-04-2024,Cork,Homeware,Bedding,457.98,2,0.15,100.2
101657,2025-02-04,Galway,Homeware,Bedding,336.78,2,0,128.64
105026,2025-09-01,Dublin,Electronics,Headphones,1273.79,2,0,400.14
105792,2025-10-28,Cork,Homeware,Bedding,56.78,1,0.2,4.57
100115,09-04-2025,Cork,Clothing,Menswear,96.83,1,0.2,11.53
103443,2025-12-27,Galway,Grocery,Bakery,43.43,3,0,12.55
104139,23/04/2024,Dublin,Grocery,Snacks,78.52,2,0,33.22
103259,04/07/2024,Galway,Homeware,Kitchenware,178.5,1,0.2,14.05
102784,2024-06-19,Dublin,Homeware,Furniture,1202.21,4,0.05,461.02
106281,13/03/2024,Limerick,Clothing,Footwear,76.46,2,0.15,17.18
104843,01/06/2024,Limerick,Clothing,Kidswear,37.52,1,0.1,7.52
104163,23-06-2025,Limerick,Clothing,Womenswear,129.44,2,0,45.36
103197,01-01-2025,Dublin,Clothing,Accessories,51.7,1,0,14.78
100720,09-06-2025,Dublin,Clothing,Womenswear,277.83,3,0,73.31
106277,2024-10-28,Galway,Clothing,Womenswear,408.36,4,0.2,54.9
101990,03/12/2025,Galway,Grocery,Dairy,43.04,2,0.2,5.85
103011,07-11-2025,Limerick,Homeware,Lighting,750.51,2,0,310.15
103138,07/07/2024,Dublin,Electronics,Smart Home,1080.42,2,0,308.28
100484,05-09-2025,Limerick,Homeware,Kitchenware,328.06,2,0,
100602,2025-07-12,Dublin,Homeware,Kitchenware,209.29,1,0,89.13
105752,2025-04-16,Galway,Grocery,Bakery,23.22,1,0.15,3.16
103360,20-02-2024,Cork,Grocery,Bakery,146.68,4,0,45.19
105164,22-01-2025,Dublin,Homeware,Bedding,244.86,2,0.2,20.67
105427,2025-10-06,Galway,Grocery,Snacks,116.96,4,0,
105588,2025-09-27,Galway,Electronics,Mobile Accessories,323.46,3,0,114.53
101807,24-06-2024,Dublin,Homeware,Furniture,588.36,2,0,205.56
105163,18-06-2025,Cork,Homeware,Furniture,317.38,2,0,107.45
103643,2024-01-12,Dublin,Electronics,Laptops,74.19,1,0,32.97
105134,30-12-2025,Limerick,Clothing,Menswear,334.07,2,0,97.78
104967,08-09-2025,Dublin,Homeware,Storage,693.4,4,0.1,153.12
102491,24/01/2025,Cork,Homeware,Lighting,457.88,2,0.15,113.75
100586,03-11-2025,Limerick,Homeware,Storage,819.17,3,0,354.47
103371,29/04/2025,Galway,Homeware,Lighting,219.97,1,0,98.65
103526,04-05-2024,Cork,Grocery,Beverages,17.68,2,0.15,2.83
106097,2025-06-12,Galway,Clothing,Footwear,61.97,1,0.2,14.83
103144,2024-11-29,Dublin,Clothing,Footwear,30.17,1,0,10.45
102283,12/05/2024,Dublin,Clothing,Menswear,74.06,2,0.1,19.98
105508,15-11-2024,Dublin,Grocery,Fresh Produce,6.86,2,0.1,1.99
101873,12/10/2025,Dublin,Homeware,Furniture,668.03,2,0,225.22
106259,28-11-2024,Galway,Clothing,Accessories,92.27,1,0.2,12.14
105272,18-09-2024,Limerick,Homeware,Kitchenware,85.91,1,0.2,15.75
105927,06/06/2024,Limerick,Electronics,TVs,303.06,1,0.1,82.21
103300,2025-12-17,Cork,Electronics,Laptops,307.86,1,0.15,67.78
103282,27/05/2025,Dublin,Clothing,Accessories,46.98,1,0.15,5.49
105188,24-04-2024,Cork,Electronics,Laptops,384.24,2,0,169.75
103367,23/05/2024,Dublin,Clothing,Kidswear,52.89,1,0.2,8.36
106482,27-04-2024,Dublin,Electronics,Laptops,223.15,1,0.2,36.67
103344,2025-02-18,Cork,Clothing,Kidswear,98.72,4,0.05,33.43
105871,27-02-2024,Dublin,Electronics,Laptops,675.92,1,0.15,112.87
105396,2025-03-01,Dublin,Grocery,Dairy,24.92,1,0.1,6.17
100726,24/06/2024,Cork,Clothing,Footwear,315.9,3,0.1,64.7
102798,30-11-2025,Dublin,Electronics,Mobile Accessories,602.4,1,0,223.24
100127,24/01/2025,Cork,Homeware,Storage,516.09,3,0.2,92.47
104260,23/10/2025,Dublin,Clothing,Kidswear,54.51,2,0.15,8.88
104749,14/11/2025,Cork,Electronics,Laptops,264.08,4,0.05,58.01
104275,2024-10-02,Limerick,Electronics,Smart Home,467.37,3,0.15,62.37
106098,03-05-2024,Cork,Grocery,Bakery,19.68,1,0.15,4.42
102932,26-07-2025,Cork,Clothing,Womenswear,200.74,2,0.1,65.23
103568,16-04-2024,Dublin,Grocery,Bakery,40.62,2,0,15.46
100025,27/06/2025,Dublin,Electronics,Laptops,78.0,1,0.15,9.96
106155,03-05-2025,Galway,Electronics,Mobile Accessories,1255.17,3,0,543.03
100397,18-09-2024,Dublin,Clothing,Womenswear,14.34,1,0.1,4.87
103557,09/05/2025,Dublin,Grocery,Fresh Produce,68.77,2,,11.06
103584,16/05/2025,Cork,Grocery,Beverages,18.75,1,0.05,7.02
101212,23/03/2024,Cork,Clothing,Menswear,44.4,1,0,14.92
100576,01/10/2025,Dublin,Clothing,Menswear,25.53,1,0.2,2.38
104685,28/09/2025,Dublin,Electronics,TVs,2304.69,4,0,875.1
102087,14-07-2025,Cork,Grocery,Snacks,11.31,1,0,3.01
103899,2025-04-10,Cork,Electronics,Smart Home,58.42,1,0,16.15
102324,18/05/2025,Dublin,Homeware,Bedding,159.76,2,0.15,30.48
104245,15-12-2025,Cork,Grocery,Snacks,21.04,1,0,5.67
102597,2025-12-25,Dublin,Grocery,Bakery,59.76,2,0,24.2
103754,2025-05-19,Cork,Clothing,Womenswear,8.08,1,0,2.18
106092,15/01/2024,Dublin,Grocery,Dairy,176.69,4,0,73.72
105111,2024-05-10,Dublin,Clothing,Kidswear,23.4,1,0.1,7.68
101978,2024-07-27,Dublin,Clothing,Footwear,125.13,1,0.1,35.38
104211,25/01/2024,Dublin,Homeware,Storage,120.06,1,0.05,
105486,02/11/2025,Dublin,Homeware,Kitchenware,676.75,2,0,273.04
100166,18-09-2025,Dublin,Clothing,Womenswear,100.0,4,0,35.96
103708,2025-06-03,Cork,Homeware,Kitchenware,560.88,2,0,189.3
105619,2024-12-23,Galway,Electronics,Mobile Accessories,1291.72,2,0.1,299.99
103843,27-05-2024,Galway,Electronics,Laptops,2223.76,4,0.1,500.88
104345,22/10/2025,Cork,Clothing,Kidswear,98.32,1,0,41.13
103372,2025-12-02,Limerick,Clothing,Menswear,78.04,1,0,27.9
102828,30/03/2025,Dublin,Grocery,Bakery,73.05,4,0,25.86
104106,2024-09-18,Galway,Homeware,Lighting,152.94,1,0.05,60.92
100535,14/06/2024,Galway,Homeware,Lighting,227.31,1,0,98.06
103884,06/11/2024,Dublin,Homeware,Kitchenware,91.16,1,0.05,18.91
101265,07-11-2025,Dublin,Clothing,Womenswear,88.47,1,0.1,13.88
100476,10-07-2025,Cork,Homeware,Furniture,988.0,4,0,420.5
104779,07/08/2024,Cork,Homeware,Kitchenware,46.32,1,0.1,8.89
102342,18-01-2024,Cork,Grocery,Bakery,3.55,1,0.1,0.71
104222,02-02-2024,Galway,Grocery,Fresh Produce,73.62,2,0.15,18.66
102752,05-06-2024,Galway,Grocery,Snacks,56.67,3,0.15,15.26
103471,15/12/2024,Galway,Clothing,Accessories,137.97,1,0.15,21.07
104832,25/02/2025,Dublin,Homeware,Kitchenware,290.48,1,0.15,31.18
100439,31/03/2024,Dublin,Homeware,Furniture,38.19,1,0.15,8.52
103525,2024-01-01,Cork,Clothing,Womenswear,54.72,2,0.15,9.54
105374,22/11/2024,Cork,Homeware,Storage,300.34,3,,115.91
103060,2024-08-25,Dublin,Electronics,Laptops,912.2,2,0.15,105.12
100431,09-09-2025,Cork,Electronics,Smart Home,193.2,1,0.2,46.62
101803,15/09/2025,Galway,Clothing,Womenswear,56.8,1,0,23.96
103780,30/06/2024,Dublin,Grocery,Beverages,127.7,4,0.1,31.11
100797,2025-07-26,Limerick,Clothing,Kidswear,29.89,1,0.15,3.54
104936,2025-09-04,Dublin,Grocery,Beverages,5.58,1,0.05,1.83
103407,22-10-2025,Cork,Clothing,Kidswear,109.43,1,0.2,22.01
105738,2024-07-13,Cork,Clothing,Womenswear,114.77,1,0.05,33.76
100664,26/05/2025,Dublin,Grocery,Snacks,53.58,3,0.1,8.57
100559,19-04-2024,Dublin,Electronics,Mobile Accessories,823.33,2,0.1,220.09
104872,13/09/2025,Dublin,Clothing,Womenswear,64.56,1,0.05,19.78
105225,2024-11-09,Dublin,Homeware,Lighting,337.84,1,0.2,72.35
104327,2025-10-22,Limerick,Grocery,Dairy,46.42,1,0.2,6.91
103009,2025-05-26,Cork,Grocery,Bakery,10.82,1,0.05,3.44
103877,10-02-2024,Galway,Electronics,Headphones,184.02,2,0.15,51.23
100133,26/11/2024,Limerick,Grocery,Bakery,62.87,2,0.05,17.21
105806,2024-08-09,Dublin,Grocery,Snacks,33.37,1,0,10.4
100567,07/02/2025,Cork,Clothing,Footwear,101.48,2,0,32.22
104001,03/07/2024,Cork,Grocery,Fresh Produce,5.84,1,0,2.32
101124,2024-09-08,Dublin,Clothing,Womenswear,95.92,1,0.05,35.46
105751,17/06/2025,Dublin,Electronics,Smart Home,619.18,2,0,169.95
104484,2025-08-12,Galway,Grocery,Fresh Produce,25.32,1,0,11.32
105620,23/10/2025,Dublin,Electronics,Headphones,629.58,2,0,198.41
102170,29/10/2025,Galway,Grocery,Fresh Produce,18.93,3,0,4.77
100694,06-12-2024,Galway,Electronics,Laptops,1292.34,2,0,490.61
103182,04-09-2024,Limerick,Clothing,Kidswear,93.18,3,0.05,33.03
104740,2025-06-24,Galway,Homeware,Kitchenware,283.83,3,0.15,29.44
104630,24/02/2025,Dublin,Grocery,Dairy,42.92,3,0.05,10.3
105099,27-02-2024,Cork,Electronics,Laptops,1192.53,4,0,531.1
100655,2024-09-16,Dublin,Grocery,Fresh Produce,141.08,4,0,37.52
101822,26-09-2025,Dublin,Electronics,Mobile Accessories,719.42,1,0,242.51
103638,14/09/2025,Cork,Electronics,Headphones,242.25,1,,81.28
102367,2025-05-09,Limerick,Electronics,Laptops,1830.39,3,0.2,339.46
101158,07/08/2024,Limerick,Grocery,Bakery,69.2,2,0.05,20.9
105361,29-10-2024,Galway,Electronics,TVs,1957.0,4,0.2,197.32
104403,21/11/2024,Galway,Grocery,Snacks,58.3,2,0,19.25
101692,21/04/2025,Cork,Clothing,Kidswear,253.68,3,0.15,39.47
102649,2025-02-25,Galway,Homeware,Bedding,445.44,2,0,172.96
103540,05/10/2025,Cork,Clothing,Kidswear,31.3,2,0.2,5.03
104650,30/09/2024,Dublin,Grocery,Beverages,106.5,3,0,47.43
102952,2024-06-19,Galway,Clothing,Accessories,13.84,1,,4.57
105912,20-02-2024,Dublin,Grocery,Beverages,86.99,2,0,30.85
104397,23-02-2025,Dublin,Electronics,TVs,576.84,1,0.2,47.39
100040,22-03-2025,Dublin,Homeware,Furniture,466.03,3,0,151.63
101031,26-10-2025,Dublin,Clothing,Womenswear,94.14,2,0,31.18
101850,10-09-2025,Limerick,Electronics,TVs,1273.86,2,0,443.68
104615,30/08/2024,Dublin,Clothing,Menswear,113.05,1,0.1,39.18
101025,06-11-2025,Cork,Homeware,Kitchenware,89.01,2,0,36.27
102325,24/10/2024,Dublin,Electronics,Smart Home,1590.31,3,0,493.66
102030,05-07-2024,Galway,Electronics,Laptops,355.1,1,0.2,57.92
103324,2024-12-26,Cork,Homeware,Furniture,727.08,2,0.1,243.16
103203,14/05/2024,Galway,Clothing,Footwear,32.56,4,0,11.29
100831,11/05/2025,Cork,Electronics,TVs,718.81,3,0.05,267.36
105522,23-01-2025,Cork,Homeware,Furniture,241.12,2,0.1,41.43
101661,17-01-2024,Cork,Clothing,Kidswear,100.38,1,0,41.27
103380,24/02/2024,Dublin,Grocery,Fresh Produce,20.02,1,0,7.2
106233,2025-04-13,Cork,Electronics,Headphones,248.05,2,,73.64
105891,2024-01-22,Dublin,Electronics,Headphones,1681.76,4,0.15,236.71
106344,19/01/2025,Dublin,Homeware,Bedding,405.81,2,0.05,136.01
101433,08-10-2024,Galway,Clothing,Accessories,81.21,1,0,27.03
101528,2024-08-20,Galway,Clothing,Accessories,160.36,2,0,51.55
100721,2024-10-24,Cork,Electronics,Smart Home,117.01,1,0.15,13.97
100258,14/04/2024,Galway,Homeware,Furniture,209.08,2,0,83.12
102439,2025-07-21,Galway,Electronics,Headphones,1197.46,2,0,391.65
102144,07/02/2025,Galway,Clothing,Womenswear,108.07,1,0.1,26.67
100513,2025-12-30,Dublin,Homeware,Storage,316.94,2,0.05,79.59
100291,19/03/2024,Cork,Grocery,Fresh Produce,41.98,2,0,15.8
101821,21-05-2024,Cork,Grocery,Beverages,16.08,4,0.05,3.45
105066,12-09-2025,Galway,Homeware,Kitchenware,262.81,1,0,116.24
101944,2024-02-29,Cork,Clothing,Kidswear,163.96,2,0.05,41.66
100749,09-05-2024,Cork,Grocery,Bakery,11.06,2,0,3.82
105776,2025-11-13,Dublin,Clothing,Menswear,74.7,4,0.15,15.33
101817,2025-07-28,Galway,Clothing,Womenswear,84.68,1,0.05,18.76
102887,07/05/2025,Dublin,Electronics,Smart Home,602.19,2,0.15,130.33
102495,11/09/2024,Cork,Grocery,Snacks,55.72,4,0.05,15.45
105456,2025-05-28,Dublin,Electronics,Smart Home,504.67,1,0.05,156.25
105368,29/07/2025,Dublin,Clothing,Footwear,337.55,3,0,
104172,2024-03-26,Galway,Electronics,Headphones,437.83,1,0.1,138.2
100557,27/05/2024,Limerick,Grocery,Beverages,60.84,3,0.15,14.23
100180,08/08/2024,Cork,Electronics,Headphones,187.79,2,0.2,
100253,26-01-2024,Cork,Grocery,Snacks,36.98,1,0,10.49
103909,14-11-2025,Dublin,Grocery,Dairy,50.44,1,0,16.01
100910,24-06-2025,Galway,Electronics,TVs,305.41,1,0.15,34.81
101436,2024-12-14,Limerick,Clothing,Womenswear,492.52,4,0.15,54.37
101836,2024-09-26,Dublin,Homeware,Lighting,535.72,3,0.15,147.29
101493,23/06/2025,Dublin,Grocery,Dairy,36.32,1,0,10.42
101456,07/05/2024,Limerick,Clothing,Menswear,61.8,4,0,16.34
103175,2025-04-06,Dublin,Clothing,Accessories,154.74,2,0,61.49
105142,06-02-2025,Dublin,Electronics,Smart Home,1184.02,2,0.1,212.28
102955,16/05/2025,Cork,Homeware,Lighting,1165.4,4,0.1,362.31
106340,2025-07-21,Limerick,Homeware,Kitchenware,254.5,1,0.15,27.06
105371,02-10-2025,Cork,Homeware,Storage,34.98,2,0.2,2.34
105347,2025-06-23,Galway,Homeware,Furniture,350.42,2,0.15,63.8
101191,06/04/2025,Cork,Clothing,Kidswear,102.55,1,0,30.04
103361,2025-03-09,Dublin,Homeware,Bedding,889.13,3,0.1,188.17
105953,14-07-2024,Limerick,Clothing,Kidswear,49.5,3,0.1,10.45
103775,24-03-2025,Galway,Clothing,Footwear,126.5,2,0,31.94
102157,2024-09-29,Dublin,Clothing,Kidswear,73.01,1,0,26.69
102641,2024-09-17,Galway,Clothing,Womenswear,109.32,1,0.2,11.95
103158,23/02/2025,Limerick,Homeware,Storage,128.86,1,0.2,19.98
104662,09/06/2025,Cork,Grocery,Fresh Produce,16.71,1,0.2,2.74
104925,29-10-2024,Cork,Electronics,Laptops,503.43,2,0.05,161.98
102216,01-05-2025,Limerick,Grocery,Fresh Produce,121.63,4,0.1,31.57
105782,2025-08-14,Cork,Homeware,Furniture,211.39,1,0,67.59
104378,18/06/2025,Cork,Electronics,Smart Home,1078.18,4,0.1,353.19
103231,2024-11-26,Dublin,Homeware,Bedding,174.94,1,,17.75
102994,07/04/2025,Galway,Electronics,Smart Home,177.48,4,0.15,44.05
100051,04-03-2024,Dublin,Clothing,Footwear,251.48,2,0.15,
102908,2024-04-14,Galway,Homeware,Furniture,511.26,2,0.15,84.2
102205,2025-07-02,Dublin,Homeware,Lighting,292.33,1,0.05,84.23
102847,13/05/2024,Dublin,Electronics,TVs,694.08,1,0.15,198.49
101590,2025-01-21,Dublin,Grocery,Beverages,98.85,4,0.1,24.61
105647,23-04-2024,Dublin,Homeware,Lighting,971.73,3,0,298.19
100286,2025-07-03,Cork,Homeware,Furniture,34.24,1,0.1,5.68
102123,22-09-2025,Cork,Homeware,Bedding,807.57,3,0.1,140.66
106140,30-01-2024,Dublin,Grocery,Dairy,75.0,3,0.15,9.99
103657,09/09/2025,Dublin,Clothing,Footwear,245.59,4,0,87.27
103084,31-05-2025,Cork,Clothing,Womenswear,68.96,1,0,25.18
101960,2024-06-10,Dublin,Grocery,Fresh Produce,21.67,4,0.2,3.64
101410,25/01/2025,Galway,Homeware,Kitchenware,25.53,1,0.15,6.68
105813,05-03-2024,Cork,Electronics,Smart Home,225.89,1,0.2,51.29
106045,2025-04-25,Galway,Clothing,Accessories,104.62,1,0.1,32.8
104520,23-11-2024,Cork,Grocery,Snacks,52.36,1,0.2,2.9
100806,2024-02-24,Cork,Grocery,Bakery,68.72,2,0.05,24.61
103390,08-10-2025,Cork,Electronics,Headphones,413.27,2,0.2,31.81
104092,2025-06-21,Galway,Grocery,Fresh Produce,8.48,1,0.2,0.88
105118,15/03/2025,Galway,Homeware,Storage,152.21,1,0,53.9
100781,2024-08-14,Dublin,Clothing,Kidswear,23.69,2,,3.76
105761,2024-05-13,Galway,Clothing,Kidswear,76.3,1,0.2,16.22
104631,02/09/2025,Limerick,Clothing,Accessories,112.6,1,,43.48
104476,2024-09-11,Galway,Grocery,Beverages,5.92,1,0.15,1.23
102960,2024-06-19,Cork,Homeware,Storage,580.96,4,0.2,125.34
105281,03-07-2025,Dublin,Clothing,Menswear,59.98,2,0.2,4.89
105880,2025-09-13,Galway,Clothing,Womenswear,27.61,1,0,11.2
100709,2024-06-17,Dublin,Clothing,Womenswear,242.33,3,0.15,34.01
106131,14/12/2024,Dublin,Grocery,Fresh Produce,62.53,1,0.05,13.39
105198,03/01/2025,Dublin,Grocery,Dairy,6.42,2,0.2,1.14
104463,2025-05-13,Dublin,Clothing,Accessories,174.09,2,0.05,48.66
104699,2025-03-30,Dublin,Electronics,Headphones,1093.88,4,0.15,154.98
104708,2025-01-22,Limerick,Clothing,Kidswear,129.28,2,0.05,38.73
101602,2025-09-08,Cork,Electronics,Laptops,168.88,1,0,61.87
101129,07/11/2025,Dublin,Clothing,Womenswear,304.77,2,0.2,27.14
102973,08/04/2024,Dublin,Electronics,Mobile Accessories,1850.3,3,0.1,290.75
101335,2025-02-08,Dublin,Clothing,Womenswear,94.59,1,0,30.5
101024,25/11/2024,Galway,Clothing,Womenswear,102.37,4,0,31.5
101320,2025-11-30,Limerick,Grocery,Dairy,29.3,2,0.15,3.83
104354,27/02/2025,Cork,Grocery,Dairy,27.17,1,0,7.98
105501,25/03/2024,Limerick,Homeware,Furniture,405.63,3,0.2,57.32
102137,2024-05-20,Cork,Electronics,Smart Home,325.74,1,0.2,75.02
103369,25/12/2024,Dublin,Electronics,Laptops,526.6,2,0,141.73
101543,2024-09-16,Galway,Homeware,Storage,134.37,3,0,56.91
104103,28/10/2024,Dublin,Homeware,Bedding,518.93,2,0.2,128.06
101475,2024-07-10,Dublin,Electronics,Mobile Accessories,2574.3,4,0,894.19
102490,14-12-2025,Dublin,Homeware,Kitchenware,112.83,1,0.05,37.36
101949,27/03/2024,Dublin,Electronics,Headphones,820.69,2,0,330.62
106003,31-01-2025,Limerick,Electronics,Mobile Accessories,509.61,1,0,143.67
103489,09/04/2024,Cork,Electronics,Laptops,346.3,2,0,93.67
106452,06/09/2024,Dublin,Grocery,Dairy,38.87,2,0,16.84
102754,2024-01-21,Galway,Clothing,Kidswear,211.94,2,0,91.59
101399,2024-04-01,Galway,Clothing,Womenswear,83.64,4,0,33.83
102941,23/11/2025,Limerick,Clothing,Womenswear,219.38,2,0.2,15.31
101040,2025-09-02,Cork,Grocery,Dairy,29.67,1,0,7.54
103855,2024-10-23,Limerick,Electronics,Mobile Accessories,63.29,1,0,23.71
105773,2025-10-19,Dublin,Clothing,Womenswear,92.68,1,0,40.59
105663,2024-05-03,Limerick,Clothing,Menswear,285.87,3,0,83.47
100378,25/04/2025,Limerick,Homeware,Kitchenware,227.91,1,0,87.48
106061,25-03-2024,Cork,Homeware,Kitchenware,354.44,4,0,153.29
100233,22-10-2025,Galway,Electronics,TVs,599.47,1,0,161.7
100351,2024-05-23,Galway,Clothing,Kidswear,74.12,2,0.05,23.89
104074,09/09/2025,Cork,Electronics,Smart Home,186.3,1,0,52.68
101906,2024-08-04,Cork,Clothing,Accessories,216.31,4,0,
104112,12/01/2024,Limerick,Electronics,TVs,1611.24,4,0.2,91.12
105625,15/01/2025,Limerick,Homeware,Furniture,61.1,2,0,22.24
105093,2024-11-29,Limerick,Homeware,Storage,563.25,2,0.2,100.92
106367,20/11/2025,Cork,Electronics,Mobile Accessories,900.47,2,0,267.51
100779,2025-01-20,Galway,Grocery,Snacks,34.92,4,0.2,3.86
100001,16-10-2025,Dublin,Grocery,Bakery,36.16,3,0,11.38
100398,2025-05-17,Galway,Grocery,Fresh Produce,31.79,1,0.1,9.73
100342,2025-06-20,Limerick,Electronics,Laptops,581.92,4,0,164.45
102803,2024-12-12,Limerick,Clothing,Accessories,136.0,3,0.15,31.41
100893,2024-07-30,Cork,Electronics,TVs,408.06,4,0,176.72
103573,2024-06-21,Cork,Clothing,Accessories,79.6,2,0.1,14.17
101772,2024-10-19,Cork,Grocery,Bakery,140.24,4,0,59.98
102142,2024-03-03,Dublin,Clothing,Kidswear,48.73,1,0.1,16.9
104040,13/07/2025,Dublin,Clothing,Accessories,31.57,1,0.2,5.19
104049,08/12/2024,Galway,Grocery,Fresh Produce,64.57,2,0.15,19.22
102980,18/03/2025,Dublin,Grocery,Bakery,10.09,1,0,2.61
100745,18-11-2024,Dublin,Homeware,Lighting,179.23,4,0,56.99
102159,25/10/2024,Cork,Homeware,Bedding,259.7,2,0,103.68
104526,01/02/2025,Limerick,Homeware,Kitchenware,167.78,1,0.2,10.2
106002,26/02/2024,Dublin,Grocery,Bakery,10.38,3,0,3.76
105691,2024-02-04,Dublin,Clothing,Womenswear,31.15,1,0.2,2.57
100444,2024-01-05,Dublin,Clothing,Accessories,22.91,1,0.1,6.67
104406,2024-09-28,Dublin,Homeware,Furniture,150.53,2,0.05,44.61
104688,2024-11-13,Cork,Homeware,Lighting,214.28,1,0.1,74.38
102482,2025-04-24,Cork,Electronics,Mobile Accessories,127.7,1,0.05,32.34
100125,19/12/2024,Cork,Grocery,Dairy,86.06,3,0,37.95
105651,02-10-2024,Galway,Homeware,Kitchenware,228.01,1,0.05,61.16
103929,2024-02-21,Dublin,Grocery,Bakery,76.82,4,0.1,21.18
104281,14/07/2024,Cork,Clothing,Womenswear,206.2,4,0,59.35
101474,13-04-2024,Dublin,Homeware,Storage,105.8,2,0.1,20.93
105516,2024-07-05,Dublin,Electronics,TVs,623.29,1,0,202.43
100481,2025-05-26,Dublin,Grocery,Fresh Produce,14.73,3,0,4.56
104786,2025-08-25,Dublin,Clothing,Footwear,19.81,1,0.2,3.73
100641,2025-08-24,Cork,Homeware,Bedding,333.0,4,0.1,50.84
100496,03-11-2024,Limerick,Homeware,Furniture,91.22,4,0.15,12.36
106143,2024-09-24,Dublin,Grocery,Bakery,20.49,1,0.2,4.21
104409,2024-09-12,Cork,Electronics,Laptops,694.36,2,0,285.69
106080,14/04/2025,Cork,Grocery,Bakery,58.56,2,0.15,17.16
104785,09-12-2025,Galway,Clothing,Menswear,84.11,4,0,27.55
100784,25-11-2025,Dublin,Grocery,Dairy,57.25,1,0.05,15.56
103924,05/08/2024,Dublin,Homeware,Lighting,945.28,4,0,324.79
104585,16-11-2025,Cork,Electronics,TVs,258.9,4,0.15,74.73
105832,18-09-2025,Cork,Homeware,Bedding,119.64,1,0,35.06
103271,2024-05-13,Dublin,Electronics,Smart Home,639.34,1,0,176.98
103788,24-11-2025,Galway,Homeware,Lighting,50.01,1,0.15,9.75
103428,23-06-2024,Dublin,Electronics,Headphones,496.24,1,0.1,115.83
101412,28/07/2024,Dublin,Electronics,Smart Home,154.23,1,0,47.05
105741,10-12-2024,Cork,Homeware,Kitchenware,96.18,2,0.05,31.45
105244,2025-05-12,Dublin,Grocery,Dairy,21.76,1,0.05,7.11
104169,13-01-2025,Dublin,Homeware,Kitchenware,565.02,2,0,175.79
100609,2025-04-09,Dublin,Electronics,TVs,620.68,4,0,219.09
104823,26-01-2025,Cork,Homeware,Furniture,25.16,1,0,7.36
102657,06-09-2025,Dublin,Homeware,Storage,127.21,1,0.1,34.76
103732,01/02/2025,Dublin,Homeware,Bedding,151.5,2,0,57.62
105720,22/04/2025,Galway,Grocery,Fresh Produce,39.02,1,0.15,5.27
102678,2024-12-07,Dublin,Homeware,Kitchenware,1111.58,3,0.1,197.94
105684,01-05-2025,Limerick,Grocery,Beverages,42.24,1,0.15,6.81
102631,20-07-2025,Cork,Electronics,Headphones,324.96,2,0,105.17
102700,2024-04-02,Dublin,Grocery,Bakery,13.71,1,,2.6
106218,2024-03-10,Cork,Clothing,Menswear,56.62,1,,22.45
102034,20-04-2025,Limerick,Electronics,Mobile Accessories,440.91,3,0.05,174.6
103880,17/06/2025,Limerick,Grocery,Dairy,54.22,2,0.1,9.51
104947,09-10-2025,Limerick,Homeware,Furniture,465.18,3,0,156.26
100295,2024-02-17,Limerick,Electronics,Smart Home,2265.08,4,0.2,
101285,05/03/2025,Dublin,Homeware,Bedding,289.75,1,0,74.56
103326,11/08/2025,Limerick,Grocery,Beverages,36.13,1,0,14.69
105351,2025-05-22,Cork,Homeware,Bedding,249.59,1,0.15,40.44
104685,28/09/2025,Dublin,Electronics,TVs,2304.69,4,0,875.1
100941,2024-07-04,Cork,Homeware,Bedding,525.6,3,0,168.45
102676,2024-09-12,Cork,Grocery,Dairy,33.87,3,0.05,7.73
100284,2025-03-06,Dublin,Homeware,Lighting,1319.23,4,,589.25
101087,2024-05-20,Galway,Homeware,Furniture,225.15,1,0,84.55
100782,15-10-2025,Dublin,Grocery,Dairy,24.16,1,0.1,7.52
104643,04-06-2025,Galway,Homeware,Furniture,489.0,2,0,198.05
105083,2025-07-30,Cork,Electronics,Mobile Accessories,87.0,2,0.1,25.07
100677,2024-10-31,Limerick,Clothing,Womenswear,77.95,1,0.15,10.22
101977,13-04-2025,Galway,Homeware,Bedding,122.84,2,0,33.61
105571,2025-03-23,Galway,Clothing,Womenswear,93.02,2,0.05,21.71
104876,26-11-2024,Dublin,Homeware,Furniture,959.0,3,0,242.68
105453,2025-04-16,Dublin,Homeware,Furniture,519.57,2,0,159.09
100473,11-04-2025,Cork,Grocery,Dairy,20.7,1,,8.69
101939,2024-12-04,Dublin,Electronics,Laptops,245.94,1,0,109.59
104198,18-02-2024,Galway,Clothing,Womenswear,59.26,1,0,15.68
102738,08-03-2025,Cork,Clothing,Footwear,128.54,2,0.05,44.26
101471,2025-09-22,Galway,Electronics,Mobile Accessories,74.53,1,0.05,27.59
101318,30/11/2025,Dublin,Homeware,Kitchenware,932.0,2,0,418.53
101646,2025-09-15,Cork,Electronics,Laptops,57.37,1,0.2,10.55
101789,2024-10-22,Dublin,Homeware,Storage,108.01,1,0.15,27.13
106178,2025-03-25,Dublin,Clothing,Kidswear,116.24,4,0,42.21
104029,10/12/2024,Dublin,Homeware,Lighting,465.1,1,0.2,44.06
101815,12-10-2024,Limerick,Electronics,Smart Home,547.71,1,0.1,104.83
104952,14/04/2024,Cork,Clothing,Kidswear,59.6,4,0.15,13.56
101947,06/03/2024,Dublin,Grocery,Dairy,8.1,2,0.2,0.91
103267,2025-08-09,Limerick,Homeware,Kitchenware,323.97,2,0.1,64.49
105560,2025-04-03,Dublin,Clothing,Kidswear,52.45,1,0.2,3.7
100246,25/10/2024,Galway,Clothing,Accessories,95.58,1,0.05,32.87
103545,2024-01-01,Limerick,Grocery,Snacks,39.4,1,0.05,10.61
102350,29-08-2024,Dublin,Homeware,Bedding,195.1,1,,53.67
103469,06-03-2024,Dublin,Clothing,Footwear,93.72,1,0.2,19.44
103648,07/05/2024,Dublin,Grocery,Beverages,65.66,2,0.2,7.29
103404,15/05/2024,Cork,Clothing,Kidswear,34.0,1,0.2,6.25
103579,05-07-2025,Dublin,Grocery,Fresh Produce,37.71,3,0.05,12.72
100203,2025-12-03,Cork,Grocery,Fresh Produce,36.78,1,0,12.03
103056,21/03/2025,Dublin,Clothing,Kidswear,94.66,1,0.15,17.39
100149,29/01/2024,Dublin,Electronics,Mobile Accessories,597.55,1,0,234.61
101898,2024-08-09,Limerick,Homeware,Bedding,729.71,3,0.1,252.93
101525,2024-07-12,Cork,Grocery,Fresh Produce,73.22,2,0.2,4.11
102194,11/08/2025,Dublin,Grocery,Bakery,21.96,1,0,9.18
105194,14-03-2025,Dublin,Grocery,Snacks,21.34,4,0,5.74
104231,11-07-2025,Limerick,Clothing,Menswear,38.16,4,0.05,8.75
103179,2025-11-18,Galway,Clothing,Footwear,46.19,1,0.05,14.62
101684,25-02-2025,Limerick,Electronics,Smart Home,1573.89,3,0.2,209.27
102352,09/07/2025,Cork,Clothing,Menswear,166.32,2,0,47.9
101670,16-11-2025,Dublin,Grocery,Dairy,29.03,1,0.2,2.22
100418,02-04-2024,Dublin,Electronics,Laptops,2552.95,4,0.1,544.21
106437,20/06/2025,Dublin,Homeware,Furniture,96.69,1,0.1,18.22
101643,17/08/2024,Cork,Grocery,Bakery,8.98,2,,1.13
105515,2024-02-22,Limerick,Electronics,TVs,404.25,3,0.05,109.85
102560,31/01/2025,Dublin,Homeware,Storage,139.33,4,0,46.25
104215,04-01-2024,Cork,Electronics,Mobile Accessories,266.4,1,0,102.23
103266,26-03-2024,Galway,Grocery,Dairy,15.29,1,0.15,1.58
101895,2025-05-18,Dublin,Clothing,Menswear,219.28,4,0.2,11.82
103861,09-05-2025,Dublin,Clothing,Menswear,231.22,2,0.2,36.19
103764,23/11/2024,Dublin,Clothing,Womenswear,379.88,3,0.05,130.45
106463,27/02/2025,Dublin,Clothing,Footwear,18.88,1,0.05,4.92
100594,07/12/2024,Galway,Clothing,Menswear,331.0,3,0,124.76
102484,06/03/2025,Galway,Grocery,Fresh Produce,45.27,3,0.05,12.24
106485,16-05-2024,Galway,Clothing,Menswear,23.91,1,0,8.84
102770,2024-04-08,Dublin,Clothing,Accessories,288.79,4,0.2,24.81
101209,07/10/2025,Dublin,Grocery,Dairy,51.41,2,0,14.3
105947,31-05-2024,Cork,Clothing,Kidswear,167.52,2,0,73.39
100212,11-07-2025,Cork,Clothing,Womenswear,35.72,1,0,14.1
100990,29/06/2024,Cork,Grocery,Bakery,23.0,1,0.1,6.04
102321,2024-05-13,Dublin,Electronics,Headphones,265.62,1,0.1,
104977,03-11-2025,Dublin,Grocery,Beverages,44.08,1,0.05,16.29
102362,10-04-2025,Limerick,Homeware,Furniture,45.66,2,0,16.34
101516,2025-09-15,Cork,Grocery,Dairy,10.47,1,0,2.84
102077,01/03/2024,Limerick,Grocery,Beverages,23.21,1,0.1,4.65
100474,15/10/2024,Dublin,Clothing,Menswear,39.18,1,0,13.76
103560,07-02-2025,Dublin,Grocery,Bakery,8.0,3,0.15,0.91
103575,29/02/2024,Galway,Grocery,Bakery,33.79,1,0.1,5.37
100706,06-01-2024,Dublin,Clothing,Kidswear,405.31,3,0,171.67
102927,28-01-2025,Cork,Grocery,Bakery,87.99,3,0,22.75
103183,02/09/2025,Dublin,Homeware,Storage,199.23,1,0.2,20.16
101143,16/02/2025,Cork,Clothing,Accessories,177.96,2,0.2,36.22
100455,16-01-2025,Dublin,Clothing,Kidswear,134.5,2,0,34.18
102119,07-10-2025,Galway,Homeware,Furniture,416.58,2,0.2,21.61
102419,11/06/2025,Cork,Clothing,Menswear,11.27,1,0.05,2.69
101668,10/06/2025,Cork,Grocery,Snacks,8.19,1,0,2.77
104937,19-07-2024,Galway,Homeware,Furniture,288.78,1,0.2,42.85
104543,11/09/2024,Dublin,Homeware,Furniture,312.35,1,0,96.59
103426,23-05-2024,Cork,Electronics,Mobile Accessories,974.31,3,0.2,72.24
100385,28/02/2025,Dublin,Electronics,Smart Home,715.0,2,,231.0
101753,2025-12-14,Cork,Clothing,Kidswear,314.13,2,0.1,90.32
104315,01-05-2024,Cork,Clothing,Menswear,55.06,1,0,18.52
103901,15-03-2024,Dublin,Homeware,Bedding,984.77,3,0.15,271.07
102570,2024-08-01,Dublin,Grocery,Beverages,36.86,1,0,14.15
105595,05/06/2025,Dublin,Electronics,Headphones,219.3,1,0.05,45.21
103840,02/06/2025,Cork,Clothing,Menswear,167.74,2,0.1,38.98
102782,04/07/2024,Limerick,Clothing,Womenswear,216.92,2,0.2,28.58
105838,07-08-2025,Cork,Homeware,Kitchenware,166.0,2,0.05,47.71
101062,28-10-2025,Limerick,Clothing,Menswear,109.71,1,0,
101356,06/08/2024,Dublin,Electronics,Mobile Accessories,405.19,1,0.1,68.52
102320,31-07-2024,Dublin,Clothing,Footwear,47.4,1,0,14.26
103504,31/07/2024,Cork,Homeware,Storage,335.91,3,,64.48
106459,2024-01-07,Limerick,Grocery,Snacks,43.51,1,0.05,10.45
105568,22/04/2025,Dublin,Homeware,Kitchenware,1155.66,4,0.2,211.62
100959,02-06-2024,Galway,Clothing,Womenswear,275.37,3,0,98.02
101301,2025-08-18,Dublin,Grocery,Dairy,43.89,2,0.1,9.26
104919,20-11-2024,Dublin,Grocery,Snacks,66.51,3,0,17.91
101874,31/08/2025,Galway,Clothing,Menswear,47.82,1,0,20.76
103281,18-10-2025,Galway,Clothing,Menswear,47.64,4,0.1,13.41
105420,14-10-2025,Dublin,Clothing,Menswear,115.97,2,0.2,21.74
103625,19/01/2024,Limerick,Homeware,Kitchenware,404.6,2,0.05,110.41
100282,2024-11-04,Dublin,Homeware,Lighting,154.09,1,0.2,10.85
101688,2024-07-03,Limerick,Clothing,Menswear,28.92,1,0.05,11.16
100339,2025-01-16,Dublin,Grocery,Beverages,29.09,2,0.2,3.22
104145,2025-07-22,Cork,Grocery,Bakery,89.82,3,0.05,21.25
102797,2025-12-27,Galway,Electronics,Laptops,296.07,1,0.2,34.82
101784,28-12-2025,Dublin,Grocery,Bakery,234.22,4,0.1,51.59
100615,2025-08-28,Cork,Clothing,Kidswear,16.35,2,0.15,2.05
106475,11/05/2025,Dublin,Grocery,Fresh Produce,38.78,4,0.1,11.68
100206,2025-06-01,Dublin,Homeware,Bedding,241.84,2,0.05,91.11
100095,21/10/2024,Galway,Homeware,Kitchenware,138.1,1,0.1,40.07
101146,2024-04-17,Cork,Electronics,Smart Home,57.5,1,0,19.9
105200,17-04-2025,Dublin,Electronics,Laptops,262.77,1,0,81.78
106021,20-03-2025,Limerick,Electronics,Smart Home,1479.84,4,0,372.58
104022,2024-07-30,Limerick,Clothing,Footwear,74.85,1,0,29.16
101744,21-08-2024,Cork,Clothing,Womenswear,201.14,2,0.05,74.37
104975,2025-09-19,Limerick,Clothing,Accessories,54.87,1,0,20.26
104871,21-12-2024,Galway,Grocery,Bakery,26.75,1,0.15,6.59
105278,26-03-2024,Cork,Grocery,Bakery,15.96,1,0.1,3.35
105056,2025-04-24,Galway,Clothing,Kidswear,110.37,3,0.1,24.69
101435,08/05/2025,Cork,Electronics,Smart Home,1121.65,4,0.15,133.38
101718,2025-03-21,Dublin,Grocery,Snacks,41.81,2,0.1,12.51
105028,29-09-2025,Limerick,Grocery,Dairy,31.61,1,0,13.76
100076,18/06/2024,Galway,Grocery,Snacks,20.19,3,0,6.26
102544,2024-07-21,Limerick,Grocery,Snacks,40.93,1,0.05,11.47
102280,2024-05-20,Limerick,Homeware,Kitchenware,138.7,1,0,51.59
104426,2025-03-30,Cork,Homeware,Storage,197.95,1,0.15,36.92
102063,2024-01-13,Dublin,Clothing,Footwear,98.65,1,0,25.96
105798,12/12/2024,Cork,Grocery,Dairy,13.13,2,0.05,3.83
100616,28-08-2025,Limerick,Electronics,Smart Home,541.98,1,0.05,137.29
105491,26-01-2024,Cork,Grocery,Bakery,115.83,3,0.2,27.2
104827,19/04/2024,Galway,Clothing,Footwear,26.56,2,0.05,5.57
100132,30-06-2024,Limerick,Clothing,Footwear,370.0,4,0.1,96.28
104237,2024-04-12,Dublin,Electronics,Smart Home,1602.59,3,0.15,347.75
102627,2025-07-10,Cork,Homeware,Storage,110.98,2,0,38.43
105652,16/10/2025,Limerick,Clothing,Womenswear,344.85,3,0.15,77.12
102564,02/06/2024,Dublin,Electronics,Headphones,982.88,2,0.2,122.75
104907,2025-08-24,Dublin,Grocery,Fresh Produce,30.08,1,0.1,10.36
105868,2025-06-04,Limerick,Homeware,Bedding,314.36,2,0.2,76.34
105932,2024-05-06,Limerick,Homeware,Furniture,130.13,1,0.05,40.95
102353,2024-03-13,Cork,Clothing,Footwear,63.6,1,0,21.07
105140,2024-08-08,Dublin,Grocery,Bakery,139.24,4,0.05,35.57
100429,11-03-2024,Dublin,Clothing,Womenswear,23.18,1,0.1,4.13
102125,18-04-2024,Limerick,Electronics,Laptops,1047.84,2,0,330.33
100704,16/05/2024,Limerick,Clothing,Womenswear,263.67,3,0.05,66.65
105602,12-11-2024,Limerick,Clothing,Footwear,300.38,4,0.1,78.78
104387,2025-06-18,Dublin,Clothing,Kidswear,66.12,1,0.2,13.91
103611,2025-07-29,Dublin,Electronics,TVs,484.28,1,0.1,129.93
100142,2024-06-07,Dublin,Electronics,TVs,2331.28,4,0.15,287.36
103257,19/04/2025,Dublin,Clothing,Footwear,84.29,2,0,34.2
102215,2025-11-12,Dublin,Clothing,Footwear,139.25,1,0.1,22.75
101702,17-06-2025,Dublin,Grocery,Bakery,6.69,1,0,1.95
103180,2025-08-13,Galway,Clothing,Womenswear,40.7,2,0,
100360,15-01-2024,Limerick,Homeware,Kitchenware,618.78,3,0.15,154.84
100084,06/06/2024,Cork,Grocery,Dairy,57.62,2,0.2,8.84
106293,06/05/2025,Galway,Homeware,Lighting,1035.12,4,,334.73
103452,06-12-2025,Dublin,Electronics,Headphones,1281.27,2,0,488.77
105500,2025-04-28,Dublin,Homeware,Bedding,263.03,3,0,88.64
105457,14/02/2024,Dublin,Clothing,Womenswear,130.92,2,0,50.55
105406,2024-02-25,Galway,Homeware,Bedding,167.82,3,0.05,66.24
100327,21-07-2025,Galway,Grocery,Beverages,13.3,1,0,4.94
104241,17-10-2024,Galway,Electronics,Smart Home,885.82,2,0,350.77
101113,2024-10-23,Galway,Homeware,Bedding,439.76,2,0.2,
106176,25-08-2024,Galway,Homeware,Kitchenware,25.06,1,0.15,2.59
103661,2025-01-07,Dublin,Electronics,Mobile Accessories,699.75,4,0,184.17
102338,03/10/2024,Cork,Grocery,Beverages,73.5,2,0,27.87
104763,22/03/2024,Galway,Homeware,Kitchenware,247.83,1,,66.04
104244,14/02/2025,Dublin,Electronics,Headphones,534.82,2,0,197.21
104598,04-10-2024,Cork,Homeware,Furniture,469.82,2,0.15,51.82
103785,22-02-2024,Dublin,Grocery,Beverages,56.3,3,0,15.72
102567,24/09/2024,Galway,Clothing,Footwear,70.68,3,0.2,9.55
103055,2025-09-17,Limerick,Homeware,Storage,297.43,1,0.05,59.8
106399,16/06/2025,Dublin,Electronics,Headphones,679.32,1,,152.26
103422,2025-11-08,Dublin,Electronics,Laptops,1944.75,2,0.2,102.96
102610,19-11-2025,Dublin,Electronics,Smart Home,1055.58,4,0,424.86
101714,2024-04-12,Cork,Grocery,Fresh Produce,41.16,2,0.1,14.06
104212,11/12/2025,Dublin,Grocery,Fresh Produce,22.77,1,0,9.71
104995,02-11-2025,Limerick,Grocery,Beverages,15.37,1,0,6.34
100250,19-12-2025,Limerick,Electronics,Headphones,2123.52,3,0.15,486.28
101991,17-07-2024,Galway,Grocery,Fresh Produce,17.62,1,0,4.97
103596,2024-08-11,Dublin,Grocery,Bakery,3.42,1,0.1,1.17
105475,02-02-2024,Cork,Electronics,TVs,283.15,1,0.05,106.05
102184,11-10-2025,Dublin,Homeware,Bedding,1220.75,4,0,405.55
100416,2024-01-20,Galway,Electronics,TVs,1547.24,4,0.1,475.7
103085,2025-07-15,Galway,Electronics,Headphones,363.02,1,0,136.79
103690,2025-04-13,Galway,Electronics,Headphones,1749.16,4,0,516.75
100214,2024-09-07,Galway,Clothing,Footwear,34.25,1,0.2,2.65
103723,08/01/2025,Galway,Clothing,Menswear,208.56,2,0.1,31.88
102396,29-05-2025,Dublin,Electronics,TVs,374.05,1,0,144.98
105825,2024-08-31,Dublin,Clothing,Menswear,138.47,3,0,41.34
105348,05-07-2024,Dublin,Grocery,Bakery,34.78,2,0,13.22
100019,2024-08-07,Cork,Clothing,Womenswear,325.99,4,0.05,117.98
100889,15-11-2025,Limerick,Homeware,Kitchenware,504.53,2,0.05,174.19
101810,25/12/2024,Limerick,Electronics,Headphones,136.65,1,0,44.81
100732,14/05/2025,Dublin,Electronics,TVs,84.85,2,0,28.79
101152,19-08-2024,Dublin,Electronics,Laptops,768.75,4,0.2,126.66
103276,2025-01-31,Cork,Electronics,TVs,245.98,1,0,71.29
101699,2024-05-22,Dublin,Electronics,Headphones,219.51,2,0,93.09
101848,15/01/2025,Dublin,Electronics,TVs,1323.54,2,0.15,274.3
106271,10/08/2024,Galway,Clothing,Menswear,35.65,1,0.15,9.53
101077,03-12-2024,Limerick,Electronics,Laptops,1867.43,4,0.1,315.85
104306,05/05/2025,Dublin,Electronics,Smart Home,629.74,2,0.1,213.53
103679,27-11-2024,Cork,Clothing,Womenswear,303.18,2,0.15,44.57
106454,14/11/2024,Dublin,Clothing,Accessories,356.65,2,0,154.54
101199,2025-03-19,Limerick,Homeware,Storage,85.68,1,0.1,21.18
105424,2025-01-27,Limerick,Electronics,TVs,382.03,1,0,139.47
100014,2025-06-27,Limerick,Grocery,Snacks,3.29,1,0.2,0.29
106216,31-10-2024,Dublin,Grocery,Snacks,119.44,3,0.05,40.96
104509,19-07-2024,Galway,Clothing,Womenswear,229.11,3,0,69.42
104825,2024-10-03,Dublin,Grocery,Bakery,24.38,1,0.2,5.34
102091,19/01/2025,Limerick,Grocery,Beverages,86.83,3,0,24.08
105510,11-10-2024,Galway,Electronics,TVs,619.09,1,0,164.79
103986,05-11-2025,Dublin,Electronics,Mobile Accessories,79.6,1,0.15,10.74
105344,07/05/2025,Dublin,Grocery,Snacks,24.66,4,0,7.0
102195,15/08/2024,Dublin,Electronics,Headphones,280.95,1,0.1,90.27
100857,13-03-2025,Dublin,Grocery,Dairy,133.76,3,0.05,37.83
105977,29-05-2024,Galway,Electronics,TVs,844.66,2,0,371.91
103107,2024-01-24,Galway,Homeware,Furniture,286.28,1,0.1,79.13
102723,29-10-2024,Dublin,Electronics,Mobile Accessories,1030.54,2,0.2,125.21
102447,2025-02-18,Dublin,Grocery,Snacks,80.98,2,0,25.7
106210,18-06-2024,Galway,Electronics,Mobile Accessories,559.46,2,0,147.51
100533,2024-09-07,Limerick,Grocery,Dairy,124.27,4,0.2,25.91
100314,2025-01-02,Limerick,Electronics,Mobile Accessories,1234.44,2,0,416.47
105016,22-10-2024,Cork,Electronics,Smart Home,214.37,2,0,70.0
103448,25/07/2025,Cork,Grocery,Dairy,25.48,2,0.1,5.8
104663,28/09/2024,Cork,Grocery,Fresh Produce,14.62,1,0.1,4.09
101135,2024-08-08,Cork,Homeware,Kitchenware,17.39,1,0.2,1.08
106373,25/12/2024,Cork,Grocery,Bakery,49.0,4,,9.49
103706,12/03/2024,Dublin,Grocery,Beverages,34.94,1,0.05,13.82
104748,07/12/2024,Dublin,Electronics,TVs,2028.5,2,0.2,496.57
104664,2025-04-30,Dublin,Homeware,Kitchenware,125.81,1,0.1,34.26
104771,02-01-2025,Dublin,Grocery,Snacks,34.86,1,0.15,3.57
105607,2024-12-02,Limerick,Grocery,Beverages,14.46,3,0,5.73
101270,11-05-2024,Dublin,Grocery,Dairy,31.51,1,0.05,9.5
104619,2024-12-19,Galway,Clothing,Womenswear,562.63,4,0,151.07
103572,06/09/2025,Cork,Electronics,Smart Home,232.25,4,0.05,49.5
101402,2024-02-11,Dublin,Electronics,Laptops,387.41,2,0,147.26
102387,04/08/2024,Dublin,Grocery,Fresh Produce,75.85,4,0.05,16.57
105360,2025-04-28,Dublin,Electronics,TVs,1214.17,2,0,320.05
103382,19/07/2025,Limerick,Homeware,Bedding,830.76,3,0.2,113.75
101287,20-06-2025,Dublin,Clothing,Womenswear,94.27,1,0.2,21.21
104512,2024-07-16,Dublin,Electronics,Headphones,558.12,1,0.15,70.79
102708,08/08/2025,Dublin,Electronics,Headphones,1261.89,2,0,361.12
101552,13/11/2024,Galway,Electronics,Headphones,531.26,1,0,143.57
100071,2025-05-18,Dublin,Electronics,Laptops,271.97,2,0,117.75
100713,02-03-2025,Limerick,Homeware,Lighting,206.3,1,0,81.11
105210,26/04/2024,Limerick,Grocery,Snacks,41.86,2,0.15,7.59
103531,06/01/2024,Cork,Electronics,Mobile Accessories,129.0,1,0.1,23.77
106407,21-04-2024,Dublin,Homeware,Kitchenware,173.18,1,0.2,13.68
106195,03-01-2024,Cork,Homeware,Lighting,103.64,2,0,43.52
106395,13/12/2025,Cork,Grocery,Snacks,24.47,1,0,7.69
106221,2025-11-10,Dublin,Grocery,Dairy,22.57,2,0,7.92
102090,13/10/2025,Dublin,Electronics,Headphones,289.67,1,0.2,58.56
106109,2024-05-17,Limerick,Electronics,Headphones,558.21,1,,131.3
102185,24/09/2025,Limerick,Homeware,Furniture,291.02,2,0.15,70.44
105499,07/08/2025,Dublin,Clothing,Footwear,63.64,3,0.1,16.72
104787,2024-02-08,Cork,Grocery,Bakery,74.78,2,0.2,17.55
102814,16/08/2025,Galway,Grocery,Snacks,15.06,1,0,6.45
105493,11/04/2025,Dublin,Electronics,Mobile Accessories,946.22,2,0,261.98
104846,10/01/2024,Dublin,Grocery,Fresh Produce,12.03,2,0,3.22
106244,19/04/2024,Dublin,Homeware,Kitchenware,1340.3,4,0,519.95
103759,06/09/2024,Dublin,Grocery,Dairy,7.62,3,0,3.02
105014,08/05/2025,Dublin,Clothing,Kidswear,184.3,2,0,72.71
100035,30/08/2024,Limerick,Homeware,Lighting,43.83,3,0,12.87
103378,08/11/2024,Cork,Electronics,Mobile Accessories,133.33,2,0,54.92
105759,25-12-2024,Dublin,Clothing,Footwear,83.24,1,0.05,27.71
102987,2025-12-04,Limerick,Clothing,Kidswear,72.42,1,0.15,20.03
104727,27-04-2024,Limerick,Clothing,Kidswear,81.77,1,0.2,18.35
101852,2025-07-18,Dublin,Grocery,Dairy,31.46,4,0,13.31
102833,05-02-2025,Dublin,Electronics,Smart Home,34.74,1,0.2,7.42
103915,06-08-2024,Cork,Clothing,Womenswear,44.98,1,0.1,7.51
103653,2025-07-31,Cork,Homeware,Furniture,431.08,2,0,109.63
103350,04-05-2024,Galway,Homeware,Bedding,708.8,4,0,284.51
105409,2025-03-21,Limerick,Clothing,Womenswear,14.17,1,0.1,3.99
101274,05/07/2024,Dublin,Electronics,Laptops,145.11,1,0,48.7
104421,08-04-2024,Dublin,Homeware,Lighting,683.79,3,0,220.78
104938,2025-05-24,Cork,Grocery,Beverages,55.46,2,0.15,16.59
103772,30-10-2025,Dublin,Electronics,TVs,170.03,1,0,53.03
105893,08/08/2024,Dublin,Grocery,Beverages,10.65,1,0,4.34
100921,15/03/2025,Dublin,Homeware,Storage,73.82,1,0.2,16.76
105072,20-09-2024,Galway,Electronics,Mobile Accessories,1225.62,2,0.15,318.23
100759,26-05-2024,Dublin,Clothing,Menswear,129.86,1,0,52.84
101275,14/08/2025,Dublin,Homeware,Lighting,371.8,2,0.05,139.96
100269,26-11-2025,Galway,Homeware,Lighting,387.02,1,0.2,45.99
100499,07/12/2025,Galway,Electronics,TVs,596.97,1,0.15,82.58
104077,2024-01-22,Dublin,Grocery,Fresh Produce,56.95,2,0.1,18.19
102521,2025-02-13,Cork,Electronics,Smart Home,974.97,3,0.05,324.64
104627,31-08-2025,Dublin,Grocery,Bakery,2.79,1,0.15,0.76
103834,30-08-2024,Dublin,Electronics,Headphones,151.61,2,0.2,19.64
105291,09-08-2024,Galway,Grocery,Bakery,56.63,2,0.05,14.02
104288,18/06/2025,Galway,Clothing,Menswear,94.07,1,0,30.36
104963,29-07-2025,Dublin,Clothing,Womenswear,35.55,1,0.1,6.28
100968,21/02/2025,Limerick,Electronics,TVs,529.68,1,0,176.15
105391,30-01-2025,Limerick,Grocery,Beverages,28.3,3,0.15,5.09
102415,31/10/2024,Dublin,Clothing,Menswear,58.77,2,0.2,7.11
100445,04/07/2025,Galway,Grocery,Snacks,77.42,2,0.05,19.05
105858,30/06/2025,Cork,Homeware,Storage,287.56,1,0.15,36.3
106357,14-01-2025,Galway,Homeware,Bedding,32.16,1,,13.8
105041,07/03/2024,Dublin,Electronics,Mobile Accessories,469.97,1,0,137.09
105973,16-06-2025,Dublin,Grocery,Bakery,78.98,2,0.15,13.11
105667,30-06-2024,Cork,Homeware,Lighting,324.6,2,0.1,104.31
102093,2025-12-06,Cork,Homeware,Bedding,444.84,2,0.2,85.5
102948,24/11/2024,Galway,Homeware,Bedding,282.18,2,0.05,69.89
106460,26/07/2024,Galway,Grocery,Bakery,44.84,2,0.05,16.33
102098,08-09-2025,Dublin,Electronics,Mobile Accessories,335.27,1,0,145.15
101910,22/03/2024,Galway,Homeware,Bedding,273.96,2,0.15,40.29
100113,01/02/2024,Dublin,Clothing,Footwear,64.1,1,0.05,16.51
104801,05-11-2024,Galway,Homeware,Kitchenware,256.98,2,0.15,52.52
105812,27/09/2024,Limerick,Grocery,Snacks,52.61,2,0.2,
104042,2024-09-06,Cork,Grocery,Fresh Produce,7.56,3,0.05,1.89
101235,17-10-2024,Limerick,Grocery,Beverages,41.95,1,0,16.57
104306,05/05/2025,Dublin,Electronics,Smart Home,629.74,2,0.1,213.53
105609,26-10-2025,Limerick,Grocery,Beverages,16.86,1,0.05,3.97
103170,26-08-2024,Limerick,Homeware,Kitchenware,328.69,2,0.2,48.34
100372,24/03/2025,Limerick,Grocery,Fresh Produce,19.39,1,0,8.28
106044,2024-02-13,Dublin,Clothing,Kidswear,253.71,2,0,68.26
102853,2025-03-01,Dublin,Homeware,Lighting,555.5,4,0.15,74.07
106105,17/03/2025,Galway,Electronics,Smart Home,790.78,2,0,232.18
105330,15-04-2025,Limerick,Electronics,TVs,298.44,2,0,115.96
102582,2025-05-18,Cork,Grocery,Bakery,14.97,3,0.15,1.78
105005,27-04-2025,Dublin,Electronics,Headphones,85.31,2,0.2,14.31
100690,06-01-2025,Cork,Grocery,Beverages,5.6,2,0,1.58
104747,2024-04-08,Limerick,Grocery,Beverages,26.02,1,0.2,5.56
102955,16/05/2025,Cork,Homeware,Lighting,1165.4,4,0.1,362.31
102592,2024-12-03,Galway,Homeware,Bedding,1155.71,3,0.15,249.92
105804,20-05-2025,Dublin,Electronics,Laptops,1391.82,2,0.05,366.25
101601,10-02-2025,Cork,Grocery,Fresh Produce,97.16,4,0.05,35.08
100803,22/01/2024,Galway,Homeware,Lighting,199.91,1,0,52.53
105459,2025-12-04,Cork,Electronics,Mobile Accessories,832.14,2,0,331.98
105524,27/01/2025,Limerick,Electronics,TVs,1168.83,3,0.05,241.55
104067,14/06/2025,Galway,Grocery,Fresh Produce,25.86,1,0.1,8.28
102062,30-06-2025,Galway,Electronics,Headphones,290.52,2,0.1,76.6
106130,30/11/2025,Dublin,Homeware,Furniture,1060.8,4,0,305.79
106444,2025-12-28,Dublin,Clothing,Womenswear,445.58,4,,155.4
105112,2024-09-14,Cork,Homeware,Lighting,59.92,1,0.2,6.14
104389,17-09-2024,Galway,Clothing,Footwear,28.89,1,0.1,9.95
104856,2025-11-29,Dublin,Clothing,Kidswear,93.94,1,0.05,22.02
102499,24/08/2024,Galway,Electronics,TVs,1021.8,4,0,407.21
100740,2024-04-23,Limerick,Electronics,TVs,51.23,1,0,16.6
104526,01/02/2025,Limerick,Homeware,Kitchenware,167.78,1,0.2,10.2
100549,10-04-2024,Galway,Homeware,Bedding,440.26,2,0.05,113.26
100433,2025-05-03,Galway,Electronics,Mobile Accessories,797.86,2,0.05,278.01
105079,04-09-2024,Limerick,Electronics,Headphones,1473.87,3,0,470.35
105133,07/04/2024,Limerick,Homeware,Bedding,431.28,4,0.1,126.6
104221,10/12/2025,Dublin,Grocery,Beverages,91.22,2,0.2,17.7
101830,01-09-2025,Cork,Grocery,Dairy,82.83,3,0,22.14
100384,2024-09-17,Cork,Homeware,Kitchenware,559.52,2,0,200.64
104003,14/06/2024,Galway,Grocery,Snacks,96.27,3,0.1,15.56
104489,03-07-2024,Dublin,Clothing,Womenswear,232.05,2,0.15,29.54
103330,23-08-2025,Dublin,Electronics,Laptops,997.7,2,0.05,346.5
106087,2025-05-25,Dublin,Electronics,Smart Home,1198.74,2,0,451.07
106181,2024-12-07,Dublin,Electronics,Headphones,1687.55,3,0,584.66
105262,2025-09-18,Galway,Clothing,Accessories,75.99,1,0.1,15.59
106310,21/06/2025,Cork,Homeware,Kitchenware,127.91,1,0,49.88
102659,01/06/2024,Dublin,Clothing,Footwear,191.84,2,0.15,50.35
105451,14-11-2025,Galway,Homeware,Kitchenware,731.64,4,0.2,99.83
106346,2024-11-04,Galway,Homeware,Lighting,276.33,1,0,120.72
100175,24-09-2025,Cork,Clothing,Accessories,40.44,1,0.05,14.2
106429,2025-07-18,Galway,Electronics,TVs,557.32,4,0,171.47
100160,08/09/2025,Limerick,Homeware,Storage,95.19,1,0,36.59
106186,19-05-2025,Galway,Grocery,Fresh Produce,59.6,2,0,26.54
102809,22-03-2025,Limerick,Electronics,Smart Home,199.88,1,0,52.3
101379,2025-02-16,Cork,Clothing,Footwear,75.3,3,0.2,13.02
103720,02/12/2025,Galway,Clothing,Kidswear,66.09,1,0.2,14.18
104094,12/08/2025,Dublin,Electronics,Laptops,635.41,2,0,214.53
106409,07/12/2025,Dublin,Homeware,Lighting,265.65,1,,98.91
103997,18-11-2025,Cork,Electronics,Headphones,144.31,1,0.1,24.33
101092,21-04-2024,Cork,Grocery,Dairy,39.22,2,0.15,7.31
101127,03-07-2024,Limerick,Homeware,Furniture,407.42,2,0.2,50.52
102628,14-12-2025,Cork,Clothing,Menswear,288.32,2,0,90.7
100090,28/09/2024,Dublin,Clothing,Menswear,475.64,4,0.15,60.94
102211,27-08-2024,Dublin,Electronics,Mobile Accessories,1281.36,3,0,443.49
106165,2025-05-30,Cork,Electronics,Laptops,145.69,1,0.15,28.23
105317,2024-10-13,Cork,Grocery,Fresh Produce,34.98,1,0,9.82
101123,2024-02-09,Cork,Grocery,Bakery,101.91,3,0.2,7.59
102487,09-10-2025,Cork,Grocery,Bakery,7.15,1,0.15,1.45
100302,2024-06-08,Dublin,Clothing,Footwear,49.65,1,0.1,13.82
102161,15/08/2024,Limerick,Electronics,Smart Home,423.0,1,0,185.2
101730,11/06/2024,Galway,Electronics,Mobile Accessories,168.84,2,0.2,39.38
100863,08-01-2024,Galway,Electronics,Headphones,627.68,4,0,235.3
104850,03/02/2025,Dublin,Clothing,Kidswear,96.74,1,0,30.57
103630,30-09-2025,Dublin,Electronics,TVs,699.41,1,0,227.01
103993,13-09-2025,Galway,Homeware,Furniture,136.76,1,0.15,21.99
102136,08-06-2024,Cork,Clothing,Menswear,43.85,1,0.1,12.39
104014,07/05/2025,Dublin,Grocery,Snacks,83.49,2,0.15,24.02
102401,09-12-2024,Limerick,Grocery,Fresh Produce,185.88,4,0,77.39
106090,01/02/2025,Dublin,Electronics,TVs,42.33,1,0.15,10.41
101176,2025-01-16,Cork,Electronics,Mobile Accessories,764.46,3,0,211.09
106120,18-02-2025,Dublin,Electronics,TVs,1515.01,4,0.2,203.87
101198,21-03-2024,Dublin,Grocery,Snacks,19.81,1,0.15,4.93
106009,26/07/2025,Cork,Homeware,Bedding,207.7,2,0.05,62.17
103774,12/11/2024,Cork,Grocery,Fresh Produce,58.52,4,0.2,13.4
106052,21/02/2025,Galway,Homeware,Bedding,1152.92,4,0.2,279.35
103331,2024-05-06,Galway,Homeware,Lighting,105.56,2,0.05,34.61
104717,25-01-2024,Cork,Grocery,Bakery,22.0,1,0,6.29
103944,10-12-2024,Cork,Homeware,Bedding,103.36,1,0,28.26
100734,03/06/2025,Dublin,Grocery,Dairy,118.78,3,0.15,24.51
104734,2024-12-27,Galway,Homeware,Furniture,835.46,3,0.2,164.33
105401,26-05-2025,Dublin,Grocery,Beverages,70.95,2,0,30.76
103340,19-02-2024,Dublin,Homeware,Bedding,494.98,2,0.05,173.94
103295,24-02-2024,Limerick,Electronics,Laptops,835.36,2,0,295.23
103223,01/12/2025,Cork,Grocery,Dairy,75.18,2,0,31.7
104023,12-07-2024,Dublin,Grocery,Fresh Produce,24.68,1,0.05,7.88
103716,2025-12-04,Dublin,Electronics,Headphones,939.13,1,0.05,290.86
101565,2024-11-02,Galway,Clothing,Womenswear,476.28,4,0,169.2
100717,12-02-2025,Dublin,Homeware,Bedding,282.14,2,0,90.44
100121,27/01/2024,Cork,Grocery,Fresh Produce,26.58,3,0.2,5.0
102580,06-12-2025,Galway,Electronics,Mobile Accessories,903.41,1,0.15,237.6
106368,19/04/2024,Dublin,Homeware,Furniture,191.18,1,0,49.2
102056,2024-05-16,Dublin,Homeware,Kitchenware,319.6,1,0.15,41.72
105214,07-07-2024,Dublin,Grocery,Dairy,78.57,2,0.15,21.88
103542,11/06/2024,Cork,Homeware,Furniture,235.13,1,0,88.68
103283,22/02/2024,Dublin,Homeware,Bedding,699.66,4,0.05,187.81
103245,13-07-2025,Limerick,Grocery,Beverages,138.53,4,0.1,36.11
101729,2024-05-22,Dublin,Clothing,Menswear,302.4,4,0.1,54.78
104497,08/02/2024,Dublin,Grocery,Bakery,130.86,3,0.1,41.64
101523,2024-01-04,Limerick,Electronics,Mobile Accessories,628.21,1,0.2,100.35
106207,17-07-2025,Cork,Electronics,Mobile Accessories,270.44,1,0,120.35
100577,20/09/2024,Dublin,Electronics,TVs,308.5,2,0.15,83.22
105343,06-01-2025,Galway,Homeware,Furniture,158.94,1,0.15,24.81
105357,22/03/2024,Dublin,Homeware,Lighting,988.56,3,0.05,220.36
104296,06-01-2024,Cork,Electronics,Mobile Accessories,490.81,2,0,186.55
101689,02-09-2025,Cork,Clothing,Menswear,95.97,3,0.2,17.72
101361,18-05-2024,Cork,Clothing,Womenswear,81.72,4,0.15,21.29
100551,15/11/2024,Cork,Homeware,Furniture,95.42,1,0,32.78
104645,22-04-2025,Galway,Grocery,Bakery,30.24,1,0,10.3
106245,2025-12-14,Dublin,Electronics,Laptops,3872.37,4,0.05,795.46
101272,19-08-2024,Dublin,Grocery,Beverages,56.69,2,0.15,10.31
104218,27/07/2024,Cork,Clothing,Menswear,49.1,1,0.05,11.67
100285,02/03/2024,Limerick,Clothing,Accessories,120.27,3,0.1,23.64
104532,10-11-2024,Dublin,Clothing,Womenswear,151.95,2,0.2,28.54
104741,11-02-2025,Cork,Electronics,Smart Home,216.17,3,0.15,36.27
101653,21/11/2024,Galway,Electronics,Smart Home,1794.32,3,0.15,253.93
100337,13/04/2024,Galway,Grocery,Snacks,36.12,3,0.05,10.32
100118,23/07/2025,Dublin,Grocery,Fresh Produce,81.01,4,0.15,9.05
102715,07/07/2024,Cork,Electronics,Laptops,307.04,2,0.2,21.2
101678,2024-04-04,Dublin,Electronics,Headphones,804.4,2,0,283.22
102281,2024-09-06,Cork,Clothing,Footwear,196.08,2,0,54.01
104100,03-06-2025,Cork,Homeware,Furniture,170.01,1,,46.78
101271,12/05/2024,Galway,Homeware,Bedding,603.51,3,0,185.0
104283,30-05-2024,Galway,Electronics,Headphones,287.13,1,0,111.08
100029,10-06-2024,Cork,Grocery,Dairy,157.56,4,0.15,30.6
104704,27/09/2025,Limerick,Electronics,TVs,230.81,1,0,67.95
104088,11/08/2025,Dublin,Clothing,Footwear,223.08,3,0.1,68.1
104064,2024-10-04,Galway,Homeware,Furniture,865.53,3,0.2,204.31
101243,25-01-2024,Dublin,Clothing,Kidswear,243.22,3,0,70.66
101727,26-08-2024,Galway,Grocery,Snacks,22.82,3,0.15,2.43
105811,18-02-2024,Cork,Homeware,Kitchenware,230.56,1,0.15,51.15
103092,2024-11-02,Galway,Grocery,Snacks,18.52,1,0,7.78
103162,2025-02-02,Galway,Grocery,Beverages,8.53,1,0.05,3.03
106037,2025-10-16,Cork,Grocery,Fresh Produce,10.62,2,0,3.89
101826,2024-08-27,Dublin,Grocery,Fresh Produce,27.31,1,0,8.65
104959,12/06/2024,Cork,Electronics,Smart Home,856.66,4,0,233.66
101847,2025-06-21,Galway,Clothing,Menswear,169.76,2,0,61.67
104437,13-12-2024,Cork,Clothing,Menswear,285.6,3,0.2,42.09
102332,28/06/2024,Limerick,Grocery,Beverages,11.06,2,,2.52
102783,24-05-2024,Limerick,Clothing,Footwear,113.17,1,0,32.59
100464,19/06/2024,Dublin,Electronics,Headphones,1404.15,2,0.1,476.34
105809,2025-05-12,Galway,Clothing,Accessories,359.92,4,0,125.31
100748,25/09/2025,Cork,Grocery,Snacks,31.47,1,0,13.93
100078,22-01-2024,Limerick,Grocery,Dairy,16.94,4,0,6.03
102698,2024-01-18,Dublin,Clothing,Womenswear,178.92,2,0,47.79
105535,11-08-2024,Galway,Grocery,Fresh Produce,101.16,3,0,31.36
103176,12-10-2025,Galway,Electronics,Laptops,804.04,2,0.1,206.04
104479,2025-09-25,Dublin,Electronics,Headphones,1390.63,2,0,381.99
104404,2024-07-03,Galway,Homeware,Bedding,217.64,1,0,56.01
103205,28-12-2024,Limerick,Electronics,TVs,116.06,1,0.1,39.35
100135,18-04-2025,Cork,Electronics,Smart Home,652.48,2,0.15,171.18
101349,08-04-2025,Cork,Clothing,Footwear,48.72,1,0.15,10.73
103342,29/06/2025,Cork,Grocery,Beverages,76.4,2,0.1,25.22
101608,03-08-2024,Limerick,Grocery,Beverages,31.1,1,,12.49
102494,13/08/2024,Limerick,Grocery,Fresh Produce,66.52,2,0,16.72
101432,24/02/2025,Dublin,Homeware,Storage,1196.87,4,0,314.65
102000,28-10-2024,Cork,Electronics,TVs,826.2,3,0,263.78
101679,2024-01-25,Cork,Clothing,Footwear,66.09,1,0.15,13.8
105918,25/03/2025,Dublin,Homeware,Kitchenware,736.78,3,0.05,199.04
101950,20-09-2025,Dublin,Electronics,Smart Home,2573.29,4,0.2,393.85
101279,25-03-2024,Limerick,Homeware,Lighting,495.62,2,0,
100275,07/10/2024,Dublin,Grocery,Beverages,17.7,3,0.15,4.72
105131,08/08/2025,Cork,Homeware,Kitchenware,13.64,1,0.05,2.89
102868,2025-04-14,Dublin,Homeware,Bedding,127.17,1,0,47.06
106193,08-03-2025,Cork,Grocery,Beverages,4.5,1,0,1.37
106229,12-10-2024,Limerick,Homeware,Bedding,97.51,1,0,41.72
102253,11/08/2025,Cork,Homeware,Storage,124.37,1,0.1,28.28
103740,16/03/2024,Cork,Homeware,Lighting,285.98,1,,70.61
101088,26-03-2025,Cork,Clothing,Menswear,41.52,4,0,16.44
104555,16/01/2024,Galway,Grocery,Bakery,27.5,2,0.05,7.15
103895,26/08/2025,Dublin,Clothing,Accessories,99.51,2,0.1,30.92
100679,10-11-2025,Cork,Homeware,Lighting,354.68,2,0.1,
105534,17-08-2025,Dublin,Clothing,Womenswear,99.91,3,0.05,31.51
105332,2024-04-06,Dublin,Electronics,Mobile Accessories,631.49,1,0,204.72
102526,09/01/2024,Cork,Homeware,Storage,1043.44,4,0,271.27
104733,01-04-2025,Dublin,Homeware,Storage,574.94,3,0,159.13
100637,18-07-2024,Cork,Homeware,Furniture,66.76,1,0.1,12.02
100126,28/07/2024,Dublin,Homeware,Bedding,266.35,1,0,113.47
101610,17/02/2024,Dublin,Grocery,Dairy,33.94,1,0,
105304,14/03/2024,Dublin,Electronics,Headphones,870.57,2,0.05,336.05
103506,2024-02-14,Dublin,Clothing,Menswear,166.13,2,0.2,8.76
101801,15/03/2024,Galway,Grocery,Beverages,21.4,1,0.05,6.48
105783,07-01-2024,Cork,Clothing,Kidswear,184.28,2,0,58.98
100571,2024-08-30,Galway,Grocery,Snacks,63.26,2,0,28.04
104950,05-11-2024,Galway,Clothing,Womenswear,131.33,1,0,51.56
104996,2025-09-02,Cork,Electronics,Mobile Accessories,124.41,4,0.1,26.75
103006,2025-10-12,Dublin,Electronics,Smart Home,524.58,2,0.15,114.86
102742,03/05/2024,Galway,Electronics,TVs,823.52,2,0,315.47
105624,21/01/2025,Dublin,Clothing,Menswear,279.93,3,0,120.68
101736,27-08-2025,Dublin,Homeware,Storage,399.64,2,0.1,127.85
100120,23-07-2025,Dublin,Grocery,Dairy,24.36,2,0.2,3.36
102830,07/05/2025,Dublin,Electronics,TVs,725.1,1,0.1,195.59
106267,01-12-2025,Cork,Clothing,Menswear,85.18,1,0,29.61
106107,16/04/2025,Galway,Electronics,Smart Home,164.82,1,0.1,47.38
102844,03-05-2025,Cork,Homeware,Storage,273.75,1,0.1,43.0
102679,2025-05-16,Cork,Clothing,Footwear,13.46,1,0.05,4.5
105163,18-06-2025,Cork,Homeware,Furniture,317.38,2,0,107.45
104286,2024-03-06,Cork,Clothing,Menswear,208.5,2,0,67.54
106072,10/07/2024,Galway,Clothing,Accessories,25.6,1,0.15,6.34
101034,27-07-2024,Dublin,Grocery,Dairy,14.88,1,0,6.15
104210,01-12-2024,Limerick,Grocery,Beverages,68.28,2,0.1,13.32
103388,26-01-2025,Limerick,Electronics,TVs,188.1,1,0.2,46.56
104326,04-04-2024,Cork,Clothing,Womenswear,283.8,3,0,93.04
101994,2025-04-14,Dublin,Clothing,Kidswear,80.41,1,0,22.68
106455,2025-05-23,Cork,Grocery,Snacks,19.0,1,0,6.65
104624,08/02/2024,Galway,Clothing,Menswear,90.77,1,0.05,22.53
104316,2024-08-09,Galway,Grocery,Dairy,14.89,1,0.05,3.03
102669,2025-04-03,Dublin,Clothing,Footwear,232.02,2,0.05,59.03
101236,2024-04-24,Limerick,Homeware,Lighting,23.78,2,0.05,7.15
105458,2024-03-08,Cork,Electronics,Headphones,286.14,1,0.2,70.66
101691,25-02-2024,Cork,Homeware,Kitchenware,266.18,1,0.2,37.04
101482,25/05/2024,Dublin,Homeware,Lighting,191.7,2,0.05,49.35
100448,16-12-2024,Dublin,Homeware,Lighting,162.64,1,0.1,48.17
104523,03/02/2024,Dublin,Homeware,Lighting,658.63,2,0,251.92
105506,2025-03-19,Dublin,Homeware,Lighting,182.4,1,0,69.66
104000,20/02/2025,Limerick,Electronics,Laptops,583.32,1,0.2,72.72
101343,28-02-2024,Dublin,Electronics,Smart Home,401.1,1,0.1,82.59
100465,16-04-2024,Dublin,Homeware,Kitchenware,459.77,2,0,185.81
105611,23/07/2024,Limerick,Homeware,Storage,387.88,2,0.15,61.2
105428,22/12/2024,Dublin,Grocery,Beverages,16.68,4,0,7.08
104550,29-08-2025,Dublin,Clothing,Kidswear,15.72,1,0,5.91
102604,2024-01-07,Dublin,Clothing,Accessories,81.26,2,0.1,18.48
106239,2024-05-12,Cork,Homeware,Bedding,211.22,1,0.1,65.49
106252,04/03/2024,Cork,Homeware,Storage,247.62,3,0.15,48.1
105794,23-04-2024,Dublin,Clothing,Menswear,105.85,2,0.15,16.68
105634,18/12/2025,Dublin,Clothing,Menswear,209.24,2,0.15,52.69
100393,14-04-2024,Cork,Homeware,Storage,245.56,2,0.2,22.26
103730,03/05/2024,Dublin,Grocery,Snacks,83.77,3,0.2,20.78
101704,24-12-2024,Galway,Electronics,Headphones,739.69,1,0.15,123.24
105350,2025-10-12,Cork,Homeware,Kitchenware,247.55,1,0,64.18
103988,2024-10-25,Galway,Clothing,Womenswear,13.2,1,,5.18
102397,2024-03-07,Dublin,Clothing,Footwear,78.08,1,0.15,21.8
101237,2024-11-07,Dublin,Clothing,Kidswear,255.8,2,0.2,54.61
103471,15/12/2024,Galway,Clothing,Accessories,137.97,1,0.15,21.07
106352,24/01/2024,Limerick,Grocery,Beverages,56.59,3,0,16.15
102092,07-04-2024,Dublin,Homeware,Furniture,916.18,3,0,263.84
104931,17-10-2025,Cork,Electronics,Headphones,1412.49,4,0.1,366.15
101534,2025-06-21,Cork,Electronics,Mobile Accessories,52.72,1,0.2,9.66
103337,15-08-2025,Cork,Homeware,Bedding,209.75,2,0,61.73
101094,09-07-2025,Dublin,Clothing,Menswear,88.48,1,0,28.15
101137,21-01-2025,Cork,Homeware,Furniture,259.98,1,0,90.76
106171,2025-07-28,Cork,Clothing,Menswear,129.84,2,0,52.4
101583,22/06/2025,Dublin,Electronics,Headphones,221.24,1,0,61.27
103112,17/04/2025,Dublin,Grocery,Dairy,57.71,2,0.1,10.24
103034,29-06-2024,Dublin,Electronics,Laptops,278.89,1,0.1,71.2
104238,2025-08-14,Cork,Grocery,Bakery,44.76,2,0.05,11.42
100774,27-11-2025,Dublin,Grocery,Bakery,78.05,2,0,34.41
100900,06/01/2025,Limerick,Grocery,Bakery,42.02,1,0,18.83
102728,2025-06-04,Limerick,Clothing,Footwear,140.79,3,0.1,31.72
101101,26/05/2024,Dublin,Grocery,Beverages,134.72,3,0,47.94
100128,20/01/2024,Cork,Electronics,Mobile Accessories,423.34,2,0.05,109.26
106057,29-08-2024,Cork,Homeware,Storage,100.57,1,0.15,11.04
100707,2024-06-22,Cork,Grocery,Snacks,7.01,1,0.15,1.36
103262,10/02/2025,Dublin,Grocery,Dairy,17.7,1,0,7.32
103252,06-09-2025,Cork,Grocery,Dairy,114.56,4,0.1,23.67
101323,2025-07-15,Galway,Clothing,Menswear,82.89,1,0,33.22
101194,2024-09-15,Cork,Grocery,Fresh Produce,22.62,1,0,8.56
105545,16-08-2025,Dublin,Grocery,Dairy,9.23,1,0,3.18
105024,04/03/2024,Galway,Clothing,Accessories,418.12,4,0.05,91.37
105287,20/08/2024,Cork,Grocery,Bakery,18.77,3,0.05,6.77
100810,31/03/2025,Cork,Homeware,Storage,43.86,2,0.1,12.4
104208,26/09/2024,Cork,Homeware,Lighting,399.82,2,0,167.14
103678,28-12-2024,Cork,Homeware,Storage,1200.3,4,0,362.52
103805,2024-12-05,Cork,Clothing,Womenswear,73.47,2,0,31.95
104223,2025-04-03,Cork,Clothing,Footwear,95.48,1,0.15,14.14
100506,24/11/2024,Dublin,Electronics,Mobile Accessories,210.56,1,0.1,39.1
104285,10/08/2025,Limerick,Homeware,Kitchenware,203.97,1,0.15,49.0
102318,10-08-2024,Limerick,Clothing,Accessories,259.92,3,0,73.19
101705,2025-08-20,Cork,Electronics,Headphones,157.12,2,0,66.25
104534,12-12-2025,Cork,Clothing,Womenswear,235.82,2,0,101.95
100321,2024-12-05,Galway,Homeware,Furniture,412.85,1,0.15,50.75
105784,24/08/2025,Dublin,Clothing,Accessories,83.35,1,0,32.58
104182,04/12/2024,Dublin,Clothing,Menswear,226.53,2,0.05,57.18
104580,15-12-2025,Galway,Clothing,Accessories,45.11,3,0.1,
104258,03-04-2025,Dublin,Clothing,Menswear,482.22,4,0.05,
102907,27-01-2025,Dublin,Grocery,Snacks,171.9,4,0,47.33
104770,04-01-2024,Limerick,Clothing,Menswear,113.94,1,0,43.64
104204,23-03-2025,Dublin,Grocery,Dairy,14.85,1,0.2,1.6
102385,01-08-2024,Galway,Clothing,Accessories,55.62,2,,18.26
100055,2025-04-10,Dublin,Clothing,Kidswear,424.26,4,0.05,148.3
101089,2024-03-27,Dublin,Clothing,Footwear,23.25,2,0.05,7.24
105426,2024-04-12,Galway,Clothing,Womenswear,286.36,4,0.05,90.56
101703,11-12-2024,Limerick,Grocery,Bakery,12.94,1,0.05,4.84
100951,19/03/2024,Galway,Homeware,Bedding,205.74,2,0.05,52.61
104357,31/10/2024,Galway,Electronics,TVs,1279.22,2,0.05,427.4
106419,2025-11-09,Galway,Electronics,Mobile Accessories,3402.78,4,0,1098.46
103555,20-06-2025,Limerick,Homeware,Kitchenware,404.28,4,0,180.77
100313,12-08-2024,Cork,Clothing,Kidswear,383.32,4,0,158.99
100357,06/08/2025,Limerick,Clothing,Womenswear,110.75,3,0,32.58
102825,2025-07-04,Limerick,Grocery,Bakery,29.7,1,0,10.36
105255,2024-05-09,Limerick,Clothing,Womenswear,156.66,2,0.15,15.69
106174,2025-04-26,Dublin,Clothing,Womenswear,16.49,1,0,7.16
102496,27/10/2024,Cork,Homeware,Bedding,363.28,4,0.1,106.22
106296,2024-10-14,Dublin,Electronics,Mobile Accessories,348.08,2,0.1,60.01
104548,16-02-2025,Dublin,Electronics,Mobile Accessories,1203.84,2,0.05,246.85
102756,2024-01-23,Galway,Grocery,Fresh Produce,54.64,2,0.15,10.17
102658,02/10/2025,Galway,Homeware,Storage,825.08,4,0.1,157.91
105103,01-02-2025,Dublin,Electronics,Headphones,1276.88,3,0,572.62
104272,2025-06-25,Galway,Homeware,Furniture,206.78,1,0.05,68.23
103413,16-04-2025,Limerick,Grocery,Beverages,6.31,2,0.2,1.23
106345,2024-11-02,Dublin,Electronics,TVs,224.85,2,0.1,62.37
103594,07/12/2025,Galway,Electronics,Headphones,440.47,1,0,117.18
106123,30-01-2025,Cork,Grocery,Beverages,24.71,1,0.05,6.21
104254,2025-11-12,Cork,Grocery,Beverages,20.87,1,0.15,5.22
102982,13-09-2025,Limerick,Electronics,Headphones,1801.56,4,0.05,364.12
104200,2024-12-21,Cork,Clothing,Womenswear,71.69,1,0,21.07
103185,2025-11-09,Dublin,Clothing,Womenswear,162.87,2,0,51.05
100554,22-11-2025,Dublin,Clothing,Menswear,56.83,2,0,17.56
105356,16/07/2024,Galway,Clothing,Kidswear,134.86,2,0,50.43
102243,04-06-2024,Limerick,Homeware,Bedding,268.18,2,0.05,64.0
104699,2025-03-30,Dublin,Electronics,Headphones,1093.88,4,0.15,154.98
104459,23-01-2025,Limerick,Grocery,Dairy,96.98,3,0,29.22
100531,03/10/2025,Dublin,Homeware,Bedding,50.69,4,0,22.69
101938,2025-04-04,Galway,Homeware,Bedding,136.6,2,,
104644,06/01/2024,Cork,Clothing,Menswear,140.9,2,0.2,26.67
102758,2024-07-29,Galway,Clothing,Kidswear,77.43,1,0.1,15.34
100364,08-02-2024,Dublin,Grocery,Dairy,59.06,2,0,18.76
105793,2024-07-05,Cork,Clothing,Kidswear,242.76,3,0.1,84.61
103536,2025-03-05,Cork,Grocery,Dairy,13.96,1,0.1,4.68
104797,2024-09-27,Galway,Clothing,Womenswear,71.45,1,0.15,19.12
102201,26/10/2024,Dublin,Electronics,Mobile Accessories,2645.0,4,0,939.83
100116,07/04/2025,Limerick,Clothing,Kidswear,201.34,2,0.05,51.16
103677,20-09-2024,Dublin,Clothing,Womenswear,117.68,1,0,36.35
105032,2025-06-20,Limerick,Grocery,Fresh Produce,5.63,1,0.05,2.16
103567,14/09/2024,Cork,Grocery,Beverages,21.88,1,0,9.26
103623,18-07-2024,Dublin,Clothing,Womenswear,96.65,1,0.2,24.07
103559,14/02/2025,Cork,Clothing,Footwear,449.64,4,0.05,115.15
100742,2025-03-01,Galway,Electronics,Laptops,1093.52,2,0,429.37
101982,18-12-2025,Dublin,Clothing,Footwear,247.25,3,0,90.37
100356,2024-05-02,Limerick,Clothing,Accessories,41.42,1,0.2,3.28
103435,2024-04-14,Dublin,Homeware,Bedding,216.31,2,0,56.93
103241,10/05/2024,Dublin,Grocery,Dairy,50.28,2,0,20.66
101945,2025-10-13,Galway,Grocery,Beverages,35.46,2,0.2,2.96
106041,27/05/2025,Limerick,Homeware,Kitchenware,45.92,2,0.1,9.75
102020,2025-03-29,Galway,Homeware,Storage,489.26,2,0,123.59
103651,2024-07-29,Cork,Grocery,Beverages,38.38,1,0.05,11.48
104628,14/07/2024,Dublin,Homeware,Storage,231.38,1,0,73.47
106022,28/01/2025,Galway,Electronics,Mobile Accessories,175.81,1,0,45.76
100320,09-08-2025,Dublin,Electronics,Laptops,1569.83,4,0.1,480.09
101061,2025-04-20,Dublin,Clothing,Womenswear,25.6,2,0,8.63
105337,2024-10-01,Limerick,Grocery,Dairy,33.16,1,0.2,4.04
106471,2024-07-17,Dublin,Clothing,Kidswear,77.2,1,0.1,16.32
105242,23/10/2025,Cork,Homeware,Bedding,64.91,1,0,24.54
101693,2024-08-30,Cork,Clothing,Menswear,331.33,4,0.2,16.73
104482,2024-07-21,Galway,Homeware,Bedding,500.8,2,,63.55
101267,2024-11-24,Dublin,Electronics,Mobile Accessories,137.85,2,0,41.77
105664,02/10/2025,Dublin,Homeware,Storage,326.06,1,0,97.72
100383,25-10-2024,Cork,Grocery,Fresh Produce,3.74,1,0.05,1.39
104621,15/04/2024,Cork,Grocery,Fresh Produce,43.98,3,0.2,7.55
101772,2024-10-19,Cork,Grocery,Bakery,140.24,4,0,59.98
104828,10-08-2025,Dublin,Homeware,Kitchenware,218.06,1,0.05,55.79
106110,16/03/2024,Dublin,Clothing,Menswear,87.83,1,0.15,17.2
102654,23-04-2025,Dublin,Grocery,Bakery,15.41,1,0,4.83
106194,15/06/2025,Galway,Homeware,Kitchenware,68.87,1,0,20.93
101526,16/12/2024,Dublin,Homeware,Lighting,1915.38,4,0.15,440.01
104911,08/09/2024,Galway,Grocery,Snacks,30.04,2,0,12.27
101696,2025-11-10,Dublin,Grocery,Bakery,97.37,3,0.2,10.03
101968,24/05/2025,Cork,Clothing,Womenswear,202.34,2,0,59.65
103265,30/04/2025,Galway,Electronics,Mobile Accessories,1123.32,3,0,328.17
103890,2024-10-04,Dublin,Clothing,Womenswear,365.94,3,0.1,63.86
104934,2025-09-29,Cork,Electronics,Laptops,363.76,2,0,156.51
101681,25/09/2025,Dublin,Clothing,Footwear,250.15,2,0,76.07
105023,06/11/2024,Dublin,Homeware,Lighting,337.2,2,0,112.27
105576,2024-01-09,Galway,Homeware,Kitchenware,264.58,2,0.05,72.47
105978,02/08/2025,Cork,Electronics,Laptops,1115.89,4,0.2,168.04
102221,15-06-2024,Cork,Electronics,Smart Home,318.54,4,0.1,74.45
102795,31-01-2025,Galway,Grocery,Snacks,23.5,2,0.05,8.0
105935,2024-02-23,Dublin,Homeware,Storage,282.45,1,0,84.5
106070,2024-08-17,Limerick,Grocery,Snacks,35.46,1,0,14.86
100488,02/02/2024,Cork,Clothing,Footwear,200.67,3,0.1,59.96
104037,2024-08-21,Cork,Grocery,Bakery,26.52,4,0.2,5.53
103593,30-09-2024,Dublin,Homeware,Bedding,522.42,2,0.2,47.6
105477,2024-10-19,Cork,Clothing,Footwear,65.67,3,0.05,16.36
101930,2024-07-13,Dublin,Grocery,Snacks,88.85,2,0.05,18.29
106422,21-03-2024,Galway,Electronics,Headphones,611.9,1,0.15,63.87
105376,12/10/2024,Cork,Homeware,Bedding,151.9,2,0.05,32.91
100978,16/08/2024,Dublin,Clothing,Menswear,92.04,2,0.15,17.76
102486,2024-09-08,Dublin,Electronics,Smart Home,745.29,2,0.15,85.36
101964,2024-08-17,Galway,Homeware,Kitchenware,210.37,1,0,58.88
101346,2024-08-31,Galway,Grocery,Beverages,100.06,3,0.05,30.44
102233,01-08-2025,Dublin,Clothing,Kidswear,35.09,2,0.1,12.27
100305,2024-04-06,Cork,Homeware,Kitchenware,53.88,4,0.2,2.88
106347,2025-01-31,Limerick,Electronics,Laptops,219.71,1,0.2,23.55
101614,05/08/2025,Dublin,Grocery,Dairy,5.78,1,0.2,0.87
105569,20-11-2025,Dublin,Homeware,Furniture,62.98,1,0.1,
102049,09-12-2025,Limerick,Homeware,Bedding,877.18,4,0.2,170.49
102616,02-02-2025,Galway,Homeware,Lighting,134.06,1,0,48.55
104896,15-12-2025,Limerick,Homeware,Lighting,295.08,1,0.05,94.12
101085,31-12-2024,Limerick,Homeware,Lighting,303.53,1,0.2,42.41
104496,03/08/2024,Dublin,Grocery,Fresh Produce,74.92,2,0.05,26.33
103672,07/02/2024,Dublin,Electronics,Smart Home,337.87,4,0,122.46
103269,2025-01-09,Cork,Grocery,Dairy,18.16,1,0.2,1.72
100515,15-12-2024,Limerick,Homeware,Kitchenware,620.68,2,0.15,110.18
102643,21/11/2024,Dublin,Grocery,Snacks,16.53,1,0.1,4.98
103456,22-06-2025,Galway,Homeware,Furniture,283.91,1,0.15,60.01
100270,29/12/2025,Dublin,Homeware,Lighting,489.25,2,0.15,120.48
101149,18/06/2024,Dublin,Homeware,Storage,328.99,1,0.1,75.37
103547,11-06-2025,Dublin,Grocery,Dairy,82.39,2,0.2,13.28
102220,2025-12-17,Galway,Clothing,Footwear,31.72,2,0,13.09
105605,2024-12-24,Cork,Electronics,Laptops,62.92,1,0,16.78
103687,17-01-2025,Dublin,Homeware,Furniture,450.48,2,0.2,71.79
103187,2024-03-07,Cork,Clothing,Menswear,194.52,2,0,86.24
104333,2025-04-26,Dublin,Homeware,Storage,176.57,1,0.05,59.34
106316,12/08/2024,Dublin,Grocery,Fresh Produce,27.76,1,0.15,7.95
104906,2025-01-06,Galway,Grocery,Fresh Produce,29.06,1,0.05,11.33
102334,06/03/2024,Cork,Homeware,Lighting,132.52,2,0,38.17
103001,10-07-2024,Dublin,Homeware,Lighting,116.58,1,0.05,41.09
100581,27/08/2024,Dublin,Clothing,Footwear,73.14,2,0.2,11.93
106077,2024-09-10,Limerick,Electronics,TVs,396.31,1,0,140.15
105697,30/10/2025,Dublin,Clothing,Footwear,327.06,4,0,110.77
100417,06/07/2025,Cork,Homeware,Furniture,495.28,4,0.1,100.72
101012,15/03/2025,Galway,Grocery,Bakery,14.28,3,0,5.36
101006,2024-06-05,Dublin,Grocery,Fresh Produce,41.57,1,0,17.55
106129,05-08-2024,Dublin,Electronics,TVs,296.08,1,0.1,74.18
104504,17/10/2025,Cork,Homeware,Bedding,279.56,2,0.2,34.17
105698,04/06/2025,Galway,Grocery,Dairy,30.47,1,0,8.9
100081,10-06-2025,Galway,Electronics,TVs,313.74,1,0,108.65
102774,18-03-2025,Galway,Homeware,Storage,301.95,3,0,111.85
104736,22-09-2024,Galway,Electronics,Mobile Accessories,923.6,2,0.1,252.1
102776,14-03-2025,Cork,Homeware,Furniture,1059.88,4,0,327.88
100511,09-01-2024,Dublin,Grocery,Beverages,40.07,1,0,11.08
102531,24-12-2024,Galway,Clothing,Footwear,74.97,1,0.1,17.1
104118,2024-09-17,Galway,Grocery,Snacks,31.32,2,,14.06
102017,27/12/2024,Galway,Clothing,Accessories,85.71,1,0,24.39
101479,12/09/2025,Cork,Clothing,Kidswear,133.26,2,0,46.56
105831,20-05-2024,Dublin,Clothing,Kidswear,224.18,2,0,99.03
102953,03/02/2025,Limerick,Clothing,Womenswear,21.02,1,0.15,2.24
100729,31/05/2024,Cork,Electronics,Headphones,70.85,1,0.15,11.3
101067,26/11/2025,Cork,Homeware,Bedding,56.81,1,0.15,6.9
100755,26-07-2025,Cork,Clothing,Kidswear,220.32,3,0.05,44.22
100229,18-07-2025,Dublin,Electronics,TVs,1095.65,2,0,489.29
105896,26-05-2024,Limerick,Electronics,Mobile Accessories,263.03,1,0,102.89
103799,23/06/2024,Limerick,Clothing,Womenswear,265.24,4,0.15,45.63
105035,12-11-2024,Dublin,Electronics,Headphones,167.31,2,0.15,29.81
100400,25-09-2025,Cork,Electronics,Headphones,487.4,2,0,131.16
101645,01-12-2024,Cork,Clothing,Accessories,321.86,2,0.1,78.26
105349,31/08/2024,Dublin,Grocery,Dairy,7.41,2,0.05,2.87
106483,2025-02-18,Dublin,Homeware,Furniture,283.26,1,0,73.16
100316,2025-09-20,Dublin,Homeware,Furniture,1002.39,4,,76.54
104366,17/03/2024,Limerick,Grocery,Snacks,30.49,1,0.2,3.33
100402,2025-01-18,Cork,Clothing,Footwear,38.73,3,0,14.95
104674,22/10/2025,Dublin,Homeware,Storage,647.89,2,0.15,117.24
100389,20-07-2025,Cork,Homeware,Bedding,191.01,1,0.15,44.11
105120,14/04/2025,Galway,Homeware,Storage,443.6,2,0.05,140.04
105572,14/02/2024,Dublin,Grocery,Snacks,32.53,1,0.15,3.39
103724,06/03/2025,Limerick,Homeware,Lighting,248.28,3,0,94.76
105628,2024-05-12,Dublin,Electronics,Smart Home,1225.09,2,0,379.71
104313,2024-07-18,Limerick,Homeware,Lighting,141.18,1,0.15,23.78
104457,31/01/2025,Galway,Clothing,Womenswear,113.12,1,0.05,30.75
103894,10-10-2025,Galway,Grocery,Bakery,55.32,2,0.1,13.49
104361,23/05/2024,Cork,Grocery,Dairy,22.69,1,0.2,5.31
100507,2024-08-27,Dublin,Grocery,Bakery,120.39,4,0,51.47
105106,2024-01-03,Dublin,Electronics,Smart Home,1116.97,2,0.05,280.48
100545,01-02-2024,Dublin,Clothing,Accessories,235.4,2,0.1,64.05
101298,2025-07-14,Cork,Clothing,Kidswear,95.47,1,0.2,14.32
105275,2024-12-23,Dublin,Electronics,Laptops,1437.92,2,0.15,352.94
105593,2024-03-30,Galway,Homeware,Storage,560.92,2,0.15,104.96
103004,2024-02-12,Limerick,Homeware,Kitchenware,21.88,1,0.05,7.65
103437,09/09/2024,Limerick,Grocery,Bakery,26.86,2,0.05,6.45
102358,31-03-2024,Cork,Electronics,Laptops,998.66,3,0.2,141.81
100379,20/10/2025,Dublin,Homeware,Kitchenware,658.44,4,0.1,171.44
101417,18/02/2024,Dublin,Electronics,TVs,1170.98,4,0.05,340.85
102163,12-06-2024,Limerick,Electronics,Smart Home,491.64,3,0,191.89
106298,11-09-2024,Limerick,Electronics,Mobile Accessories,2296.2,4,0,969.76
105815,23-07-2025,Galway,Grocery,Fresh Produce,15.33,1,0,5.13
105094,26/03/2025,Galway,Homeware,Storage,319.02,2,0,102.21
105212,17/11/2024,Galway,Homeware,Lighting,413.0,4,0.05,130.05
105446,23/01/2024,Dublin,Clothing,Accessories,114.91,1,0.1,17.93
106272,2024-06-15,Dublin,Clothing,Accessories,99.15,3,0,44.47
102025,17/11/2025,Cork,Clothing,Accessories,69.33,1,0.1,11.64
104192,12/06/2024,Galway,Homeware,Storage,230.32,1,0.1,40.81
103166,21/02/2025,Cork,Homeware,Bedding,98.88,2,0,40.2
104886,2024-06-27,Dublin,Grocery,Fresh Produce,62.56,2,0.1,12.27
101570,2024-04-25,Cork,Clothing,Accessories,351.16,4,0,154.31
100894,11-07-2025,Dublin,Electronics,Laptops,489.6,2,0.2,93.67
106279,14-03-2025,Galway,Homeware,Bedding,74.52,3,0,26.97
100335,2024-03-09,Dublin,Clothing,Accessories,51.21,1,0.1,13.23
101404,12/06/2024,Galway,Grocery,Beverages,9.44,1,0.05,3.55
103705,2025-09-25,Galway,Homeware,Bedding,210.43,1,0.15,23.31
102416,14/07/2025,Limerick,Grocery,Beverages,36.29,3,0,13.35
105924,2025-10-20,Limerick,Clothing,Footwear,97.89,3,0.15,27.07
101993,2024-06-19,Galway,Clothing,Menswear,44.59,1,0,12.61
103106,2024-04-27,Limerick,Clothing,Kidswear,48.04,4,0.2,11.72
103833,15-12-2025,Limerick,Clothing,Menswear,186.06,2,0,76.72
105167,2025-02-08,Cork,Homeware,Lighting,404.34,2,0,138.72
102384,02-02-2024,Dublin,Homeware,Bedding,238.29,1,0,77.98
102721,15-05-2024,Cork,Clothing,Menswear,86.79,1,0,38.53
101502,01-01-2024,Galway,Homeware,Bedding,1080.6,4,0.05,409.0
102276,23-07-2024,Galway,Homeware,Lighting,119.79,1,0,41.04
103364,17/08/2025,Galway,Clothing,Kidswear,65.65,1,,18.42
102437,23/10/2024,Dublin,Homeware,Storage,494.11,3,0,191.01
103727,04-08-2025,Cork,Grocery,Dairy,86.44,3,0.05,24.55
103876,17/03/2025,Galway,Homeware,Bedding,245.6,1,0.2,28.24
101312,2025-07-05,Galway,Grocery,Beverages,43.36,4,0.1,6.97
106062,24/12/2024,Dublin,Homeware,Kitchenware,105.23,2,0.05,23.63
105547,07-05-2024,Dublin,Clothing,Womenswear,31.84,1,0.1,8.19
103012,30/03/2025,Dublin,Grocery,Fresh Produce,39.61,2,0.2,5.11
105036,22-02-2024,Dublin,Clothing,Menswear,17.31,1,0,6.51
101292,22-08-2025,Cork,Clothing,Kidswear,66.78,4,0.2,7.23
105114,01/06/2025,Cork,Clothing,Kidswear,80.32,1,0.05,20.89
106102,2024-04-10,Cork,Clothing,Womenswear,20.7,1,0.1,4.99
103488,12/03/2025,Galway,Grocery,Bakery,7.16,1,0.2,1.41
104443,16-01-2024,Cork,Electronics,TVs,595.05,2,0,164.64
103737,04-12-2025,Galway,Grocery,Dairy,76.5,2,0,24.31
102671,2025-12-11,Dublin,Grocery,Dairy,115.05,2,0.1,28.37
103078,03/01/2025,Galway,Clothing,Kidswear,158.31,3,0.05,55.95
106095,01/08/2024,Dublin,Grocery,Fresh Produce,10.71,1,0,2.88
102297,03/08/2025,Dublin,Clothing,Kidswear,87.96,1,0,37.87
101208,07-08-2025,Dublin,Homeware,Lighting,165.71,1,0.2,34.21
100939,20/08/2025,Dublin,Clothing,Kidswear,309.2,3,0.1,74.15
103499,22/12/2024,Cork,Homeware,Furniture,369.61,1,,91.08
105694,12/03/2024,Cork,Electronics,Laptops,228.0,2,0.05,61.17
103649,2025-08-21,Limerick,Homeware,Furniture,442.93,3,0,190.78
100842,2025-09-23,Galway,Electronics,Mobile Accessories,345.5,2,0.2,69.55
106273,2025-06-10,Dublin,Homeware,Storage,442.96,2,0.1,96.5
102831,13-08-2025,Galway,Clothing,Accessories,113.46,2,0,30.19
102392,02/07/2025,Dublin,Electronics,Mobile Accessories,365.71,1,0,159.73
106287,10/12/2025,Cork,Grocery,Beverages,3.6,1,0.1,0.92
103215,14/11/2025,Galway,Homeware,Storage,356.57,1,0,156.23
104766,09-03-2024,Dublin,Grocery,Fresh Produce,47.43,2,0,12.29
100086,01-11-2024,Galway,Clothing,Womenswear,162.43,2,0,62.29
106426,06-04-2024,Limerick,Clothing,Footwear,113.97,1,0,40.71
103539,29/09/2024,Dublin,Homeware,Furniture,678.11,2,,235.36
103194,05-04-2025,Cork,Homeware,Lighting,357.2,4,0,135.4
105294,2025-10-18,Dublin,Grocery,Fresh Produce,9.1,1,0.05,2.72
103375,2024-03-24,Limerick,Clothing,Kidswear,60.98,1,0.05,17.3
105958,12/05/2025,Cork,Homeware,Furniture,259.08,1,0,69.99
104762,09/02/2024,Dublin,Electronics,Headphones,650.06,1,0.15,67.22
102040,16/03/2025,Dublin,Grocery,Snacks,31.39,1,0.15,7.32
100219,05-09-2024,Dublin,Grocery,Fresh Produce,170.38,4,0,73.52
106414,21-04-2024,Limerick,Electronics,TVs,110.31,1,0,47.15
104194,19-04-2025,Limerick,Grocery,Fresh Produce,129.67,3,0.1,42.73
101922,25/09/2024,Limerick,Grocery,Bakery,16.42,1,0.2,3.87
102550,2025-04-13,Galway,Grocery,Bakery,19.2,4,0.2,0.97
100230,02/07/2024,Dublin,Electronics,TVs,135.77,1,0.1,33.22
101022,2025-09-19,Galway,Clothing,Kidswear,86.25,1,0.1,22.24
101413,2025-07-24,Dublin,Electronics,TVs,1120.66,3,0.15,301.84
102473,2024-10-13,Dublin,Homeware,Storage,156.6,1,0.15,27.65
105232,2024-11-15,Galway,Clothing,Kidswear,50.51,1,0,
102115,09-07-2024,Dublin,Electronics,Headphones,537.8,1,0,176.26
104978,08/09/2024,Limerick,Grocery,Fresh Produce,31.26,1,0,12.57
101018,01/03/2025,Galway,Grocery,Beverages,61.28,2,0,20.76
102926,04-08-2024,Galway,Grocery,Bakery,123.96,4,0,48.07
105950,14/07/2025,Dublin,Homeware,Bedding,548.71,2,0,240.35
100885,2025-08-12,Dublin,Homeware,Lighting,558.39,2,0.15,73.52
103309,09-07-2024,Limerick,Electronics,Smart Home,416.46,1,0.05,166.16
100103,2025-04-10,Dublin,Grocery,Dairy,56.86,3,0,24.35
104614,07-12-2024,Dublin,Clothing,Womenswear,171.06,1,0,46.47
103703,04-12-2024,Cork,Electronics,Laptops,279.31,2,0,91.42
103588,2025-04-28,Cork,Grocery,Dairy,8.88,1,0.2,1.43
102765,2024-09-17,Dublin,Grocery,Beverages,91.87,3,0.15,18.6
103199,13/03/2025,Dublin,Grocery,Dairy,37.36,1,0.05,11.94
103122,06/12/2024,Dublin,Homeware,Storage,445.2,2,0,
102976,24-12-2024,Limerick,Electronics,Mobile Accessories,939.65,2,0,246.49
100045,17-09-2025,Galway,Electronics,Smart Home,852.09,3,0.1,265.1
101576,25-10-2025,Dublin,Electronics,Laptops,739.16,1,0.05,196.29
104799,2024-12-09,Galway,Electronics,Laptops,128.35,1,0.2,9.93
105835,12/04/2025,Dublin,Clothing,Menswear,98.11,1,0,27.73
104449,25/10/2024,Galway,Clothing,Accessories,119.72,2,0,41.66
100997,2024-05-11,Limerick,Clothing,Womenswear,53.15,1,0.1,16.92
100137,2025-09-16,Dublin,Grocery,Beverages,76.91,4,0,24.17
100624,18/08/2024,Dublin,Grocery,Dairy,27.22,1,0,11.9
102475,2024-09-03,Cork,Clothing,Footwear,151.32,2,0.2,7.85
103423,2025-01-01,Dublin,Homeware,Furniture,56.0,1,0.15,
101182,05/11/2025,Dublin,Homeware,Furniture,159.68,1,0,44.46
101075,14-06-2025,Limerick,Grocery,Snacks,61.22,2,0.15,7.45
102390,19-01-2025,Limerick,Grocery,Fresh Produce,16.02,1,0,6.52
101866,18-09-2024,Dublin,Clothing,Womenswear,382.95,3,0,100.27
101076,2024-09-26,Cork,Electronics,Mobile Accessories,158.61,1,0,43.2
101161,13-11-2024,Dublin,Grocery,Beverages,33.99,1,0.1,10.04
102242,13/07/2025,Dublin,Grocery,Dairy,44.09,2,0,15.27
101756,04-03-2024,Dublin,Clothing,Womenswear,63.46,1,0.05,13.0
101117,01/05/2024,Dublin,Clothing,Footwear,38.01,1,0,9.96
106255,2025-12-28,Dublin,Homeware,Storage,122.25,1,0,33.03
104340,22-02-2025,Limerick,Grocery,Fresh Produce,5.29,1,0,1.48
104648,11/01/2025,Dublin,Clothing,Womenswear,93.35,1,0,34.11
106161,02/02/2025,Limerick,Homeware,Furniture,204.24,1,0.2,31.83
101710,19/12/2025,Galway,Grocery,Fresh Produce,16.09,1,0,5.26
101420,22/04/2025,Cork,Homeware,Kitchenware,438.4,4,0.15,118.8
101037,15/05/2025,Limerick,Clothing,Menswear,13.06,1,0.1,2.79
105848,15-08-2025,Dublin,Homeware,Kitchenware,440.5,2,0.15,87.7
105739,2025-12-13,Cork,Clothing,Womenswear,150.3,1,0,47.93
102633,2024-12-26,Cork,Homeware,Lighting,111.92,2,0,36.74
101177,2024-12-10,Cork,Electronics,Laptops,458.7,1,0,163.59
100049,14/10/2025,Dublin,Clothing,Womenswear,44.56,1,0.15,10.82
105117,31-07-2024,Dublin,Clothing,Kidswear,48.44,3,0.15,10.5
104206,2025-12-14,Limerick,Clothing,Menswear,142.77,2,0.2,11.45
101735,28-03-2024,Dublin,Clothing,Menswear,323.06,3,0,85.02
100838,13/01/2024,Dublin,Clothing,Womenswear,70.79,4,0,22.65
100268,06-08-2025,Dublin,Grocery,Dairy,21.96,1,0.15,5.3
103637,2025-12-03,Galway,Grocery,Bakery,36.89,1,0,9.63
103925,2024-03-12,Dublin,Clothing,Accessories,21.07,1,0.05,4.58
101709,09-05-2024,Limerick,Electronics,Mobile Accessories,898.6,4,0,
106170,18-06-2024,Galway,Electronics,Mobile Accessories,1154.02,2,0,302.89
104467,01-05-2025,Dublin,Electronics,Smart Home,257.02,1,0.2,32.71
104348,2025-10-29,Dublin,Grocery,Beverages,11.09,2,0.15,1.44
102141,27-05-2025,Cork,Grocery,Snacks,130.44,4,0.15,26.59
104873,04-07-2024,Dublin,Homeware,Furniture,165.77,3,0,47.74
103941,2024-05-11,Dublin,Homeware,Lighting,566.86,2,0,237.33
102590,2025-11-01,Cork,Homeware,Kitchenware,253.2,1,0.05,72.36
101246,2024-10-18,Dublin,Homeware,Kitchenware,478.95,4,0.15,104.05
101333,21-09-2024,Limerick,Clothing,Accessories,262.62,3,0,107.42
103811,19-10-2025,Limerick,Clothing,Womenswear,77.05,1,0,32.07
101640,06/07/2025,Dublin,Electronics,TVs,468.37,3,0,172.51
102824,21-01-2025,Cork,Grocery,Bakery,27.84,1,0.05,7.73
100254,11/04/2025,Galway,Clothing,Kidswear,122.66,2,0.15,19.71
104807,10-05-2025,Galway,Electronics,Mobile Accessories,341.97,3,0,90.15
103142,2024-09-08,Dublin,Grocery,Bakery,146.79,4,0.1,45.45
103887,01/06/2024,Dublin,Homeware,Kitchenware,252.95,1,0.15,53.99
105241,2025-10-18,Limerick,Homeware,Furniture,1112.08,4,0,405.24
105090,2025-02-09,Cork,Grocery,Beverages,4.99,1,0.2,0.68
104571,2024-08-23,Limerick,Grocery,Beverages,69.91,2,0,25.09
103263,14-12-2024,Cork,Grocery,Dairy,99.04,2,0,42.34
100603,13-01-2025,Cork,Clothing,Womenswear,111.68,1,0,48.02
100075,27/09/2024,Galway,Homeware,Lighting,43.29,1,0.15,11.7
103402,14-08-2025,Dublin,Clothing,Footwear,20.08,1,0.1,5.34
104758,2025-04-02,Dublin,Homeware,Furniture,56.44,2,0.15,11.48
102347,12-06-2025,Dublin,Clothing,Womenswear,198.67,2,0.05,72.24
104060,2024-04-01,Cork,Clothing,Menswear,31.11,1,0,13.36
105596,2025-02-20,Dublin,Clothing,Footwear,385.4,3,0.05,86.67
101820,30-05-2025,Dublin,Grocery,Bakery,16.19,1,0.05,3.49
104216,09/08/2024,Galway,Homeware,Lighting,217.74,2,0,63.82
102126,2025-04-21,Limerick,Electronics,Headphones,131.07,1,0.15,16.56
102529,24-10-2024,Cork,Electronics,Mobile Accessories,535.47,2,0.2,45.87
105902,2025-11-03,Dublin,Electronics,TVs,2739.48,3,0.2,190.36
100324,2025-08-14,Cork,Homeware,Bedding,478.96,4,0.2,116.54
106074,17/03/2025,Galway,Clothing,Footwear,55.02,3,0.05,20.02
103755,17/07/2025,Limerick,Electronics,Headphones,494.84,4,0.1,112.05
101044,21-12-2024,Dublin,Electronics,Smart Home,973.28,1,0.05,256.77
105460,2024-09-10,Galway,Homeware,Kitchenware,339.06,3,0.1,60.05
101607,05-06-2025,Cork,Clothing,Accessories,60.54,3,0.2,9.26
101249,16-04-2025,Dublin,Homeware,Furniture,289.97,3,0,122.35
103097,25-12-2025,Dublin,Clothing,Accessories,177.53,1,0,51.47
104930,26/06/2025,Dublin,Electronics,Headphones,719.59,1,0,322.92
100107,30-03-2025,Cork,Homeware,Furniture,116.43,3,0,39.72
102836,25/05/2025,Cork,Electronics,Headphones,312.28,1,0.05,98.99
106146,06/04/2024,Limerick,Clothing,Accessories,189.58,2,0,59.01
103946,14-09-2025,Limerick,Homeware,Furniture,571.3,2,0.2,92.68
105481,26-09-2025,Dublin,Clothing,Menswear,69.06,1,0,20.22
100652,2025-01-06,Dublin,Clothing,Accessories,76.58,1,0,23.59
103874,21/07/2024,Dublin,Grocery,Beverages,25.46,1,0.15,7.3
104804,25/10/2025,Galway,Electronics,Headphones,157.31,1,0.2,25.24
101953,16/06/2024,Dublin,Grocery,Bakery,17.2,2,0,6.44
102680,08-03-2025,Dublin,Grocery,Beverages,23.07,2,0,8.52
102131,2025-10-26,Cork,Grocery,Bakery,12.72,1,0.15,1.91
106014,2025-07-27,Dublin,Clothing,Accessories,171.12,2,0.15,46.63
105100,2024-02-15,Limerick,Grocery,Fresh Produce,25.91,1,0.15,7.01
101144,11/12/2024,Galway,Electronics,Mobile Accessories,1275.74,2,0.05,287.95
102282,2025-08-13,Dublin,Electronics,Mobile Accessories,166.23,1,0,49.9
105029,26-02-2024,Dublin,Homeware,Kitchenware,199.17,1,0.05,76.63
106006,2025-05-18,Cork,Electronics,Laptops,545.92,2,0,199.08
102737,11-08-2024,Dublin,Grocery,Bakery,7.02,2,0.1,1.98
104971,09-10-2025,Dublin,Grocery,Bakery,32.48,4,0,11.38
104833,2025-04-29,Cork,Homeware,Storage,128.25,1,0.1,33.85
100272,2025-10-12,Galway,Grocery,Fresh Produce,64.48,2,0,16.53
102457,20/03/2024,Cork,Homeware,Storage,230.68,1,0.15,57.09
101975,2024-11-25,Cork,Grocery,Bakery,34.36,2,0,11.68
106348,2025-10-02,Cork,Homeware,Storage,141.85,1,0,44.46
103321,27/09/2025,Dublin,Grocery,Beverages,69.44,2,,26.34
103751,04-02-2024,Galway,Electronics,Mobile Accessories,1189.38,3,0.05,298.58
103585,24/11/2024,Dublin,Electronics,Mobile Accessories,511.34,1,0,137.13
100276,2024-08-27,Cork,Electronics,Headphones,24.01,2,0,10.17
101266,08/01/2025,Limerick,Electronics,Laptops,43.74,1,0,16.15
102307,28-06-2024,Cork,Grocery,Bakery,10.07,1,0.05,2.7
100215,27/08/2024,Galway,Grocery,Dairy,63.04,3,0.2,11.72
103950,2024-12-25,Galway,Grocery,Dairy,8.71,1,,3.0
102478,17-01-2025,Cork,Clothing,Accessories,125.14,2,,56.26
105258,01-11-2024,Dublin,Homeware,Lighting,104.89,1,0.2,20.59
104016,03/11/2025,Cork,Clothing,Accessories,474.05,3,0.2,94.98
105673,2025-06-22,Cork,Grocery,Dairy,53.8,4,0,24.03
106413,12/05/2025,Dublin,Electronics,TVs,164.16,1,0,47.29
100047,12-09-2024,Limerick,Electronics,Smart Home,216.68,2,0.15,41.99
100816,17/04/2025,Dublin,Electronics,Mobile Accessories,1273.35,2,0.2,78.46
102965,07/01/2025,Limerick,Electronics,TVs,96.76,1,0.15,18.62
100798,12/12/2025,Galway,Clothing,Accessories,479.08,4,0.1,113.44
100322,2024-12-09,Cork,Grocery,Bakery,16.07,1,0,6.41
100775,01-04-2024,Dublin,Electronics,Laptops,549.9,1,0.05,196.77
105939,01-10-2024,Galway,Clothing,Kidswear,196.66,2,0.05,60.6
105931,19-10-2025,Cork,Electronics,Smart Home,539.72,3,0.1,118.02
101405,29-10-2025,Galway,Clothing,Womenswear,28.7,1,0.05,6.86
104356,2025-07-26,Galway,Homeware,Kitchenware,217.38,1,0.15,25.12
101695,15-06-2024,Limerick,Electronics,Headphones,1535.52,3,0.1,486.0
106360,2025-06-06,Dublin,Clothing,Accessories,182.18,2,0,72.29
104031,2025-02-08,Dublin,Electronics,Headphones,868.73,2,0.05,235.85
100171,18-07-2025,Cork,Homeware,Bedding,541.84,4,0,153.73
100700,06-09-2025,Dublin,Electronics,Mobile Accessories,302.06,2,0,135.07
100273,2024-10-17,Dublin,Homeware,Storage,1183.12,4,0,320.83
103534,2025-02-14,Dublin,Clothing,Footwear,42.79,1,0,14.08
106106,13-11-2024,Dublin,Clothing,Footwear,56.4,1,0,16.27
105215,13-06-2024,Cork,Homeware,Lighting,73.2,1,0.1,11.85
101952,2024-04-22,Cork,Homeware,Bedding,102.42,2,0.05,25.64
101187,23/10/2025,Dublin,Clothing,Womenswear,14.9,1,0.05,5.68
104120,02-07-2025,Galway,Grocery,Bakery,15.73,1,0,3.95
101322,30/11/2025,Dublin,Homeware,Kitchenware,496.91,2,0,124.49
102232,02-11-2024,Galway,Grocery,Fresh Produce,37.94,1,0.05,14.06
102548,2025-03-03,Cork,Homeware,Lighting,248.46,2,0.15,73.31
100067,2024-05-03,Galway,Grocery,Fresh Produce,120.92,4,0.15,31.8
101659,2024-08-14,Limerick,Homeware,Furniture,556.31,4,0.15,125.72
100827,2025-03-18,Cork,Homeware,Storage,113.1,3,0,45.47
102121,16/08/2024,Dublin,Homeware,Kitchenware,16.19,1,0.1,
104901,13/03/2024,Dublin,Grocery,Fresh Produce,55.27,2,0.2,9.51
104242,2024-09-15,Dublin,Electronics,Smart Home,730.27,1,0.05,259.1
101743,09-07-2025,Cork,Electronics,TVs,1385.54,4,0.2,284.87
102992,31/10/2025,Galway,Grocery,Beverages,58.74,3,0.15,14.65
100176,06/12/2025,Dublin,Clothing,Footwear,100.21,1,0,32.94
100965,08-07-2025,Dublin,Homeware,Storage,15.16,1,0,5.15
104935,2024-12-21,Cork,Grocery,Snacks,105.28,2,0,46.03
103765,10-08-2025,Cork,Electronics,TVs,188.28,1,0,80.69
102191,21/10/2024,Cork,Homeware,Storage,13.32,1,0.1,2.79
106084,05/12/2024,Limerick,Electronics,TVs,494.37,1,0.15,
104595,15/04/2024,Galway,Homeware,Bedding,187.52,2,0.15,33.21
101555,23-08-2025,Dublin,Clothing,Accessories,69.7,1,0,26.07
102508,15-10-2025,Dublin,Homeware,Lighting,14.41,1,0.15,2.37
104353,2024-04-03,Limerick,Electronics,Smart Home,174.32,2,0.15,46.22
104129,30-11-2025,Galway,Clothing,Accessories,139.31,1,0.2,18.72
105325,10-09-2025,Cork,Grocery,Dairy,125.4,4,0.15,16.0
100106,07/07/2025,Dublin,Homeware,Lighting,919.68,4,0.05,254.63
104961,12-01-2024,Dublin,Homeware,Furniture,849.15,3,0,377.51
103410,29-05-2025,Limerick,Electronics,Headphones,912.42,2,0,404.81
105334,26-02-2025,Dublin,Electronics,Headphones,1394.08,2,0.05,440.59
101535,2024-03-21,Dublin,Grocery,Beverages,78.15,2,0.2,11.08
101632,09/04/2025,Dublin,Homeware,Furniture,130.85,1,0,49.86
100026,09/09/2024,Cork,Electronics,TVs,125.8,3,0.1,29.81
103731,12-09-2025,Dublin,Clothing,Womenswear,207.93,3,0.15,61.67
102309,2025-02-02,Dublin,Clothing,Kidswear,196.24,3,0.1,44.26
100030,10/11/2025,Dublin,Homeware,Furniture,69.99,1,0.15,13.25
105341,2025-08-21,Galway,Grocery,Fresh Produce,51.33,3,0,14.23
104318,27-01-2024,Dublin,Clothing,Accessories,30.8,2,0.15,7.36
105309,16-02-2024,Galway,Homeware,Furniture,223.43,1,0,90.52
100154,26/04/2025,Dublin,Clothing,Kidswear,41.87,1,0,12.24
105437,2025-09-30,Dublin,Homeware,Furniture,361.97,2,0,142.24
104835,11-04-2025,Cork,Homeware,Bedding,172.79,1,0.1,28.3
105533,28-04-2024,Dublin,Grocery,Dairy,40.57,3,0,13.19
103071,2025-06-01,Limerick,Clothing,Footwear,283.36,4,0,
105685,08/05/2025,Limerick,Clothing,Accessories,330.99,3,0.1,60.48
106127,14/06/2025,Limerick,Grocery,Fresh Produce,66.19,2,0.15,15.1
106470,05-08-2025,Dublin,Homeware,Furniture,583.29,2,0.1,161.68
102730,2024-01-10,Limerick,Clothing,Accessories,156.12,4,0.05,34.27
103383,06-07-2025,Dublin,Electronics,Smart Home,601.73,2,0,266.35
105802,09/04/2024,Dublin,Electronics,Smart Home,395.78,1,,75.7
106199,06/12/2025,Limerick,Homeware,Kitchenware,611.04,2,0.2,135.8
103157,28-08-2024,Dublin,Grocery,Dairy,23.08,3,0.15,4.92
105613,2024-11-15,Galway,Electronics,Mobile Accessories,187.85,1,0.15,18.94
102777,2025-04-10,Dublin,Homeware,Furniture,271.33,1,0,78.64
100606,2024-07-03,Galway,Electronics,Mobile Accessories,242.41,1,0.1,73.42
100909,13-07-2024,Limerick,Electronics,Smart Home,1392.36,3,0,558.55
102533,2025-01-23,Galway,Grocery,Bakery,63.3,2,0,16.37
105941,2024-01-30,Limerick,Clothing,Accessories,121.5,2,0.05,25.72
103091,09-04-2025,Limerick,Homeware,Kitchenware,124.36,1,0,34.23
100801,2025-07-22,Dublin,Grocery,Snacks,21.6,2,0.2,3.85
100580,25-02-2024,Cork,Electronics,Headphones,142.73,2,0.05,48.49
105948,11-04-2024,Dublin,Homeware,Kitchenware,146.68,1,0,42.19
101943,2025-04-14,Dublin,Electronics,Headphones,355.22,1,0,112.82
101407,2024-09-15,Dublin,Electronics,Mobile Accessories,150.56,4,0,41.84
101652,24-05-2025,Galway,Homeware,Bedding,205.66,2,0,72.23
105192,02-06-2024,Cork,Electronics,Mobile Accessories,509.92,2,0,153.56
106065,2024-10-04,Dublin,Grocery,Fresh Produce,67.27,2,0.05,14.45
104575,2025-09-02,Galway,Electronics,Mobile Accessories,230.19,1,0.1,76.84
100108,2024-07-13,Limerick,Clothing,Menswear,246.69,3,0.15,44.55
105425,16/01/2024,Limerick,Grocery,Snacks,41.77,1,0,12.04
100670,17/05/2025,Galway,Clothing,Footwear,70.97,1,0.1,24.05
105734,14/08/2024,Dublin,Clothing,Kidswear,141.44,2,0.15,33.28
101029,22/04/2024,Dublin,Clothing,Womenswear,87.12,2,0.15,16.89
101566,28/06/2024,Galway,Clothing,Menswear,17.5,1,0,7.62
104881,01-05-2024,Galway,Clothing,Accessories,114.87,1,0.2,15.76
104102,2025-05-07,Cork,Homeware,Furniture,478.44,3,0,194.32
105003,2024-12-31,Dublin,Clothing,Kidswear,166.96,1,0,45.77
106439,2025-12-25,Limerick,Grocery,Dairy,200.39,4,0,59.92
101053,02-08-2025,Limerick,Electronics,Smart Home,264.46,3,0,94.53
101560,13-09-2024,Galway,Homeware,Kitchenware,148.04,1,0.1,46.87
105551,2024-09-17,Limerick,Homeware,Furniture,372.8,2,0,130.71
103632,13-07-2025,Dublin,Grocery,Bakery,66.77,2,0,25.23
101200,10-08-2025,Cork,Clothing,Kidswear,311.61,4,0,122.97
102006,2024-11-29,Dublin,Homeware,Storage,220.17,1,0,61.73
100117,18-01-2025,Limerick,Clothing,Menswear,18.22,1,0,6.63
104929,29-10-2025,Cork,Grocery,Dairy,25.27,1,0,7.44
101557,19-03-2024,Dublin,Homeware,Bedding,148.48,1,0,52.95
104310,2024-11-14,Galway,Clothing,Accessories,191.49,2,0,76.37
106012,28-05-2025,Cork,Grocery,Snacks,31.12,1,0,11.39
104757,2024-10-08,Dublin,Grocery,Bakery,116.89,4,0,34.92
105045,14/06/2025,Galway,Homeware,Furniture,251.81,1,0.15,49.11
101055,2025-08-21,Galway,Electronics,Laptops,591.04,2,0.15,62.97
104893,25/11/2024,Dublin,Homeware,Bedding,70.21,1,0,22.92
100708,10/05/2024,Cork,Grocery,Beverages,37.2,1,0,12.18
105429,08/12/2025,Galway,Grocery,Bakery,47.71,1,0,15.16
102720,04-01-2024,Dublin,Homeware,Bedding,696.87,3,0.15,80.49
101385,15/10/2024,Dublin,Grocery,Bakery,36.89,2,0,16.47
100808,21/05/2025,Cork,Clothing,Accessories,80.77,1,0,21.89
104594,2025-10-25,Dublin,Clothing,Kidswear,93.55,1,0,31.55
103517,2025-03-28,Galway,Clothing,Footwear,61.93,1,0,25.31
105181,18/09/2025,Cork,Clothing,Accessories,70.48,2,0.15,20.6
106295,07-04-2024,Dublin,Homeware,Bedding,195.48,1,0,55.61
103173,2025-10-04,Dublin,Grocery,Beverages,47.16,3,0.2,5.27
101871,17-01-2025,Limerick,Grocery,Beverages,167.14,4,0.15,37.09
104720,05/02/2025,Limerick,Homeware,Bedding,299.26,1,0,123.85
104657,2024-10-23,Cork,Electronics,Mobile Accessories,445.22,3,0,116.43
104456,2024-07-21,Dublin,Grocery,Beverages,77.26,2,0.1,17.82
102326,09-11-2024,Cork,Grocery,Snacks,12.31,3,0,4.27
103385,26/03/2024,Galway,Homeware,Bedding,218.07,1,0.05,61.55
105703,06-08-2025,Galway,Grocery,Fresh Produce,9.69,1,0.05,2.76
103938,01/09/2025,Dublin,Clothing,Footwear,205.65,3,0,78.78
100007,2025-09-15,Cork,Homeware,Bedding,144.06,1,0.15,23.39
101888,2024-11-04,Dublin,Electronics,Laptops,1616.15,2,0.2,201.2
103451,2024-12-10,Dublin,Homeware,Kitchenware,725.53,2,0,275.55
103391,2024-08-13,Cork,Electronics,TVs,402.84,2,0,113.25
106282,30-08-2024,Cork,Homeware,Lighting,421.67,4,0.1,111.53
103227,15/06/2025,Dublin,Electronics,Laptops,2169.36,3,0.05,811.57
105160,03/03/2024,Dublin,Grocery,Beverages,101.06,4,0.15,19.64
103251,18-03-2025,Galway,Clothing,Menswear,73.32,4,0,22.05
100323,2025-03-24,Galway,Homeware,Lighting,305.98,2,0,104.28
103524,2024-06-12,Galway,Clothing,Kidswear,303.72,4,0.15,89.49
106341,15-01-2025,Cork,Clothing,Accessories,20.89,1,0,5.42
101434,2025-04-07,Dublin,Homeware,Kitchenware,108.31,1,0.05,40.95
105201,19/01/2024,Cork,Electronics,Laptops,681.41,4,0,238.89
101872,04-12-2024,Galway,Clothing,Accessories,368.59,3,0.2,19.14
105370,10/02/2024,Dublin,Grocery,Snacks,34.17,1,0,12.08
105049,15/01/2024,Dublin,Clothing,Footwear,191.92,3,0.2,16.63
100263,18/07/2024,Galway,Clothing,Footwear,169.38,2,0.15,22.36
105211,04-01-2024,Limerick,Clothing,Kidswear,54.48,1,0.05,17.53
101050,04/11/2024,Dublin,Grocery,Dairy,119.88,2,0.1,37.56
100194,23/08/2025,Dublin,Electronics,TVs,162.3,1,0,69.78
101138,16-01-2024,Galway,Homeware,Kitchenware,893.6,4,0.05,322.72
101578,2024-06-28,Galway,Grocery,Dairy,25.62,1,0,9.58
103614,2025-10-09,Limerick,Clothing,Accessories,199.68,2,0.15,53.29
101909,24/10/2025,Cork,Electronics,TVs,683.99,2,0,297.65
100640,30/03/2025,Galway,Clothing,Footwear,161.32,4,0.15,17.09
100682,02/12/2025,Galway,Clothing,Footwear,244.66,4,0,79.08
106323,2025-03-22,Dublin,Clothing,Footwear,305.99,4,0.15,80.7
101989,07-11-2024,Dublin,Clothing,Accessories,248.91,2,0,84.01
105629,2025-08-05,Cork,Grocery,Bakery,15.61,2,0,6.44
100928,2025-10-27,Dublin,Clothing,Menswear,123.48,1,0.15,18.71
102500,12/08/2025,Dublin,Clothing,Kidswear,106.47,1,0,31.14
104515,03/11/2024,Dublin,Grocery,Beverages,32.23,1,0.05,12.58
104088,11/08/2025,Dublin,Clothing,Footwear,223.08,3,0.1,68.1
106393,03/06/2024,Dublin,Electronics,Smart Home,405.83,2,0.05,125.66
101003,23-01-2024,Dublin,Clothing,Menswear,72.56,2,0.05,16.11
100141,04/06/2025,Dublin,Grocery,Beverages,10.18,1,0,2.65
102759,09-11-2025,Cork,Grocery,Snacks,26.47,1,0.05,6.46
106384,02/04/2024,Cork,Clothing,Accessories,27.37,1,0.05,9.71
101368,07/03/2024,Dublin,Homeware,Kitchenware,299.54,1,0.15,89.06
103240,19/04/2025,Cork,Clothing,Womenswear,84.08,1,0.1,21.47
102999,03-01-2024,Cork,Homeware,Lighting,179.32,1,0,73.62
104898,02-10-2024,Limerick,Electronics,Smart Home,881.84,2,0.1,249.23
101856,15/04/2024,Dublin,Homeware,Kitchenware,1244.62,4,0,434.79
101885,11-07-2024,Dublin,Electronics,Headphones,229.03,1,0.15,30.81
101828,07/08/2024,Limerick,Homeware,Furniture,740.32,3,0.15,120.47
104888,21/01/2025,Limerick,Clothing,Kidswear,182.52,2,0.05,
100712,2024-07-03,Galway,Grocery,Dairy,71.7,2,0,23.9
102963,26/04/2025,Dublin,Electronics,Smart Home,518.85,1,0.05,143.92
105020,21-12-2025,Cork,Electronics,TVs,406.46,1,0,140.04
104780,2025-06-15,Dublin,Electronics,Smart Home,419.77,2,0.1,140.4
104679,2024-09-11,Galway,Clothing,Menswear,201.62,2,0.15,53.87
103914,2024-04-27,Galway,Grocery,Snacks,25.71,3,0,6.63
102903,17/07/2024,Dublin,Grocery,Bakery,46.0,2,0,13.07
100287,2025-10-11,Galway,Electronics,Mobile Accessories,1385.01,3,0.2,280.15
103631,2024-07-28,Dublin,Clothing,Menswear,49.68,4,0.1,8.74
102884,21/07/2025,Dublin,Grocery,Snacks,9.04,1,0.05,3.23
103644,2024-03-15,Limerick,Electronics,Mobile Accessories,43.42,1,0,16.05
103099,26-08-2024,Dublin,Grocery,Snacks,4.51,1,0.1,0.89
103124,20/12/2025,Dublin,Electronics,Headphones,913.8,2,0,392.57
102838,07-05-2025,Cork,Grocery,Beverages,119.72,4,0,49.05
102067,05-04-2024,Dublin,Clothing,Accessories,29.03,2,0.05,6.48
105962,2024-12-06,Limerick,Grocery,Fresh Produce,57.99,1,0.05,20.76
101189,25-03-2024,Dublin,Electronics,Smart Home,606.3,1,0,234.15
100933,21/05/2025,Galway,Electronics,Laptops,597.18,2,0.05,171.69
101767,2025-07-26,Dublin,Electronics,Laptops,444.07,1,0.05,94.97
102703,27/07/2024,Limerick,Electronics,TVs,446.45,1,0,169.17
103190,29-02-2024,Galway,Electronics,TVs,148.64,1,0.05,50.76
104891,22-01-2025,Cork,Grocery,Beverages,74.88,4,0.1,16.74
100626,2024-03-30,Dublin,Homeware,Furniture,331.07,1,0,138.07
101605,2024-02-26,Cork,Homeware,Furniture,246.54,2,0,70.6
101900,2024-12-11,Dublin,Electronics,Smart Home,852.01,3,0.2,89.96
100757,2025-12-12,Dublin,Clothing,Menswear,294.98,2,0,78.36
102788,30/07/2024,Cork,Electronics,TVs,352.53,4,0.15,75.52
104435,2025-03-01,Dublin,Homeware,Bedding,680.48,4,0.2,119.56
105423,23-05-2024,Dublin,Electronics,Mobile Accessories,594.68,3,0,262.55
104753,02/01/2024,Dublin,Homeware,Furniture,195.55,1,0,85.38
103666,2025-05-22,Dublin,Electronics,Mobile Accessories,201.16,1,0,71.83
103047,2025-11-05,Cork,Homeware,Furniture,1181.71,4,0.1,411.63
102892,2024-04-20,Dublin,Clothing,Womenswear,10.82,1,0,4.3
103975,11-03-2025,Cork,Electronics,Smart Home,165.72,1,0.1,39.73
106412,28-11-2025,Galway,Electronics,Laptops,139.16,2,0.2,31.98
104965,22-12-2025,Galway,Electronics,Laptops,478.88,2,0.1,136.4
104367,26-05-2024,Limerick,Homeware,Kitchenware,193.5,1,0,85.2
102079,2024-02-21,Dublin,Homeware,Lighting,642.74,3,0.15,176.39
105320,2024-04-27,Limerick,Clothing,Womenswear,45.72,2,0,18.78
101894,2025-06-07,Dublin,Clothing,Menswear,430.65,4,0,122.32
101341,2024-07-24,Limerick,Electronics,Smart Home,262.52,1,0.1,88.54
104968,25-06-2024,Dublin,Electronics,TVs,703.11,1,0,273.48
104606,2024-07-04,Dublin,Grocery,Snacks,5.69,1,0.2,0.99
105944,31-05-2024,Galway,Electronics,Laptops,1002.6,4,0.15,136.27
101203,16/04/2025,Cork,Grocery,Dairy,33.56,2,0,12.8
104008,06/11/2025,Galway,Electronics,Laptops,3402.11,4,0.05,981.37
105722,2025-01-11,Dublin,Homeware,Kitchenware,26.54,1,0,9.83
103796,13-07-2025,Limerick,Grocery,Snacks,27.89,4,0.2,4.16
101155,2025-04-29,Dublin,Electronics,Laptops,739.66,1,0.2,93.95
102507,05-08-2024,Cork,Clothing,Accessories,172.28,4,0.1,54.57
102240,2025-12-07,Dublin,Grocery,Beverages,67.3,4,0.05,23.48
102328,10/07/2025,Dublin,Homeware,Lighting,78.82,2,0,35.35
102554,08-05-2024,Cork,Homeware,Lighting,557.56,2,0.1,136.49
104897,28/04/2024,Limerick,Clothing,Kidswear,313.38,3,0,103.61
105645,08-07-2025,Limerick,Homeware,Bedding,72.24,1,0,29.96
102864,11-08-2025,Dublin,Electronics,Mobile Accessories,219.61,1,0.15,31.72
102258,2025-10-19,Limerick,Grocery,Fresh Produce,66.1,4,0,23.26
100680,21/12/2025,Cork,Homeware,Storage,650.03,3,0.2,66.02
103013,25-01-2024,Limerick,Electronics,Mobile Accessories,448.88,1,0,196.98
104372,05-03-2025,Dublin,Homeware,Bedding,199.41,1,0.2,34.54
105552,24/12/2024,Cork,Clothing,Accessories,461.61,4,0,199.63
103627,2024-08-05,Galway,Homeware,Furniture,436.02,2,0,173.78
105129,2025-01-19,Cork,Homeware,Bedding,390.4,2,0.2,69.93
106491,2024-03-29,Dublin,Electronics,Laptops,275.02,1,0.15,41.44
101444,06-06-2025,Dublin,Electronics,Smart Home,397.75,1,0.1,126.11
100218,03/09/2024,Galway,Grocery,Bakery,32.62,1,0.1,8.72
100296,2024-07-24,Dublin,Grocery,Dairy,12.9,1,0.1,2.01
104483,19-09-2024,Galway,Clothing,Footwear,115.87,1,0.05,26.21
102145,14/03/2025,Dublin,Electronics,Smart Home,995.76,2,0.15,257.53
104015,25/06/2024,Galway,Clothing,Womenswear,60.73,1,0.05,22.01
101806,11/08/2025,Dublin,Electronics,Headphones,410.62,1,0.15,49.4
106151,2024-08-25,Galway,Grocery,Dairy,21.57,2,0,5.97
106187,29/05/2024,Cork,Grocery,Snacks,101.0,4,0,44.12
105583,17-06-2024,Cork,Electronics,Mobile Accessories,637.6,4,0,265.73
104164,23/02/2024,Dublin,Clothing,Footwear,400.02,4,0.2,86.77
104908,2024-03-06,Galway,Electronics,Mobile Accessories,902.25,3,0.2,72.93
101126,28/12/2025,Dublin,Clothing,Kidswear,370.46,3,0.1,112.27
105795,2024-03-25,Galway,Homeware,Kitchenware,19.73,1,0,6.38
103036,09-09-2025,Cork,Clothing,Kidswear,318.72,4,0.1,84.64
104033,16-06-2024,Dublin,Electronics,Smart Home,1428.62,2,0,627.47
106032,10-04-2025,Dublin,Electronics,Mobile Accessories,1451.73,3,0.05,412.84
101855,21/02/2024,Dublin,Homeware,Bedding,295.77,1,0.15,62.77
103583,16/11/2025,Cork,Homeware,Furniture,299.26,1,0,89.39
105321,2025-05-09,Galway,Grocery,Fresh Produce,6.86,2,0.05,1.47
100897,17-07-2025,Dublin,Clothing,Womenswear,60.73,1,0,19.11
102294,2025-02-19,Dublin,Homeware,Furniture,278.23,1,0,97.16
101879,20/11/2024,Limerick,Homeware,Kitchenware,395.67,2,0,126.0
102368,30/03/2025,Dublin,Clothing,Accessories,260.1,3,0,86.73
104806,2025-09-22,Limerick,Clothing,Kidswear,53.4,4,0,17.25
105407,05/06/2025,Galway,Homeware,Bedding,133.59,1,0.1,38.49
100684,22/03/2025,Cork,Electronics,Laptops,68.53,1,0,27.3
104224,03-08-2024,Dublin,Homeware,Storage,634.55,4,0,272.39
100686,2025-01-07,Galway,Electronics,Smart Home,1843.44,3,0.2,409.04
105223,2024-11-16,Dublin,Homeware,Furniture,64.88,1,0.1,10.27
100208,2024-01-23,Dublin,Electronics,Laptops,444.41,1,0.05,147.14
106457,08-12-2024,Dublin,Grocery,Dairy,218.32,4,0,79.55
103739,02-08-2024,Cork,Clothing,Footwear,88.47,2,0.15,13.8
100587,2025-10-25,Cork,Homeware,Kitchenware,211.74,1,0,75.51
102230,05-09-2025,Limerick,Clothing,Kidswear,12.76,1,0,5.66
106149,03/01/2025,Dublin,Homeware,Furniture,274.18,2,0.1,62.99
101755,04/05/2025,Limerick,Homeware,Lighting,267.85,1,0,114.46
104323,23-02-2025,Limerick,Clothing,Menswear,70.4,1,0,21.26
105863,2024-12-08,Cork,Electronics,Smart Home,379.29,1,0,161.14
104087,16-12-2024,Dublin,Grocery,Dairy,46.17,4,0.2,
106473,2025-02-10,Dublin,Grocery,Dairy,35.14,2,0.05,13.44
103076,17-09-2024,Dublin,Homeware,Furniture,125.61,1,0.05,37.15
104998,2024-08-14,Dublin,Homeware,Kitchenware,588.61,3,0.2,68.87
103650,2025-04-05,Cork,Grocery,Fresh Produce,74.84,2,0.2,4.53
101229,22-03-2024,Limerick,Electronics,Smart Home,379.19,1,0,151.22
106443,21/09/2025,Limerick,Grocery,Fresh Produce,113.14,4,0.2,21.4
105449,25-09-2024,Cork,Homeware,Storage,385.1,2,0.1,127.51
101777,01-10-2025,Limerick,Grocery,Bakery,42.58,1,0,11.86
100361,15/04/2024,Dublin,Grocery,Bakery,5.15,1,0,1.34
103103,04-01-2025,Dublin,Electronics,TVs,212.31,2,0.2,28.02
101527,18-03-2025,Dublin,Clothing,Womenswear,61.55,2,0.15,12.51
105964,2025-11-15,Limerick,Grocery,Fresh Produce,123.01,2,0.15,18.36
102497,20/02/2025,Cork,Grocery,Fresh Produce,76.86,2,0,19.67
101797,12-10-2025,Cork,Clothing,Accessories,358.32,3,0.15,72.72
102007,15-05-2025,Galway,Homeware,Furniture,106.57,1,0,45.79
102027,2025-03-27,Galway,Clothing,Accessories,228.69,3,0.2,28.3
105422,2024-01-28,Dublin,Electronics,Headphones,1326.34,2,0.05,529.11
105882,24-01-2024,Limerick,Electronics,Headphones,218.4,2,0,76.7
103923,29/07/2024,Galway,Homeware,Furniture,154.56,2,0.05,50.29
105862,26/01/2024,Galway,Grocery,Snacks,23.43,1,0.2,5.66
105260,21-12-2025,Cork,Grocery,Beverages,20.93,1,0.05,4.32
105920,29/03/2025,Galway,Clothing,Accessories,191.78,2,0.1,63.24
105715,01-06-2025,Galway,Homeware,Lighting,543.69,3,0.05,109.36
101411,13/10/2024,Dublin,Electronics,Mobile Accessories,582.51,1,0,245.61
105009,02/09/2025,Galway,Electronics,Laptops,1865.67,3,0,819.88
105841,25/09/2025,Dublin,Electronics,Headphones,394.4,2,0,118.78
106182,2024-06-12,Dublin,Clothing,Accessories,60.44,1,0.15,10.72
102241,11/01/2025,Galway,Grocery,Fresh Produce,155.56,4,0.05,36.49
102288,30/09/2025,Galway,Clothing,Menswear,45.8,2,0,12.21
101136,13/02/2024,Dublin,Grocery,Fresh Produce,49.4,4,0.15,12.38
106376,2024-08-06,Galway,Electronics,Headphones,1010.79,2,0.15,206.92
103089,06/10/2025,Dublin,Electronics,Smart Home,222.43,2,0,61.15
105402,23-05-2024,Galway,Electronics,TVs,1233.56,2,0,410.55
101745,11-03-2025,Dublin,Electronics,Headphones,244.31,1,0.2,55.56
100340,2024-11-03,Limerick,Clothing,Kidswear,106.9,2,0.1,23.61
103150,2025-04-25,Cork,Electronics,Laptops,130.85,1,0,34.51
103985,06-09-2024,Galway,Grocery,Beverages,5.82,1,0,1.52
101833,2024-03-14,Cork,Electronics,Laptops,354.23,1,0.1,80.3
101370,24-03-2024,Dublin,Electronics,Headphones,1019.85,3,0,416.05
101737,2025-11-17,Limerick,Clothing,Menswear,106.18,2,0,42.91
102069,23/04/2024,Cork,Electronics,Smart Home,601.04,2,0,233.64
104396,13-09-2024,Dublin,Homeware,Furniture,239.44,1,0,95.96
101348,15/04/2025,Dublin,Homeware,Lighting,159.6,3,0,65.18
103168,11-12-2024,Galway,Homeware,Kitchenware,113.4,4,0,34.76
101175,21/09/2024,Dublin,Grocery,Fresh Produce,85.17,2,0.15,14.8
101831,2024-01-10,Limerick,Grocery,Dairy,12.26,1,0.2,1.3
102065,2025-07-10,Cork,Electronics,Mobile Accessories,347.08,2,0,154.1
105352,19/08/2025,Cork,Homeware,Kitchenware,147.8,1,0,65.11
106400,24/03/2024,Cork,Homeware,Lighting,171.24,2,0.05,58.7
100371,24-11-2025,Dublin,Electronics,Headphones,896.82,1,0,250.75
102278,01-12-2025,Galway,Homeware,Bedding,21.35,1,,3.61
106448,11/02/2024,Dublin,Clothing,Kidswear,32.5,3,0.15,7.38
104533,22-04-2025,Dublin,Homeware,Furniture,137.98,2,0.05,29.66
100659,19/04/2024,Dublin,Grocery,Snacks,41.68,2,0,15.36
101014,10-08-2024,Dublin,Grocery,Dairy,148.42,4,0.2,17.18
106144,2024-08-04,Dublin,Homeware,Kitchenware,426.85,2,0,182.05
101973,16-12-2025,Dublin,Electronics,Headphones,521.93,2,0.05,165.99
101263,27/03/2024,Cork,Clothing,Footwear,9.78,1,0.15,1.67
105332,2024-04-06,Dublin,Electronics,Mobile Accessories,631.49,1,0,204.72
101380,2025-01-25,Limerick,Homeware,Lighting,232.12,2,0.2,20.08
104803,30/07/2025,Cork,Clothing,Accessories,146.76,2,0.05,38.28
101956,20-04-2025,Dublin,Homeware,Kitchenware,596.73,2,0.15,133.96
104415,17/01/2025,Limerick,Electronics,TVs,355.95,1,0.15,50.39
101108,08/05/2024,Limerick,Homeware,Lighting,616.47,3,0,202.75
104055,20/06/2025,Cork,Electronics,Smart Home,588.27,2,0.2,117.74
104267,25-12-2025,Dublin,Clothing,Footwear,108.67,3,0.15,15.98
105073,2025-02-26,Cork,Homeware,Storage,882.48,4,0,236.81
101964,2024-08-17,Galway,Homeware,Kitchenware,210.37,1,0,58.88
102956,19/11/2024,Galway,Electronics,TVs,3505.82,4,0,1398.92
100621,19-09-2025,Cork,Homeware,Kitchenware,189.93,1,0.15,21.57
106391,05/12/2024,Dublin,Homeware,Bedding,442.07,2,0.15,80.31
103978,19-07-2024,Galway,Grocery,Dairy,25.81,1,0.05,7.63
106226,02-04-2024,Dublin,Electronics,Smart Home,177.78,1,0.05,58.43
101240,02/10/2024,Dublin,Grocery,Snacks,172.5,4,0,64.83
100767,2025-01-26,Dublin,Electronics,Headphones,418.15,1,0,172.89
102364,23/06/2024,Galway,Homeware,Kitchenware,103.64,1,0.15,30.21
100944,2024-02-14,Dublin,Electronics,Mobile Accessories,393.82,3,0.1,136.77
105836,2025-03-20,Dublin,Clothing,Womenswear,178.57,3,0.1,38.67
103686,13-05-2024,Limerick,Grocery,Dairy,31.56,2,0,8.0
102668,2025-03-19,Cork,Electronics,Mobile Accessories,227.3,1,0,101.09
101951,18/08/2024,Cork,Grocery,Fresh Produce,41.36,2,0.1,12.39
102400,2025-01-16,Limerick,Homeware,Bedding,13.55,1,0,5.6
100202,2024-12-03,Dublin,Electronics,Mobile Accessories,2094.05,3,0,916.3
102967,31-10-2025,Cork,Electronics,Laptops,731.84,3,0,200.94
105087,21/10/2025,Cork,Homeware,Storage,264.0,2,0.15,41.06
103722,29-12-2024,Galway,Clothing,Footwear,185.81,2,0,70.7
100592,03/12/2024,Limerick,Electronics,TVs,2616.6,4,0.05,796.42
100065,08-12-2025,Cork,Clothing,Footwear,135.53,1,0,54.98
105696,01/05/2025,Dublin,Homeware,Lighting,450.57,3,0.1,72.48
102535,21/02/2024,Galway,Grocery,Snacks,63.94,2,0,27.72
101397,10/03/2024,Dublin,Electronics,TVs,438.53,3,0,189.28
102845,2024-05-07,Dublin,Homeware,Storage,226.92,1,0,74.81
103900,08-08-2025,Dublin,Clothing,Womenswear,278.65,3,0,109.92
100917,02-01-2025,Limerick,Homeware,Kitchenware,64.97,1,0,24.11
105643,2024-06-27,Galway,Homeware,Bedding,58.26,1,0,22.66
102677,08/06/2025,Dublin,Electronics,Headphones,44.37,1,0.2,4.31
104157,10-08-2025,Limerick,Grocery,Bakery,23.65,1,0.15,4.82
102341,15-02-2024,Galway,Electronics,Mobile Accessories,1189.18,2,0.2,264.02
103193,29/12/2025,Dublin,Electronics,Mobile Accessories,431.67,1,0,146.5
106020,14-02-2024,Dublin,Homeware,Storage,304.53,1,0,99.61
102816,11-04-2025,Dublin,Clothing,Accessories,72.52,2,,28.74
100377,20-12-2024,Galway,Clothing,Womenswear,285.52,2,0.1,96.82
106416,03/05/2024,Dublin,Homeware,Storage,465.8,4,0.1,79.74
102033,09-03-2025,Cork,Homeware,Furniture,143.72,4,0.15,34.12
103274,28-01-2025,Galway,Grocery,Snacks,28.75,1,0,8.11
100532,06/01/2024,Cork,Clothing,Womenswear,96.87,3,0.05,29.96
103222,06/12/2024,Galway,Electronics,Smart Home,2277.7,3,0.05,791.6
101122,2024-11-30,Dublin,Grocery,Beverages,92.88,3,0.1,20.02
106380,2025-03-08,Galway,Electronics,TVs,637.18,1,0,191.79
104969,01/09/2024,Limerick,Electronics,TVs,1327.04,4,0.2,182.66
100300,2025-10-14,Galway,Electronics,TVs,759.78,2,0.15,81.42
103049,2025-07-13,Galway,Clothing,Accessories,314.46,3,0.1,101.2
106396,03-02-2025,Galway,Homeware,Storage,174.2,1,0.05,37.5
100327,21-07-2025,Galway,Grocery,Beverages,13.3,1,0,4.94
101377,08/03/2024,Cork,Grocery,Snacks,62.44,4,0.05,20.35
103599,22/01/2025,Dublin,Clothing,Accessories,183.68,4,0.2,43.53
100037,21/08/2024,Dublin,Homeware,Lighting,411.33,4,0,105.56
104082,2024-06-13,Dublin,Electronics,Laptops,530.91,2,0.05,197.82
102010,2024-12-20,Cork,Grocery,Dairy,20.08,1,0.1,4.34
103247,27-12-2025,Dublin,Homeware,Kitchenware,322.69,1,0.05,74.77
100241,03-09-2025,Cork,Grocery,Snacks,4.94,2,0.05,1.21
100598,2024-02-13,Dublin,Homeware,Storage,493.11,3,0.2,37.06
105176,17-12-2025,Cork,Grocery,Beverages,39.51,1,,10.9
101955,05-11-2024,Cork,Electronics,Mobile Accessories,521.88,2,0.05,
104018,02/06/2025,Galway,Electronics,TVs,421.6,1,0.2,72.95
102174,2025-03-30,Galway,Clothing,Kidswear,219.32,2,0.1,49.79
104423,11-02-2025,Cork,Clothing,Menswear,80.99,1,0.1,23.31
101760,14-11-2024,Dublin,Grocery,Snacks,49.49,1,0.1,8.49
103462,11-07-2025,Dublin,Electronics,Laptops,801.83,2,0,292.73
105724,2024-09-01,Cork,Grocery,Dairy,20.0,2,0,6.1
103463,2025-10-09,Dublin,Electronics,Mobile Accessories,873.82,2,0.05,198.9
106179,10-05-2025,Limerick,Homeware,Bedding,246.53,1,0.1,38.81
105322,07/09/2025,Dublin,Grocery,Bakery,72.13,4,0.1,22.21
103702,13/04/2025,Galway,Clothing,Womenswear,103.57,1,0.2,6.13
103288,2024-10-13,Cork,Electronics,Smart Home,194.21,1,0,66.73
102209,24/02/2025,Galway,Grocery,Bakery,38.62,2,0,15.25
101904,02-05-2025,Dublin,Grocery,Beverages,108.61,4,0,28.53
100033,08/12/2025,Limerick,Electronics,Mobile Accessories,544.7,1,0.05,204.0
105250,06-12-2025,Dublin,Grocery,Bakery,62.23,1,0,21.9
105512,14/03/2025,Cork,Grocery,Fresh Produce,11.86,2,0,4.89
100547,2024-08-09,Cork,Homeware,Kitchenware,100.74,1,0.2,21.11
100945,2024-12-12,Limerick,Electronics,Laptops,627.31,4,0.1,107.6
102422,31-10-2024,Galway,Clothing,Footwear,85.8,3,0,24.22
105088,2025-12-12,Cork,Grocery,Fresh Produce,39.06,2,0.15,8.28
102259,15/03/2024,Cork,Clothing,Accessories,86.72,2,0,38.8
101779,17-09-2024,Dublin,Grocery,Beverages,13.74,1,0.2,1.97
100882,25-11-2025,Cork,Grocery,Snacks,47.21,2,0.15,11.49
102539,2024-09-15,Dublin,Clothing,Footwear,357.21,3,,72.15
104783,18/05/2024,Galway,Grocery,Dairy,37.16,1,0.2,3.9
100960,2025-12-12,Dublin,Electronics,Laptops,301.88,3,0,
102463,16-03-2025,Cork,Electronics,Mobile Accessories,137.25,1,0.1,31.36
106112,25-12-2025,Limerick,Clothing,Accessories,281.36,3,0,115.5
104114,02-04-2025,Dublin,Homeware,Kitchenware,334.9,1,0,88.64
102971,2025-08-17,Cork,Electronics,TVs,382.64,4,0.15,89.44
105671,2024-09-19,Dublin,Grocery,Dairy,10.21,2,0,4.43
105710,30-08-2025,Dublin,Grocery,Fresh Produce,10.01,2,0.2,1.9
102790,22-07-2024,Dublin,Grocery,Fresh Produce,41.61,1,0,15.04
103936,30-12-2025,Galway,Electronics,Mobile Accessories,1538.74,2,0,664.61
106038,2024-10-13,Dublin,Electronics,Laptops,226.99,2,0,61.91
100829,29-11-2024,Dublin,Homeware,Furniture,112.93,1,0.05,44.57
104732,16-12-2025,Dublin,Electronics,Headphones,2973.06,3,0.15,613.34
101819,21/03/2025,Dublin,Clothing,Footwear,68.31,2,0,17.22
104395,24-04-2025,Limerick,Homeware,Storage,135.26,1,0,46.77
104641,2024-08-27,Dublin,Clothing,Accessories,156.63,2,0,45.81
104652,2024-07-31,Cork,Grocery,Bakery,107.43,3,0,44.26
101042,03/10/2025,Galway,Clothing,Accessories,82.77,3,0,22.55
101623,30/09/2024,Dublin,Homeware,Bedding,829.89,4,0,232.41
102621,27-11-2025,Dublin,Clothing,Footwear,460.11,3,0,191.03
103948,2025-02-26,Dublin,Grocery,Beverages,11.35,3,0,
103210,2024-07-31,Galway,Electronics,Laptops,199.66,1,0,51.44
103587,2024-03-11,Dublin,Electronics,Laptops,2658.52,4,0.2,546.28
103883,2025-03-18,Galway,Electronics,Laptops,2503.56,4,0,626.07
105614,07/04/2024,Cork,Homeware,Lighting,45.54,3,0,15.97
102009,30-08-2024,Limerick,Homeware,Lighting,260.86,2,0.2,51.09
101156,27/11/2024,Dublin,Electronics,Laptops,1110.32,2,0.05,296.49
102212,02/03/2024,Dublin,Clothing,Womenswear,83.5,1,0,24.6
101485,2025-05-05,Dublin,Grocery,Bakery,31.72,2,0,14.2
104593,2024-08-05,Galway,Clothing,Menswear,47.49,1,0.15,13.24
103119,2024-07-30,Cork,Clothing,Womenswear,104.78,2,0.2,12.89
100359,31-03-2024,Dublin,Clothing,Footwear,122.31,2,0.05,48.81
104398,2025-06-26,Limerick,Electronics,Mobile Accessories,293.46,2,0.05,104.51
100350,29-10-2025,Dublin,Homeware,Storage,266.79,1,0.2,20.95
106294,04-03-2024,Dublin,Electronics,Smart Home,66.84,1,0.15,8.34
103137,09/03/2024,Cork,Clothing,Womenswear,76.68,2,0.1,16.68
100723,2024-12-29,Dublin,Electronics,TVs,169.87,3,0.15,35.24
101901,28-06-2025,Dublin,Clothing,Footwear,178.89,4,0,80.27
103613,24-01-2025,Cork,Homeware,Bedding,976.36,4,0,375.43
100299,2024-10-13,Dublin,Homeware,Storage,149.26,1,0.05,30.61
100407,23-10-2024,Galway,Grocery,Dairy,21.16,4,0.05,6.85
101354,13-05-2024,Galway,Clothing,Kidswear,305.44,4,0.1,74.49
100946,06/09/2024,Dublin,Grocery,Dairy,30.73,4,0,13.2
103846,2024-07-27,Dublin,Grocery,Beverages,54.03,2,0,18.99
102222,2025-08-03,Galway,Homeware,Lighting,38.08,1,0.05,9.88
102640,16-12-2024,Dublin,Grocery,Fresh Produce,162.67,3,0.15,42.81
102147,25/06/2025,Cork,Clothing,Accessories,41.52,3,0.15,12.21
104792,08-08-2025,Galway,Electronics,Mobile Accessories,409.12,1,0,133.8
101373,2024-05-06,Galway,Electronics,Laptops,141.91,1,0.2,7.32
105688,18-06-2024,Dublin,Clothing,Menswear,115.1,1,0,29.31
105756,17/04/2024,Galway,Electronics,Headphones,197.66,1,0,80.34
100329,25-10-2024,Limerick,Clothing,Menswear,85.08,2,0.05,25.71
104039,29/10/2024,Cork,Grocery,Beverages,10.92,1,0.1,2.65
102229,2024-09-15,Limerick,Homeware,Storage,37.01,1,0,9.7
101423,2024-04-29,Dublin,Grocery,Dairy,86.48,2,0.15,11.77
101747,10-07-2024,Limerick,Electronics,Mobile Accessories,451.52,2,,167.01
105046,24/09/2025,Galway,Grocery,Fresh Produce,39.35,1,0,16.59
104773,2024-11-26,Dublin,Electronics,Smart Home,613.99,1,0,188.19
101542,2024-10-02,Dublin,Electronics,Smart Home,424.05,2,0.05,169.5
104596,2024-01-06,Limerick,Clothing,Footwear,172.16,2,0,45.08
101518,18-02-2024,Limerick,Grocery,Dairy,79.08,2,0.05,31.37
102540,21/05/2025,Galway,Clothing,Footwear,195.48,4,0.1,62.87
102226,13-07-2024,Dublin,Grocery,Dairy,25.48,1,0,8.61
102349,2024-05-30,Limerick,Grocery,Beverages,56.16,2,0.1,13.49
104834,2024-08-04,Dublin,Homeware,Bedding,76.28,4,0,20.56
104800,2024-08-11,Dublin,Homeware,Furniture,250.69,1,0,112.05
105898,08/05/2025,Dublin,Grocery,Bakery,40.61,1,,8.39
105128,2024-03-28,Dublin,Electronics,Smart Home,1376.23,2,0.2,263.22
103982,2024-09-04,Dublin,Clothing,Womenswear,328.58,4,0.1,90.56
105495,2024-06-11,Cork,Grocery,Fresh Produce,37.33,1,0.05,8.52
104096,24/09/2025,Limerick,Homeware,Lighting,29.61,1,0.1,8.99
103918,2025-09-02,Dublin,Homeware,Furniture,80.22,2,0,26.69
103037,12-11-2024,Dublin,Homeware,Furniture,260.29,3,0.15,42.66
104452,14-09-2025,Galway,Clothing,Accessories,158.49,3,0,53.99
101426,15-10-2025,Dublin,Homeware,Kitchenware,16.9,1,0,6.91
106128,2024-10-22,Dublin,Homeware,Lighting,61.2,1,0.15,9.76
105490,02-06-2024,Dublin,Grocery,Dairy,43.23,1,0.2,5.76
100348,30-09-2025,Dublin,Electronics,Headphones,1189.21,3,0.2,97.66
103293,2025-02-07,Limerick,Electronics,Laptops,646.04,4,0,173.99
103741,2025-12-01,Cork,Electronics,Laptops,681.3,2,0,171.98
101289,09-12-2025,Limerick,Clothing,Kidswear,46.42,1,0,11.63
105010,2025-01-06,Dublin,Clothing,Kidswear,80.94,1,0.15,18.61
102073,13-05-2024,Cork,Electronics,Smart Home,220.92,1,0.15,41.66
104425,2024-03-13,Dublin,Electronics,Laptops,902.27,2,0.05,264.0
103565,21-08-2025,Dublin,Homeware,Kitchenware,82.61,1,0,35.7
104634,2025-09-04,Galway,Clothing,Footwear,104.88,1,0.1,21.47
102223,2024-04-02,Cork,Electronics,TVs,636.48,4,0,208.67
102995,02-08-2024,Limerick,Grocery,Dairy,61.51,2,0.2,7.92
102706,24-11-2025,Galway,Electronics,Laptops,1769.46,2,0.05,590.9
104689,2025-03-29,Dublin,Electronics,Headphones,1159.82,2,0.05,386.72
100937,11/09/2025,Limerick,Grocery,Fresh Produce,91.1,2,0,27.84
103700,25-02-2024,Galway,Electronics,TVs,598.77,1,0,213.02
102718,30/05/2025,Limerick,Homeware,Kitchenware,387.04,2,0,102.34
106343,04/04/2024,Dublin,Electronics,Headphones,1023.68,3,0.15,293.78
101387,25-11-2024,Galway,Homeware,Storage,1045.63,4,0.2,
101537,05/04/2024,Cork,Grocery,Fresh Produce,7.2,1,0.1,2.51
105942,2024-01-26,Cork,Homeware,Lighting,99.31,1,0,34.53
102428,2024-10-05,Dublin,Clothing,Footwear,93.79,1,0.15,23.0
102287,2025-04-16,Galway,Clothing,Accessories,196.28,4,0,65.77
103943,02/10/2025,Cork,Electronics,TVs,270.33,2,0.2,62.99
103897,17/09/2024,Dublin,Homeware,Storage,774.39,3,0.2,38.8
103493,2025-02-15,Cork,Homeware,Kitchenware,237.38,1,0.2,53.24
101685,27-05-2024,Dublin,Homeware,Furniture,688.14,3,0,201.03
106427,2024-01-20,Dublin,Electronics,Mobile Accessories,1462.27,2,0,564.09
104052,2024-04-10,Dublin,Clothing,Kidswear,104.83,1,0,40.99
105403,12-06-2025,Dublin,Electronics,Laptops,128.21,1,0.2,30.16
105957,2024-02-04,Limerick,Clothing,Kidswear,69.2,1,0.15,8.19
102360,2025-09-02,Dublin,Electronics,Headphones,355.56,1,0,125.79
104984,07/02/2025,Dublin,Grocery,Fresh Produce,81.93,2,0,22.2
102355,29/02/2024,Cork,Grocery,Beverages,42.76,2,0.2,4.6
104836,2025-08-03,Dublin,Clothing,Footwear,109.9,1,0.1,22.47
104255,2024-10-02,Limerick,Homeware,Lighting,883.52,4,0.2,
103381,08-04-2024,Galway,Electronics,Mobile Accessories,300.52,1,0.2,64.07
105808,17/11/2025,Galway,Electronics,Laptops,548.04,2,0.15,140.46
101548,2024-03-02,Galway,Grocery,Bakery,17.71,1,0,
106432,14-06-2025,Dublin,Electronics,Smart Home,38.2,1,0.2,4.62
100228,11-08-2024,Cork,Grocery,Fresh Produce,64.97,3,0.1,
102998,04/12/2025,Galway,Clothing,Footwear,77.78,3,0.15,9.96
101765,30/06/2024,Dublin,Electronics,Headphones,1185.97,4,0.1,221.71
100629,17/12/2024,Cork,Grocery,Snacks,103.11,3,0.1,18.73
100691,18-11-2025,Dublin,Clothing,Kidswear,384.27,3,0,103.51
104058,27/09/2024,Dublin,Electronics,Smart Home,317.89,1,0,85.53
100134,2024-03-16,Dublin,Clothing,Menswear,66.1,4,0,28.73
101464,25/08/2024,Dublin,Electronics,Smart Home,919.38,2,0,277.81
101446,17-01-2025,Dublin,Homeware,Bedding,685.49,4,0.1,118.08
103980,2024-05-11,Cork,Grocery,Snacks,45.62,2,0.05,11.12
103548,2024-01-29,Galway,Electronics,Smart Home,104.98,2,0,27.53
105074,30-04-2025,Dublin,Grocery,Snacks,40.63,1,0.2,6.03
104725,23/11/2025,Cork,Homeware,Furniture,1171.34,3,0.05,274.33
101310,2024-06-24,Dublin,Clothing,Accessories,92.95,1,0.05,21.05
105603,2025-12-14,Cork,Homeware,Lighting,602.48,2,0,263.84
101383,27-12-2024,Limerick,Electronics,Mobile Accessories,1305.56,2,0,550.56
100392,13-06-2024,Limerick,Grocery,Bakery,122.04,3,0.2,23.31
105335,2024-10-10,Dublin,Electronics,Mobile Accessories,103.5,1,0,32.78
101981,17/08/2024,Dublin,Homeware,Lighting,656.23,3,0.2,155.75
104305,24/06/2025,Dublin,Clothing,Womenswear,83.74,1,0.1,15.86
103101,18-06-2024,Cork,Homeware,Storage,34.24,1,0,14.78
104774,2025-10-15,Limerick,Grocery,Fresh Produce,18.22,3,0.1,5.63
102028,07/07/2025,Dublin,Clothing,Menswear,68.72,1,0.2,9.2
100681,21/09/2025,Limerick,Clothing,Accessories,89.38,1,0.1,27.7
105587,2025-11-11,Dublin,Grocery,Beverages,62.6,1,0.15,15.49
102032,2025-08-09,Cork,Homeware,Kitchenware,236.54,2,0,88.92
100993,18/07/2025,Dublin,Homeware,Lighting,328.51,1,0.2,22.07
105690,2024-06-29,Limerick,Homeware,Lighting,292.04,4,0.15,41.6
103885,2024-04-27,Dublin,Grocery,Dairy,25.18,1,0.05,6.16
102882,27/12/2024,Limerick,Electronics,Mobile Accessories,1752.74,3,0.1,479.62
102634,13-03-2024,Dublin,Homeware,Storage,887.86,3,0.1,195.64
100613,09/12/2025,Cork,Grocery,Bakery,17.42,2,0.05,5.51
102465,21/11/2024,Dublin,Clothing,Menswear,359.87,2,0.15,67.65
103544,11-01-2025,Dublin,Grocery,Bakery,34.36,2,0.05,13.61
105166,12-06-2025,Dublin,Clothing,Menswear,95.09,1,0,39.43
104525,2024-05-24,Galway,Homeware,Kitchenware,263.24,4,0,91.77
104983,11-05-2025,Dublin,Electronics,Mobile Accessories,560.08,1,0,236.96
105071,2024-09-29,Limerick,Homeware,Lighting,219.15,1,0,72.67
101326,24/07/2024,Dublin,Homeware,Lighting,266.13,1,0.15,57.15
100645,10/10/2024,Cork,Electronics,TVs,540.08,2,0.05,154.94
105197,21/05/2024,Galway,Homeware,Furniture,50.52,2,0.15,11.37
100604,17/01/2024,Limerick,Electronics,Headphones,29.51,1,0.15,5.01
104061,02/04/2024,Galway,Electronics,Smart Home,126.46,1,0,45.02
103400,29-09-2025,Galway,Grocery,Dairy,27.32,2,0,10.26
102975,16-05-2024,Galway,Electronics,Mobile Accessories,679.02,2,0,171.91
106050,11-02-2024,Dublin,Grocery,Dairy,24.36,2,0.2,4.31
105728,04/03/2025,Dublin,Electronics,Smart Home,863.53,2,0.15,170.73
101586,13/02/2025,Cork,Grocery,Bakery,65.49,3,0.15,10.91
106434,2024-05-29,Cork,Homeware,Lighting,173.38,1,0,49.46
104777,12-09-2025,Dublin,Electronics,Headphones,1490.15,2,0.15,250.25
102188,2024-11-08,Limerick,Grocery,Beverages,16.97,2,0.05,6.22
105536,2024-04-20,Dublin,Clothing,Womenswear,80.72,1,0,22.8
101762,25-01-2025,Galway,Homeware,Lighting,107.59,1,0,46.08
100510,10/11/2025,Cork,Grocery,Bakery,5.99,1,0.2,0.66
100688,03/02/2025,Galway,Homeware,Lighting,73.22,1,0,29.81
104746,12/03/2024,Dublin,Clothing,Womenswear,41.55,1,0,10.42
101505,05/06/2025,Dublin,Clothing,Footwear,113.14,1,0.2,6.01
102323,07-11-2024,Limerick,Grocery,Bakery,168.44,3,0,64.31
100267,2024-08-30,Dublin,Grocery,Dairy,25.46,1,0.1,8.2
102050,23/11/2024,Galway,Grocery,Fresh Produce,48.33,1,0.2,4.05
104438,08/07/2025,Limerick,Homeware,Bedding,459.98,2,0,
103000,29/08/2024,Limerick,Clothing,Accessories,62.76,1,0,16.27
103420,2025-02-02,Cork,Homeware,Bedding,404.9,2,0,181.88
102928,29-08-2024,Dublin,Clothing,Womenswear,452.35,4,0,134.5
106279,14-03-2025,Galway,Homeware,Bedding,74.52,3,0,26.97
103467,2024-08-25,Cork,Grocery,Snacks,78.26,3,0.05,29.26
103353,30/11/2024,Cork,Homeware,Kitchenware,1563.46,4,0,601.04
105956,2025-09-17,Limerick,Grocery,Fresh Produce,152.83,4,0,45.37
104343,2025-12-07,Limerick,Grocery,Bakery,71.3,2,0.1,17.1
103297,29/08/2024,Limerick,Electronics,Smart Home,67.58,1,0,18.39
105503,2025-05-23,Dublin,Clothing,Accessories,91.67,3,0.1,22.22
100958,2025-08-18,Dublin,Homeware,Kitchenware,51.42,1,0,20.62
103736,2024-12-15,Galway,Electronics,Headphones,1566.56,3,0.2,344.25
101478,25-06-2025,Galway,Clothing,Accessories,137.28,2,0.1,35.24
105971,14/12/2025,Galway,Grocery,Bakery,28.06,4,0,10.75
105584,2024-08-30,Dublin,Grocery,Dairy,112.33,4,0.2,26.6
105513,30-03-2025,Limerick,Grocery,Dairy,83.76,2,0.05,30.74
101142,20/10/2025,Dublin,Homeware,Kitchenware,43.31,1,0,12.0
104465,19/10/2024,Cork,Grocery,Beverages,11.9,1,0,4.26
100871,2024-04-28,Cork,Homeware,Bedding,285.52,4,0.15,45.69
104035,11/11/2025,Dublin,Clothing,Menswear,299.6,3,0,75.8
102573,05/02/2025,Galway,Grocery,Bakery,31.44,4,0.15,4.33
104119,08-02-2024,Dublin,Clothing,Kidswear,118.59,1,0.1,30.55
106364,10-10-2025,Galway,Grocery,Dairy,37.17,3,0.15,4.11
102111,31-03-2024,Galway,Electronics,TVs,333.16,1,0.1,79.93
102979,17-09-2024,Limerick,Grocery,Dairy,86.04,2,0,26.56
102139,17-04-2025,Dublin,Clothing,Menswear,115.87,4,0,42.06
101079,2024-02-06,Cork,Homeware,Furniture,135.14,1,,10.82
103505,04/05/2024,Dublin,Grocery,Fresh Produce,90.99,4,0,36.34
104369,2024-11-29,Limerick,Electronics,Mobile Accessories,1545.4,2,0,578.64
100183,2024-12-13,Cork,Grocery,Bakery,26.77,2,0.05,8.03
100835,12/09/2024,Dublin,Homeware,Bedding,83.95,2,0,21.17
101818,03/01/2025,Cork,Homeware,Furniture,262.69,1,0.05,77.23
106402,18/06/2025,Limerick,Grocery,Dairy,168.77,4,0.2,14.36
100358,2024-11-16,Cork,Electronics,Smart Home,603.53,4,0.2,130.53
103126,25/12/2024,Limerick,Homeware,Lighting,217.32,1,0.05,64.91
103886,2025-09-28,Cork,Grocery,Dairy,108.78,3,0,35.92
104051,05-07-2024,Dublin,Homeware,Kitchenware,61.55,1,0.2,3.96
104383,28/12/2025,Limerick,Clothing,Menswear,237.61,2,0.05,50.48
102542,13/07/2025,Dublin,Electronics,Headphones,742.16,3,0.05,179.62
101795,11/01/2025,Galway,Homeware,Lighting,131.71,1,0,44.68
105004,2024-01-22,Galway,Clothing,Footwear,51.66,1,0.15,6.56
100739,24/07/2025,Dublin,Homeware,Storage,213.03,1,0.15,61.76
103339,2024-02-04,Dublin,Homeware,Storage,37.6,1,0,10.59
103646,26/03/2025,Cork,Clothing,Womenswear,78.64,1,0,21.32
104687,03-07-2024,Cork,Electronics,Smart Home,301.76,2,0,89.78
105476,15/10/2024,Dublin,Grocery,Beverages,59.2,2,,8.97
101093,23/04/2025,Galway,Homeware,Bedding,273.24,1,0.2,31.01
101118,2024-08-25,Galway,Homeware,Kitchenware,237.93,4,0.1,47.35
103761,2024-08-05,Limerick,Homeware,Storage,411.79,2,0.2,30.29
105961,15-09-2024,Limerick,Clothing,Menswear,59.79,1,0,22.99
104302,22/01/2024,Galway,Homeware,Bedding,161.32,2,0.2,30.75
101465,24-01-2024,Cork,Grocery,Bakery,71.02,2,0.05,17.19
105463,2024-12-02,Cork,Clothing,Kidswear,87.63,1,0.15,9.42
104874,2025-06-09,Dublin,Electronics,Laptops,213.74,1,0,76.79
103225,21-11-2025,Galway,Grocery,Snacks,48.83,2,0.1,16.25
101083,12/09/2024,Galway,Electronics,Headphones,104.2,1,0,45.98
101004,03/07/2024,Dublin,Homeware,Storage,888.03,4,0,378.8
100865,12-11-2025,Dublin,Electronics,Mobile Accessories,3675.11,4,0,1651.53
100028,2025-07-30,Limerick,Electronics,TVs,158.22,1,0,41.67
106472,30-10-2024,Galway,Electronics,Smart Home,142.98,2,0.15,24.53
101912,16/12/2025,Galway,Homeware,Kitchenware,775.99,3,0.2,134.68
102375,2025-01-16,Dublin,Grocery,Beverages,51.59,2,0.05,12.41
102695,01/01/2024,Dublin,Clothing,Accessories,186.65,3,0.15,23.95
103218,2024-02-19,Limerick,Grocery,Fresh Produce,18.07,1,0,7.62
104535,13-06-2024,Limerick,Homeware,Lighting,224.48,1,,89.12
101671,2025-05-29,Dublin,Electronics,Headphones,1225.35,2,0,545.18
103832,01/10/2024,Dublin,Homeware,Storage,84.94,1,0.1,16.77
106234,01/01/2025,Dublin,Grocery,Fresh Produce,31.05,1,0,12.28
100500,08-12-2024,Dublin,Clothing,Footwear,180.63,1,0.2,17.33
105915,08/12/2025,Limerick,Clothing,Kidswear,343.0,4,0.1,55.77
101654,31-01-2024,Galway,Grocery,Snacks,32.96,2,0,10.31
104259,30/05/2024,Dublin,Electronics,Smart Home,222.62,1,0.05,44.79
103475,20/08/2025,Dublin,Electronics,TVs,217.62,1,0.05,77.13
104416,27-09-2025,Dublin,Homeware,Furniture,212.66,2,0.2,22.73
100562,29/06/2024,Dublin,Clothing,Menswear,258.78,3,0.2,33.83
104158,11-06-2024,Cork,Grocery,Snacks,33.63,3,0.05,11.83
105338,2024-05-09,Cork,Electronics,TVs,100.1,2,0.1,27.16
100009,02/11/2025,Cork,Clothing,Womenswear,52.74,1,0.15,9.9
104767,12-01-2025,Limerick,Grocery,Dairy,125.33,4,0.05,49.5
104013,03-01-2025,Dublin,Electronics,TVs,508.16,1,0,140.18
106025,2024-12-24,Dublin,Electronics,Smart Home,1932.03,2,0.05,654.04
102024,23-06-2024,Cork,Clothing,Kidswear,180.9,2,0.2,26.53
103096,31-03-2024,Galway,Electronics,Mobile Accessories,1422.06,3,0,539.36
103578,29/08/2024,Cork,Grocery,Fresh Produce,18.56,1,0,5.64
102571,16/07/2025,Limerick,Clothing,Kidswear,223.76,2,0,70.88
105314,13-10-2025,Dublin,Electronics,TVs,784.51,2,0,345.13
100887,01-05-2024,Dublin,Clothing,Kidswear,97.81,1,0.15,14.77
103708,2025-06-03,Cork,Homeware,Kitchenware,560.88,2,0,189.3
103742,11/08/2024,Dublin,Homeware,Kitchenware,196.91,1,0.15,49.19
104188,2025-10-28,Galway,Clothing,Footwear,271.71,3,0,105.27
100463,06-04-2025,Dublin,Homeware,Kitchenware,53.2,1,0.15,13.28
105539,11-02-2024,Limerick,Homeware,Furniture,349.44,3,0,119.94
104870,22-08-2025,Cork,Electronics,Laptops,103.96,2,0,26.33
104863,2024-04-08,Dublin,Homeware,Bedding,400.98,2,0,151.45
102563,2024-12-23,Cork,Electronics,Laptops,1313.93,4,0,436.32
102744,2024-01-09,Limerick,Electronics,TVs,622.13,1,0.15,123.89
104276,13-04-2024,Galway,Homeware,Lighting,99.48,1,0,25.42
104240,23-03-2024,Dublin,Grocery,Snacks,77.76,3,0,31.34
106085,19-06-2025,Galway,Grocery,Dairy,14.35,1,0,4.73
100504,13-05-2024,Galway,Clothing,Accessories,60.38,2,0.15,11.21
102250,2024-04-07,Dublin,Homeware,Storage,39.72,1,0.05,15.81
101697,2024-01-06,Cork,Clothing,Menswear,63.14,2,0.05,24.08
102514,23/11/2024,Dublin,Electronics,Laptops,247.73,3,0,106.37
105910,24-08-2024,Cork,Homeware,Kitchenware,80.48,1,0,28.18
102210,2024-03-25,Cork,Clothing,Kidswear,106.39,1,0.05,24.49
105729,01/10/2025,Limerick,Electronics,Smart Home,633.05,1,0.05,165.25
104481,28-05-2024,Cork,Clothing,Menswear,80.99,1,0.05,25.12
105527,22/08/2024,Galway,Clothing,Accessories,188.97,2,0.15,38.16
102180,05-03-2024,Dublin,Homeware,Furniture,129.77,1,0,51.37
101406,2025-08-06,Galway,Grocery,Bakery,121.35,4,0,45.85
101308,11-05-2024,Dublin,Clothing,Accessories,198.31,4,0.2,25.62
104388,2024-03-01,Galway,Electronics,Laptops,133.41,1,0,51.42
103922,19-12-2024,Dublin,Electronics,TVs,1523.72,3,0,666.19
100956,23/12/2024,Dublin,Homeware,Furniture,924.2,4,0.2,129.11
104993,06-12-2025,Cork,Electronics,TVs,78.19,1,0.2,4.62
101604,2025-03-14,Cork,Electronics,TVs,252.2,1,0.15,69.16
104700,2024-07-03,Cork,Grocery,Snacks,15.52,1,0.1,4.99
102176,2025-09-01,Galway,Grocery,Fresh Produce,47.04,2,0,15.31
104431,11/06/2024,Dublin,Homeware,Lighting,108.49,2,0.05,36.72
102820,20/02/2025,Dublin,Homeware,Lighting,167.73,1,0.15,23.22
105405,18/06/2024,Limerick,Clothing,Menswear,16.28,2,0.2,1.12
100454,15/07/2025,Dublin,Grocery,Snacks,44.18,1,0,18.26
102796,26-11-2024,Galway,Homeware,Storage,581.56,2,0.2,39.35
102912,18-02-2024,Galway,Clothing,Footwear,57.63,3,0.2,8.61
101084,26-10-2024,Dublin,Clothing,Footwear,281.69,3,0,122.46
100634,28/05/2024,Limerick,Grocery,Bakery,7.78,3,0.1,1.2
103692,23/05/2025,Dublin,Electronics,Laptops,72.04,1,0.15,
106243,24/12/2024,Dublin,Homeware,Furniture,336.39,2,0.1,91.01
106058,2024-02-10,Galway,Homeware,Kitchenware,494.8,4,0.2,73.99
105788,27-08-2025,Dublin,Grocery,Beverages,35.47,1,0,10.91
103095,2025-12-20,Dublin,Homeware,Lighting,375.44,3,0.2,34.22
103813,04-05-2024,Cork,Electronics,Mobile Accessories,680.75,4,0,257.75
101966,02-07-2025,Cork,Clothing,Kidswear,108.09,1,0.2,14.42
104179,24/09/2024,Galway,Clothing,Accessories,318.57,3,0.15,51.47
104308,2025-11-21,Dublin,Grocery,Snacks,60.66,2,0.1,16.53
100703,29-05-2024,Dublin,Grocery,Bakery,29.29,1,0,
104156,12-07-2024,Galway,Electronics,Mobile Accessories,803.42,2,0.05,212.11
104695,01-04-2024,Limerick,Electronics,Headphones,180.67,1,0.2,13.9
102954,13/07/2024,Dublin,Grocery,Fresh Produce,25.69,1,0,8.36
105599,2024-09-24,Dublin,Grocery,Beverages,37.25,1,0,11.88
103965,13/01/2024,Dublin,Grocery,Fresh Produce,42.89,2,0,14.58
100905,13-04-2025,Dublin,Grocery,Snacks,24.24,1,0.05,7.17
103484,2025-04-19,Galway,Grocery,Beverages,42.08,4,0,15.03
103358,2025-04-11,Galway,Grocery,Bakery,3.93,1,0,1.27
101615,18/07/2024,Limerick,Homeware,Kitchenware,254.56,4,0.2,21.92
104842,31/10/2024,Galway,Electronics,Smart Home,1223.73,3,0.2,297.42
100482,25-07-2025,Galway,Grocery,Snacks,29.86,1,0.15,6.7
105070,22/03/2024,Galway,Clothing,Kidswear,67.22,2,0.1,11.9
100582,25/11/2025,Dublin,Electronics,Headphones,2891.09,3,0,748.11
103757,05/01/2025,Cork,Electronics,Smart Home,467.91,2,0.15,75.19
102704,04/03/2025,Galway,Electronics,Mobile Accessories,312.54,2,0.1,60.89
101869,02/09/2024,Limerick,Grocery,Snacks,46.82,1,0,14.83
100642,2025-01-19,Dublin,Clothing,Kidswear,125.19,2,0.05,32.29
101622,2025-11-19,Galway,Homeware,Bedding,341.74,1,0.1,96.59
104199,18/04/2024,Dublin,Clothing,Footwear,499.97,4,0,181.43
104043,11/07/2024,Dublin,Homeware,Kitchenware,221.65,1,0.2,45.35
100643,23/10/2024,Cork,Electronics,Mobile Accessories,300.64,1,0.05,86.63
105873,02/07/2025,Galway,Grocery,Dairy,8.78,2,0.15,1.14
105185,02-07-2025,Limerick,Grocery,Beverages,37.37,1,0.1,7.09
100066,12/01/2025,Cork,Grocery,Snacks,79.74,2,0,30.27
100902,08/08/2025,Limerick,Grocery,Dairy,5.88,1,0,2.27
100888,2024-04-01,Galway,Clothing,Kidswear,157.64,2,0,70.57
102840,22-09-2024,Dublin,Homeware,Bedding,112.77,2,0,44.7
105183,25-02-2024,Dublin,Electronics,Mobile Accessories,291.78,1,0.1,89.34
100979,20-04-2024,Limerick,Clothing,Footwear,30.34,1,0,11.73
101725,19/05/2025,Cork,Electronics,Laptops,345.98,2,0.15,95.47
101213,24/01/2024,Galway,Clothing,Accessories,65.27,1,0.2,4.4
105621,07-12-2025,Dublin,Electronics,TVs,1472.31,2,0,523.86
102138,2025-05-24,Cork,Grocery,Beverages,23.72,2,0.2,1.48
104775,2024-08-28,Cork,Electronics,Smart Home,499.24,2,0.05,155.7
103673,2024-06-17,Dublin,Homeware,Bedding,38.65,1,0,10.36
104217,2025-08-20,Dublin,Homeware,Storage,283.46,2,0,125.17
106297,13/07/2024,Galway,Grocery,Snacks,18.45,3,0,7.73
103472,26/04/2024,Cork,Electronics,Smart Home,688.76,2,0.15,151.15
101615,18/07/2024,Limerick,Homeware,Kitchenware,254.56,4,0.2,21.92
103820,02-09-2025,Cork,Grocery,Bakery,68.06,2,,12.16
104877,14/12/2025,Cork,Electronics,TVs,1030.42,3,0,279.49
105295,08-12-2024,Dublin,Clothing,Womenswear,115.29,3,0,29.78
100223,09/06/2025,Limerick,Clothing,Menswear,293.76,3,0.05,72.76
100129,28-11-2024,Dublin,Clothing,Kidswear,115.08,4,0,46.19
103010,2024-09-26,Galway,Clothing,Menswear,11.27,1,0.15,1.71
101153,2025-02-16,Limerick,Homeware,Kitchenware,181.87,1,0.15,46.69
103675,22/03/2024,Dublin,Grocery,Bakery,74.2,4,0.05,20.5
102749,2025-06-23,Dublin,Clothing,Menswear,128.8,1,0,50.94
106220,2025-10-03,Dublin,Homeware,Kitchenware,44.61,1,0.05,11.99
105373,2025-01-18,Galway,Homeware,Lighting,118.16,1,,8.64
100852,13/07/2024,Dublin,Grocery,Snacks,39.95,2,0.05,8.23
103789,05-12-2025,Cork,Clothing,Accessories,473.68,3,0,167.55
102565,24/01/2024,Dublin,Grocery,Bakery,45.8,1,0,12.82
104034,2024-10-14,Galway,Electronics,Laptops,823.9,2,0,366.44
102990,2025-07-28,Limerick,Clothing,Accessories,162.04,2,0.2,15.65
104691,11-11-2025,Limerick,Homeware,Storage,434.49,3,0.1,130.54
103866,2025-05-27,Galway,Electronics,Smart Home,368.84,1,0,125.11
105714,10-02-2025,Dublin,Homeware,Lighting,246.95,2,0.1,51.29
103963,15/03/2024,Galway,Electronics,TVs,1989.88,4,0.1,509.78
106313,02-12-2025,Dublin,Grocery,Dairy,17.39,1,0.1,4.14
101422,16-06-2025,Dublin,Electronics,Mobile Accessories,2101.29,3,0,634.71
103314,25-07-2025,Limerick,Grocery,Fresh Produce,3.41,1,0,1.48
101174,29/11/2025,Galway,Homeware,Furniture,596.12,2,0.1,109.7
102611,26-10-2025,Limerick,Clothing,Womenswear,181.38,2,0,64.72
105461,18/05/2025,Limerick,Grocery,Beverages,27.58,2,0.15,5.95
101184,2025-04-28,Galway,Clothing,Womenswear,93.46,1,0.05,34.98
105670,20-09-2024,Cork,Clothing,Menswear,120.76,2,0.15,21.44
101173,04-12-2025,Galway,Electronics,TVs,744.94,2,0.1,229.34
100671,23/09/2025,Galway,Grocery,Beverages,8.66,2,0,3.67
100453,14/06/2025,Cork,Electronics,Headphones,490.94,2,0.1,161.94
101186,15-09-2025,Dublin,Homeware,Furniture,264.64,2,0.2,66.08
104407,2025-06-03,Cork,Electronics,Smart Home,25.23,1,0.2,2.67
103574,14/07/2024,Cork,Electronics,Headphones,293.1,1,0,93.5
101221,04-12-2024,Galway,Grocery,Dairy,17.44,1,0.2,3.87
105768,18-05-2025,Galway,Grocery,Dairy,37.38,1,0.15,5.43
101816,26/07/2024,Galway,Electronics,Laptops,1765.68,3,0.2,416.45
104219,06/05/2024,Dublin,Homeware,Storage,586.82,2,0,248.0
104545,2025-02-04,Cork,Grocery,Dairy,40.7,2,0.15,4.48
102103,12/11/2024,Cork,Homeware,Furniture,218.71,2,0.05,83.85
103967,17/05/2024,Dublin,Homeware,Bedding,324.23,1,0.2,17.57
105899,17-12-2024,Cork,Homeware,Furniture,162.88,1,0,65.62
100255,2025-12-28,Dublin,Grocery,Fresh Produce,44.65,1,0.15,11.22
102650,26/10/2025,Galway,Grocery,Beverages,33.56,4,0.1,5.89
105890,26-10-2024,Dublin,Homeware,Lighting,313.82,1,0,80.05
105870,10-11-2024,Galway,Grocery,Snacks,124.78,3,0.05,34.28
101788,2024-02-16,Limerick,Clothing,Footwear,43.26,2,0,12.39
105398,25/05/2024,Cork,Homeware,Lighting,25.47,1,0,6.8
102935,2024-05-15,Cork,Electronics,TVs,705.08,2,0.15,129.28
103100,2025-04-17,Cork,Clothing,Menswear,28.79,1,0,8.24
102823,23-09-2025,Cork,Homeware,Furniture,91.18,1,0.2,15.48
100986,14-04-2025,Limerick,Clothing,Kidswear,62.16,3,,21.6
106411,2024-07-12,Dublin,Electronics,Headphones,1571.54,3,0.1,508.11
102218,11-06-2025,Galway,Clothing,Footwear,42.8,4,0,12.42
102407,25/02/2025,Galway,Grocery,Bakery,10.23,1,0.1,2.76
103685,2024-10-24,Dublin,Homeware,Bedding,552.51,4,0.15,134.18
102036,2024-09-06,Galway,Electronics,TVs,123.84,2,0,35.26
106372,29-04-2024,Dublin,Electronics,Laptops,148.6,1,0.2,18.12
101673,28-04-2024,Galway,Grocery,Fresh Produce,9.92,1,0,3.51
101398,26/02/2025,Dublin,Electronics,Smart Home,316.65,1,0.1,84.46
100375,13-05-2024,Cork,Clothing,Menswear,214.82,2,0,93.95
102601,2024-04-10,Cork,Homeware,Lighting,174.49,1,0.2,32.38
103054,2025-04-26,Dublin,Grocery,Beverages,49.4,2,0.2,
104328,2025-09-05,Cork,Electronics,Headphones,242.4,4,0.2,41.04
106231,10-06-2025,Dublin,Electronics,Headphones,538.13,2,0,159.89
100161,12-03-2025,Dublin,Clothing,Kidswear,200.38,3,0.2,13.56
103671,01/04/2025,Limerick,Electronics,Laptops,2097.44,4,0,726.19
102312,2024-02-04,Limerick,Clothing,Kidswear,89.77,1,0.2,14.49
103503,04-08-2025,Cork,Homeware,Lighting,163.74,2,0,42.24
104317,31/10/2025,Galway,Electronics,Mobile Accessories,274.14,3,0,84.48
101019,01-11-2024,Galway,Clothing,Footwear,144.27,1,0.2,25.28
102701,25-09-2024,Dublin,Electronics,Laptops,687.36,1,0.2,102.48
101313,2025-08-23,Dublin,Electronics,TVs,227.21,4,0,75.55
104841,2025-10-08,Dublin,Clothing,Accessories,123.27,3,0.1,29.07
100950,14/11/2025,Galway,Grocery,Beverages,49.38,1,0.05,13.22
100460,18-10-2024,Dublin,Clothing,Footwear,247.57,2,0.1,72.46
101595,2024-05-17,Dublin,Grocery,Bakery,8.03,2,0.2,1.95
101838,13/06/2024,Cork,Electronics,Headphones,366.6,2,0,146.27
102693,17/11/2024,Limerick,Electronics,TVs,124.08,1,0.1,38.09
100122,26-05-2024,Cork,Clothing,Menswear,71.67,3,0,30.94
104655,24/03/2025,Cork,Electronics,Smart Home,493.27,3,0.15,110.36
100264,13-08-2024,Dublin,Grocery,Bakery,21.93,1,0.2,3.48
101877,2025-04-09,Limerick,Grocery,Bakery,53.28,4,0.15,9.71
106314,24/07/2024,Dublin,Clothing,Menswear,170.61,2,0.15,49.79
105187,12/02/2024,Cork,Grocery,Snacks,74.13,3,0,33.17
104671,27-01-2024,Galway,Electronics,Laptops,2186.6,4,0.1,567.79
106103,2024-02-06,Galway,Grocery,Snacks,25.83,1,0.05,5.75
101564,2024-03-03,Galway,Homeware,Storage,49.01,1,0.15,5.76
101120,2025-03-31,Cork,Clothing,Kidswear,332.46,3,0.15,38.62
103669,01-09-2024,Galway,Clothing,Womenswear,127.68,3,0,32.23
106033,26-06-2025,Dublin,Clothing,Menswear,33.43,1,0,8.43
100854,22-12-2024,Cork,Clothing,Kidswear,361.2,3,0.05,77.55
103362,2024-07-28,Cork,Electronics,Smart Home,83.08,3,0.2,12.37
100989,26-05-2025,Cork,Clothing,Footwear,53.96,1,0.2,7.64
102198,16-08-2024,Galway,Homeware,Bedding,202.38,1,0,65.05
106198,14/08/2025,Cork,Electronics,Laptops,435.49,3,0,154.8
100220,21-01-2025,Galway,Electronics,Headphones,570.4,4,0.1,117.01
104764,25-09-2024,Dublin,Electronics,Headphones,114.79,1,0,38.47
100943,2025-06-23,Dublin,Electronics,TVs,200.86,2,0,85.97
102156,09-01-2024,Dublin,Homeware,Bedding,21.37,1,0.15,
100091,2025-05-14,Limerick,Electronics,TVs,203.28,3,0.15,23.54
103621,2025-10-08,Limerick,Electronics,Headphones,509.93,1,0,134.58
100210,06-03-2025,Dublin,Clothing,Footwear,242.42,2,0.05,93.08
102158,20/01/2024,Limerick,Electronics,Smart Home,1204.82,2,0.2,291.73
104577,13/02/2024,Galway,Homeware,Lighting,253.28,4,0.1,39.5
105229,29/10/2025,Dublin,Homeware,Storage,173.7,1,0.05,50.41
103769,26/08/2025,Dublin,Homeware,Bedding,159.53,2,0.15,33.58
101619,18-10-2024,Galway,Grocery,Snacks,35.72,1,0,9.63
105840,10-08-2024,Galway,Clothing,Kidswear,63.64,1,0,21.0
104892,2024-12-30,Limerick,Electronics,TVs,343.56,1,0.05,90.89
106390,2025-09-06,Cork,Clothing,Menswear,22.34,1,0.05,6.96
104142,2024-12-31,Dublin,Grocery,Snacks,108.39,4,0.2,12.51
101282,04-06-2024,Cork,Clothing,Womenswear,78.36,2,0,29.15
100970,31/10/2025,Dublin,Homeware,Storage,551.07,3,0.1,121.08
105885,2025-11-20,Dublin,Homeware,Lighting,161.21,1,0.15,38.64
101496,03/08/2025,Dublin,Electronics,Laptops,247.37,2,0.15,70.93
100216,17-06-2025,Dublin,Grocery,Beverages,9.94,2,0.15,1.17
104646,06-01-2025,Dublin,Clothing,Accessories,107.04,4,,38.36
104235,20/12/2024,Limerick,Grocery,Beverages,122.71,2,0.1,28.87
105986,2025-02-07,Dublin,Homeware,Lighting,68.84,1,0,27.63
100016,28-09-2024,Cork,Clothing,Womenswear,448.16,4,0.15,72.61
102739,2024-10-14,Cork,Clothing,Kidswear,24.41,1,0,7.88
100031,17/12/2024,Dublin,Grocery,Dairy,132.41,4,0,57.14
103235,28/03/2024,Limerick,Grocery,Beverages,42.95,1,0.15,11.95
103148,05-11-2024,Limerick,Clothing,Womenswear,646.69,4,0.2,74.95
103345,17-07-2024,Galway,Homeware,Lighting,367.58,2,0.05,129.42
102228,2025-10-11,Dublin,Grocery,Bakery,31.92,1,0.15,6.21
104798,14/04/2025,Limerick,Clothing,Kidswear,284.37,3,0.15,71.44
100213,07-11-2025,Dublin,Electronics,Laptops,247.62,1,0.1,85.0
102713,31-03-2024,Galway,Electronics,Headphones,1231.2,3,0.05,403.7
106200,22-02-2024,Dublin,Clothing,Footwear,28.38,1,0,10.24
101532,03/11/2024,Galway,Homeware,Furniture,345.17,1,0,131.86
106321,2025-08-24,Dublin,Electronics,Smart Home,503.9,1,0.1,112.45
100044,2025-10-10,Cork,Electronics,Laptops,245.03,1,0.2,51.5
106479,2024-10-29,Dublin,Clothing,Footwear,38.61,1,0,14.6
104966,2024-04-06,Dublin,Homeware,Furniture,77.39,2,0,24.47
100425,2024-06-14,Cork,Clothing,Menswear,35.29,1,0.1,8.17
105713,04/02/2024,Cork,Grocery,Beverages,51.27,3,0,15.32
102448,08/10/2024,Dublin,Homeware,Kitchenware,681.21,2,0.1,150.1
105803,22/09/2024,Galway,Electronics,Headphones,1808.1,3,0,494.03
102618,2025-01-25,Limerick,Clothing,Accessories,32.5,1,0,12.26
101154,18-06-2025,Cork,Clothing,Kidswear,289.88,4,0.1,66.4
106039,2025-03-05,Limerick,Homeware,Lighting,477.14,2,0.15,63.53
103693,27/07/2025,Dublin,Electronics,Mobile Accessories,438.69,1,0,172.59
100472,2025-12-11,Galway,Grocery,Dairy,91.64,2,0,25.6
104705,09/08/2024,Dublin,Homeware,Furniture,121.44,2,0,54.33
105430,12-10-2025,Galway,Clothing,Kidswear,101.48,2,0.05,31.12
101979,2025-02-16,Dublin,Clothing,Menswear,82.25,2,,21.14
104683,30/07/2024,Dublin,Grocery,Fresh Produce,58.17,3,0.05,15.79
101358,2025-04-25,Galway,Grocery,Bakery,117.27,3,0,31.45
104744,04/12/2025,Cork,Clothing,Footwear,25.62,1,0.1,5.56
105852,10/11/2024,Galway,Grocery,Beverages,10.86,1,0.05,3.71
105872,27-05-2025,Dublin,Grocery,Bakery,69.18,4,0.2,11.35
105879,08/10/2025,Dublin,Electronics,TVs,1649.89,3,0,486.58
104962,23/08/2025,Galway,Clothing,Accessories,68.95,4,0.05,24.75
105394,30-06-2025,Dublin,Grocery,Beverages,54.1,3,0.05,18.97
103863,08/07/2024,Dublin,Electronics,Laptops,641.18,3,0.1,112.74
104432,04/04/2025,Cork,Clothing,Menswear,61.72,1,0.2,5.54
100553,2025-12-22,Galway,Homeware,Bedding,85.85,2,0,29.35
103645,31/12/2025,Galway,Clothing,Menswear,247.88,2,0,78.41
104109,04-05-2025,Dublin,Grocery,Beverages,9.89,2,0,2.8
104036,2024-11-30,Limerick,Clothing,Accessories,186.54,2,0.2,26.87
105126,03-01-2025,Dublin,Grocery,Snacks,49.06,2,0.05,12.6
105905,04/02/2025,Dublin,Electronics,Mobile Accessories,333.3,3,0,119.1
100955,2024-03-30,Dublin,Electronics,Laptops,743.12,1,0,251.42
100856,2024-06-14,Dublin,Electronics,Smart Home,629.14,2,0,217.87
101680,24-11-2024,Dublin,Grocery,Dairy,83.24,2,0,31.15
106269,03/04/2024,Limerick,Grocery,Fresh Produce,29.23,3,0.2,3.37
100479,23/02/2024,Limerick,Homeware,Kitchenware,156.86,2,0,70.11
105537,2024-09-28,Limerick,Grocery,Fresh Produce,65.54,2,0.15,11.06
103214,2025-05-17,Galway,Homeware,Kitchenware,88.38,2,0,25.07
100962,05/10/2024,Limerick,Clothing,Womenswear,182.46,2,0.1,61.82
103372,2025-12-02,Limerick,Clothing,Menswear,78.04,1,0,27.9
105302,15-04-2025,Dublin,Electronics,Smart Home,2239.69,4,0,763.86
104955,2025-03-29,Dublin,Grocery,Fresh Produce,33.15,1,0,12.7
105059,25/07/2024,Cork,Homeware,Bedding,49.57,1,0,14.48
104370,06/01/2025,Galway,Grocery,Fresh Produce,29.58,3,0,13.14
103028,14/07/2024,Limerick,Homeware,Furniture,146.19,3,0,58.82
101559,2025-02-22,Dublin,Grocery,Dairy,41.18,1,0,15.72
100730,2025-08-22,Dublin,Grocery,Dairy,65.53,2,0,25.11
103719,13/02/2024,Galway,Electronics,Smart Home,258.27,3,0,115.57
103859,13/05/2025,Limerick,Clothing,Footwear,210.16,4,0,58.92
106333,2025-05-03,Dublin,Electronics,TVs,1409.44,2,0.2,222.15
103786,2025-09-30,Limerick,Grocery,Bakery,15.12,1,0.05,5.89
105586,26-11-2025,Dublin,Grocery,Beverages,124.03,4,0.15,17.45
105057,2025-08-31,Galway,Grocery,Snacks,23.94,1,0.15,5.86
106496,2024-09-02,Limerick,Clothing,Footwear,81.1,2,0.2,4.53
103370,2024-05-29,Dublin,Grocery,Beverages,34.18,2,0.05,7.24
102763,10/11/2025,Dublin,Electronics,Mobile Accessories,1375.46,2,0.05,313.93
106073,2025-09-22,Cork,Electronics,Headphones,264.17,1,0,84.56
100651,2025-06-22,Galway,Electronics,Smart Home,312.81,1,0,89.54
102493,08/10/2024,Galway,Electronics,Smart Home,527.39,1,0.15,113.08
105283,18/05/2024,Galway,Grocery,Bakery,22.18,2,0.05,8.86
105044,04-11-2024,Galway,Clothing,Kidswear,62.45,1,0.15,15.3
102289,20/09/2024,Galway,Homeware,Kitchenware,307.56,3,0.1,48.43
101546,24/02/2025,Dublin,Grocery,Snacks,125.12,4,0.15,33.88
101911,2025-06-27,Cork,Clothing,Accessories,55.08,1,0.2,6.75
104377,14/06/2024,Dublin,Electronics,TVs,44.03,1,0,19.79
101870,23-09-2024,Limerick,Electronics,Laptops,220.41,3,0.2,38.98
106180,2024-04-11,Cork,Grocery,Fresh Produce,66.44,4,0,
104279,31/12/2025,Cork,Homeware,Bedding,375.06,2,0,168.53
104794,23/04/2025,Dublin,Electronics,Headphones,627.23,1,0.1,209.55
100785,18-03-2025,Galway,Clothing,Kidswear,43.26,2,0.05,13.02
102817,11/01/2024,Cork,Grocery,Snacks,22.08,1,0.15,4.78
104890,15-04-2024,Cork,Grocery,Bakery,67.74,3,0,29.82
106099,2024-12-29,Dublin,Homeware,Storage,417.1,1,0.1,124.23
103393,2025-11-15,Galway,Clothing,Footwear,561.18,4,0.05,136.38
101430,09-02-2024,Limerick,Electronics,Smart Home,182.6,1,0,73.21
103268,17/07/2024,Limerick,Clothing,Kidswear,72.53,1,0.05,23.21
103276,2025-01-31,Cork,Electronics,TVs,245.98,1,0,71.29
101378,13/07/2024,Dublin,Homeware,Kitchenware,483.8,2,0.05,108.37
104933,01/11/2025,Galway,Homeware,Kitchenware,337.48,1,0,144.88
103365,23-09-2025,Cork,Electronics,Headphones,289.36,1,0,77.92
102300,2024-11-26,Galway,Clothing,Kidswear,219.1,2,0.05,70.29
105877,2025-07-13,Dublin,Grocery,Dairy,13.29,2,0,4.31
104840,13/09/2024,Dublin,Grocery,Fresh Produce,128.34,3,0,47.02
106189,03-04-2024,Dublin,Clothing,Accessories,72.3,1,0.1,11.01
102505,2025-11-18,Dublin,Clothing,Womenswear,13.67,1,,3.74
102451,06/11/2025,Dublin,Homeware,Bedding,273.93,1,,92.8
102118,29/04/2024,Dublin,Clothing,Menswear,170.31,2,0.2,20.36
100815,01-06-2024,Limerick,Homeware,Bedding,219.77,1,0.05,77.63
104300,09/04/2025,Dublin,Grocery,Snacks,73.92,4,0.15,9.67
102438,14/09/2025,Dublin,Clothing,Footwear,118.56,1,0.05,38.4
106490,2024-07-03,Dublin,Homeware,Lighting,354.5,2,0.1,104.0
105906,2024-02-27,Galway,Grocery,Dairy,28.52,4,0.15,4.87
102578,20/08/2024,Limerick,Clothing,Womenswear,174.4,2,0,69.07
102681,2024-09-07,Dublin,Electronics,Laptops,169.75,1,0.05,44.83
103821,2024-01-27,Cork,Grocery,Fresh Produce,25.84,2,0.15,6.48
102135,17/07/2025,Dublin,Electronics,Mobile Accessories,41.02,1,0.2,7.99
102011,30-12-2025,Limerick,Electronics,Smart Home,272.41,2,0,95.93
102602,2025-05-10,Dublin,Electronics,Mobile Accessories,254.31,2,0.15,53.34
106104,2025-11-14,Dublin,Electronics,Headphones,1177.46,2,0,392.9
100509,04-07-2025,Dublin,Grocery,Dairy,70.24,3,,21.84
100006,13-04-2024,Dublin,Clothing,Kidswear,30.15,1,0,9.53
104956,13-04-2025,Dublin,Clothing,Footwear,542.39,4,0.2,87.56
103514,2025-12-28,Dublin,Grocery,Fresh Produce,40.48,2,0,12.84
100954,29-06-2025,Cork,Homeware,Lighting,102.75,3,0.05,30.27
103147,27/10/2025,Dublin,Electronics,TVs,644.18,1,0,192.19
104599,03-03-2025,Dublin,Electronics,TVs,2027.73,4,0.05,655.73
105340,2025-08-07,Dublin,Homeware,Lighting,159.21,3,0.1,53.36
103826,2025-05-13,Galway,Clothing,Kidswear,190.88,2,0.05,60.9
100077,23-03-2024,Cork,Clothing,Kidswear,75.62,1,0,30.57
100174,11-09-2025,Dublin,Electronics,Headphones,261.37,3,0.2,35.19
104394,24-09-2024,Limerick,Electronics,Headphones,430.48,1,0,125.33
103825,11-01-2024,Dublin,Grocery,Beverages,58.62,3,0.1,12.45
105101,2025-09-23,Dublin,Grocery,Bakery,32.98,4,0,11.57
102637,26-04-2025,Cork,Grocery,Beverages,95.92,4,0.2,23.11
106495,09-05-2025,Cork,Clothing,Accessories,22.42,1,0,5.64
106147,05-06-2025,Galway,Grocery,Bakery,33.27,1,0.05,11.18
101180,08-06-2025,Dublin,Grocery,Dairy,88.96,2,0,23.1
104334,13/08/2024,Dublin,Homeware,Furniture,207.83,1,0.15,53.85
102390,19-01-2025,Limerick,Grocery,Fresh Produce,16.02,1,0,6.52
104603,09-03-2025,Cork,Grocery,Dairy,35.1,1,0.15,9.33
105727,2024-03-30,Dublin,Electronics,Headphones,275.49,2,0,123.96
102859,27/12/2024,Dublin,Electronics,Laptops,829.79,4,0,250.31
101694,2024-11-05,Dublin,Clothing,Menswear,639.11,4,0.2,86.43
103873,2025-01-06,Dublin,Homeware,Lighting,304.14,1,0.1,86.1
100172,26/11/2024,Limerick,Homeware,Furniture,797.36,2,0,223.91
102048,23-01-2024,Cork,Electronics,Smart Home,184.01,1,0.15,27.37
100271,05-04-2024,Dublin,Grocery,Beverages,44.34,2,0,14.79
101414,08-02-2024,Cork,Clothing,Footwear,27.6,1,0.1,4.71
102336,15/09/2025,Galway,Grocery,Fresh Produce,30.24,3,0.1,10.51
100277,2024-01-09,Galway,Electronics,Smart Home,917.54,2,0,370.88
105913,2025-02-06,Cork,Grocery,Bakery,5.78,1,0.1,1.74
103195,2025-09-25,Dublin,Electronics,Smart Home,142.13,1,0,59.7
102540,21/05/2025,Galway,Clothing,Footwear,195.48,4,0.1,62.87
100585,16-04-2024,Galway,Grocery,Bakery,29.56,1,0,13.1
105587,2025-11-11,Dublin,Grocery,Beverages,62.6,1,0.15,15.49
101080,19-07-2024,Cork,Clothing,Menswear,69.88,1,0.05,17.25
103551,2025-04-14,Cork,Electronics,Mobile Accessories,961.16,3,0.05,230.68
103492,10/12/2024,Dublin,Electronics,Headphones,635.82,1,,173.26
103870,30-09-2024,Dublin,Homeware,Bedding,378.36,3,0.1,88.34
102957,06-03-2024,Cork,Homeware,Lighting,578.64,2,0,235.11
103698,2024-04-14,Galway,Electronics,Smart Home,312.56,4,0.05,122.01
103626,15/01/2024,Dublin,Electronics,Headphones,1501.1,3,0.2,150.51
100192,23/01/2025,Limerick,Clothing,Kidswear,459.68,4,0,180.15
106196,26/07/2024,Cork,Homeware,Kitchenware,775.86,3,0.1,186.24
106175,2025-03-24,Limerick,Grocery,Beverages,190.46,4,0,52.82
103893,2025-02-10,Dublin,Electronics,Mobile Accessories,643.46,1,0.1,193.63
103689,27-12-2024,Galway,Homeware,Furniture,44.87,1,0,11.77
106324,01/03/2024,Cork,Grocery,Bakery,17.09,1,0.15,
103041,23/05/2025,Galway,Clothing,Kidswear,75.06,1,0.2,13.31
104468,08-01-2024,Dublin,Homeware,Storage,325.2,1,0,125.91
100823,30-07-2024,Dublin,Homeware,Furniture,466.92,3,0.15,95.74
105991,03-06-2025,Galway,Homeware,Kitchenware,532.68,2,0.15,96.25
104528,11/01/2025,Cork,Grocery,Beverages,28.68,1,0,10.62
104146,16-09-2025,Cork,Homeware,Lighting,136.2,1,0,46.55
102709,13/09/2025,Limerick,Homeware,Furniture,275.27,1,0.15,49.09
104321,27/05/2025,Galway,Clothing,Menswear,318.96,4,0.1,107.0
103024,21-09-2025,Cork,Clothing,Womenswear,69.12,1,0.05,20.43
105485,06/07/2024,Limerick,Homeware,Furniture,115.61,1,0.05,27.89
102052,02/05/2024,Galway,Clothing,Kidswear,379.48,4,0.2,92.2
105168,2025-03-30,Galway,Clothing,Footwear,83.12,1,0.15,14.93
105955,04-01-2024,Limerick,Grocery,Fresh Produce,56.35,4,0,23.5
102213,27/10/2025,Galway,Clothing,Menswear,40.49,1,0,14.88
103090,2025-10-01,Dublin,Homeware,Furniture,220.71,4,0.15,26.62
105298,05/06/2025,Cork,Clothing,Accessories,230.2,2,0.15,54.98
101569,2025-07-02,Cork,Electronics,TVs,160.2,3,0,43.23
103455,2025-12-27,Dublin,Homeware,Bedding,623.59,2,0,263.16
102917,06-04-2025,Dublin,Electronics,TVs,122.87,2,0.05,43.21
101584,23-07-2025,Limerick,Electronics,Mobile Accessories,415.99,1,0.2,50.44
104511,2024-12-20,Dublin,Grocery,Snacks,76.94,3,0.15,22.7
103966,09-03-2024,Cork,Grocery,Beverages,37.17,1,0.05,13.93
106228,27-03-2025,Galway,Electronics,Laptops,428.4,2,0,159.11
104729,14-09-2024,Dublin,Grocery,Fresh Produce,12.55,1,0.1,2.8
100111,2024-08-31,Cork,Electronics,Laptops,89.22,1,0.15,19.25
102766,26-10-2025,Dublin,Homeware,Storage,233.35,1,0,64.84
106377,10/03/2025,Dublin,Electronics,Smart Home,730.82,2,0.05,174.01
102523,15-12-2024,Dublin,Clothing,Womenswear,198.51,2,0.05,55.88
105411,2024-06-01,Dublin,Grocery,Dairy,48.46,2,0,14.68
101581,08-11-2025,Dublin,Grocery,Bakery,102.52,2,0.15,29.9
101881,25-05-2024,Limerick,Electronics,Mobile Accessories,962.36,2,0,256.73
101501,17-12-2025,Dublin,Electronics,Headphones,206.5,1,0,88.8
102900,2024-04-14,Dublin,Electronics,Mobile Accessories,1204.6,3,0,343.05
100459,18-12-2024,Dublin,Electronics,Mobile Accessories,1826.09,2,0,611.06
105060,31/01/2025,Dublin,Homeware,Bedding,539.4,2,0.1,84.87
106048,16/07/2025,Cork,Homeware,Kitchenware,278.08,1,0,78.72
103875,2024-07-21,Limerick,Clothing,Menswear,157.29,3,0.05,60.5
102468,28-06-2025,Dublin,Homeware,Bedding,259.6,1,,105.78
101515,12/04/2025,Dublin,Grocery,Fresh Produce,60.31,3,0.2,14.32
103417,24-11-2024,Dublin,Grocery,Dairy,57.53,1,0,24.86
101867,03-06-2024,Dublin,Electronics,TVs,1114.0,2,0.15,196.58
102750,06-02-2025,Dublin,Clothing,Footwear,358.28,3,0.2,18.59
106387,23/04/2025,Dublin,Homeware,Furniture,163.02,2,0,59.27
101305,2024-01-22,Limerick,Clothing,Footwear,108.86,2,0.1,33.92
100536,10/03/2024,Galway,Electronics,Mobile Accessories,319.26,1,0.15,40.9
104884,12-01-2024,Dublin,Homeware,Bedding,162.47,1,0.05,40.54
102780,2025-12-12,Dublin,Electronics,Laptops,2992.99,4,0.15,891.31
101962,29-09-2025,Galway,Homeware,Kitchenware,135.12,1,0,42.88
105708,01-09-2025,Dublin,Grocery,Snacks,50.54,3,0.2,9.35
102424,22-08-2025,Limerick,Grocery,Fresh Produce,41.53,4,0.1,12.36
101863,08/06/2025,Galway,Grocery,Beverages,8.6,2,0,2.53
104551,2024-12-01,Dublin,Clothing,Menswear,564.85,4,0,253.38
102862,05-11-2025,Limerick,Grocery,Bakery,44.3,1,0.05,12.23
106308,16-09-2024,Dublin,Homeware,Bedding,255.85,2,0,110.56
100346,2025-10-29,Dublin,Electronics,Headphones,369.51,1,0.15,98.05
100527,13-12-2025,Cork,Clothing,Footwear,61.92,1,0,22.25
103355,03-01-2024,Dublin,Grocery,Beverages,15.7,3,0,4.19
102606,05/10/2024,Dublin,Homeware,Furniture,442.81,3,0.05,116.95
104054,11-05-2024,Galway,Clothing,Kidswear,26.28,1,0,9.06
100991,23-03-2025,Cork,Electronics,Headphones,290.79,1,0,93.07
104110,2024-08-12,Dublin,Clothing,Accessories,77.42,1,0,22.23
104408,08/01/2024,Dublin,Grocery,Bakery,80.27,2,0.15,20.22
103125,19/01/2025,Dublin,Homeware,Lighting,261.13,1,0.2,47.9
102096,26/09/2025,Dublin,Homeware,Storage,245.35,1,0.1,80.17
101002,2024-05-25,Dublin,Homeware,Kitchenware,149.22,4,0,39.91
106405,05/05/2024,Dublin,Clothing,Womenswear,188.42,2,0,64.61
100908,04-06-2025,Limerick,Homeware,Lighting,463.08,3,0.15,
103031,23/04/2025,Cork,Electronics,Smart Home,298.03,1,0,120.64
102260,22-06-2024,Dublin,Grocery,Fresh Produce,12.17,1,0.2,1.64
100259,2025-09-03,Dublin,Clothing,Accessories,23.91,1,0.2,3.79
100764,2024-03-28,Dublin,Electronics,TVs,1615.06,4,0.05,483.67
104918,08-07-2025,Cork,Clothing,Accessories,84.15,1,0.2,9.66
100881,2024-07-02,Limerick,Clothing,Kidswear,354.75,3,0.2,77.39
106317,21-01-2024,Cork,Clothing,Footwear,46.1,2,0.05,11.32
101972,21-09-2025,Cork,Clothing,Accessories,152.5,2,0,51.08
104958,24/06/2024,Galway,Grocery,Dairy,39.16,4,0.1,11.25
102329,05/04/2025,Galway,Clothing,Kidswear,135.06,3,0.1,21.69
100776,29/11/2025,Limerick,Grocery,Snacks,62.34,3,0,23.79
105851,2025-03-26,Cork,Electronics,Headphones,914.21,4,0,362.49
105051,2025-12-15,Cork,Clothing,Footwear,145.15,2,0.2,12.0
103595,22/11/2024,Dublin,Electronics,TVs,1896.71,2,0.1,542.61
100068,26/08/2025,Limerick,Grocery,Fresh Produce,34.31,1,,12.96
104569,2024-06-19,Galway,Grocery,Bakery,54.32,2,0,20.84
102018,16/11/2024,Dublin,Clothing,Kidswear,346.21,4,0.15,89.13
103974,30/12/2024,Dublin,Homeware,Furniture,151.34,1,0,58.04
105669,16-04-2025,Cork,Homeware,Kitchenware,465.66,2,0,130.24
100451,2024-11-18,Cork,Grocery,Snacks,50.12,4,0.1,14.73
104638,02/11/2024,Dublin,Grocery,Beverages,59.78,1,0.1,9.12
101599,02-09-2025,Dublin,Clothing,Menswear,368.53,3,0,136.96
100341,20-02-2025,Galway,Grocery,Fresh Produce,21.58,1,0,8.37
103830,17-01-2025,Dublin,Clothing,Footwear,162.82,2,0,66.2
103239,29/05/2025,Dublin,Electronics,Headphones,1213.27,2,0.05,448.76
101489,2024-07-20,Dublin,Clothing,Kidswear,60.0,1,0,23.37
104271,03-07-2024,Dublin,Electronics,Headphones,274.84,1,0.05,78.95
100492,2025-07-25,Dublin,Electronics,TVs,572.08,2,0.15,95.51
102716,10-11-2024,Galway,Electronics,Headphones,401.93,1,0.15,60.43
103733,17/05/2025,Cork,Clothing,Accessories,89.92,1,0.2,
106441,2024-10-18,Limerick,Grocery,Beverages,43.86,1,0.2,6.46
101365,05/11/2024,Dublin,Clothing,Footwear,248.74,3,0.15,61.18
100931,04-04-2025,Cork,Electronics,Smart Home,74.05,2,0.1,12.12
100622,22-02-2024,Dublin,Grocery,Snacks,29.36,1,0,12.18
100489,14-01-2024,Limerick,Homeware,Lighting,1116.96,4,0,398.07
102815,05/02/2025,Dublin,Clothing,Kidswear,139.62,3,0,51.15
101324,11-07-2024,Galway,Electronics,Mobile Accessories,123.28,2,0.2,10.02
101357,23/10/2024,Dublin,Homeware,Bedding,65.94,1,0.1,11.07
100879,2025-05-29,Limerick,Electronics,Mobile Accessories,1944.09,3,0.1,494.47
102481,2024-05-26,Dublin,Grocery,Beverages,34.06,1,0,10.27
105441,23-11-2024,Dublin,Homeware,Storage,114.05,2,0,35.02
100191,22/10/2024,Galway,Clothing,Kidswear,123.48,2,0.2,13.05
102645,11-10-2024,Limerick,Electronics,TVs,1281.58,2,0.1,226.52
100518,24/07/2025,Cork,Electronics,Laptops,122.93,1,0.15,36.15
100683,13/06/2024,Dublin,Homeware,Lighting,91.03,1,0,40.46
101011,2024-09-16,Cork,Grocery,Dairy,100.23,3,0.1,28.02
105143,28/10/2024,Galway,Homeware,Kitchenware,20.17,1,0.05,7.52
103044,2025-01-17,Galway,Grocery,Bakery,117.03,3,0.1,38.4
104184,2025-05-20,Galway,Electronics,TVs,1085.28,3,0,304.3
102291,26-06-2025,Dublin,Grocery,Beverages,39.4,2,0,10.9
104133,2024-09-17,Limerick,Clothing,Womenswear,58.71,1,0,23.5
103186,17/04/2025,Dublin,Homeware,Bedding,327.35,1,0,87.2
100957,27/02/2024,Galway,Electronics,Laptops,260.91,1,0.15,27.92
103781,2025-09-10,Cork,Electronics,Headphones,294.38,1,0,87.61
105150,24-06-2024,Cork,Clothing,Womenswear,90.49,1,0,37.41
104979,06-12-2025,Limerick,Grocery,Fresh Produce,164.1,4,0.1,54.72
100548,09/05/2025,Limerick,Homeware,Bedding,217.26,2,0.15,27.21
100656,2025-11-17,Dublin,Electronics,Laptops,891.39,1,0.1,249.97
104724,18-09-2024,Galway,Clothing,Kidswear,32.61,3,0,14.27
106205,2024-07-07,Limerick,Grocery,Beverages,9.11,1,0.2,1.2
100283,2025-05-26,Cork,Electronics,TVs,319.25,1,0,84.03
100420,13-02-2024,Galway,Grocery,Snacks,39.7,2,0,17.55
102851,2025-08-08,Dublin,Homeware,Furniture,818.61,3,0,263.48
106311,12/01/2024,Limerick,Electronics,TVs,1299.78,2,0.15,254.48
101463,26-06-2024,Limerick,Grocery,Fresh Produce,7.63,3,0,2.77
102725,02-01-2025,Galway,Clothing,Kidswear,234.12,4,0.05,61.22
102235,01/10/2025,Dublin,Electronics,Laptops,1486.77,2,0,469.07
106280,2024-12-30,Limerick,Clothing,Footwear,81.65,2,0,26.14
103629,2024-02-29,Limerick,Clothing,Menswear,22.94,1,0.1,3.59
100260,31/10/2024,Limerick,Electronics,Laptops,220.74,1,0,94.17
100635,23-10-2024,Limerick,Homeware,Storage,442.56,2,0,138.15
100494,15-01-2025,Dublin,Clothing,Kidswear,175.12,2,0.1,53.8
100780,2024-07-16,Cork,Homeware,Kitchenware,689.82,3,0.15,157.58
101046,2024-02-24,Cork,Electronics,Smart Home,539.35,4,0,237.32
102869,08/04/2024,Galway,Clothing,Menswear,48.95,1,0,16.8
105726,07-10-2025,Dublin,Electronics,Smart Home,337.55,1,0,134.43
105589,2024-10-03,Dublin,Homeware,Lighting,145.97,1,0.15,32.21
101629,05/09/2025,Dublin,Homeware,Kitchenware,499.44,2,0,152.23
105125,21/07/2024,Galway,Homeware,Kitchenware,213.72,3,0,77.49
102162,17/07/2025,Dublin,Homeware,Storage,172.98,2,0.15,46.43
101116,01/07/2024,Limerick,Electronics,Laptops,294.09,1,0.1,51.2
100716,21/10/2025,Dublin,Electronics,Headphones,844.03,2,0.05,321.99
104265,2024-05-17,Cork,Clothing,Footwear,86.95,1,0.15,12.62
106202,2024-05-29,Dublin,Homeware,Bedding,408.73,2,0.2,37.06
105159,04-11-2025,Dublin,Clothing,Footwear,26.63,2,0,7.69
100627,28/07/2024,Cork,Electronics,Mobile Accessories,470.81,3,0.1,77.05
100502,05/06/2024,Dublin,Clothing,Footwear,212.34,2,0.1,70.49
105386,12/03/2024,Dublin,Grocery,Snacks,33.49,2,0.15,7.34
104600,06-07-2025,Dublin,Electronics,TVs,326.5,1,0,99.54
104312,06-02-2024,Cork,Clothing,Menswear,108.73,1,0.05,
106115,2024-06-29,Dublin,Electronics,Headphones,2045.92,3,0.1,
101741,20-01-2025,Dublin,Homeware,Furniture,647.01,2,0,256.78
103934,2024-02-09,Cork,Electronics,TVs,602.82,2,0.05,214.88
100136,04/03/2024,Cork,Grocery,Fresh Produce,21.17,1,0,8.48
102003,2025-02-14,Galway,Grocery,Bakery,13.43,1,0.05,4.99
101517,16/08/2025,Dublin,Grocery,Fresh Produce,21.67,1,0,
100877,2025-11-10,Cork,Homeware,Kitchenware,348.99,2,0.2,55.1
105233,01/01/2025,Galway,Electronics,TVs,818.34,2,0,230.99
104420,23-03-2024,Dublin,Clothing,Footwear,42.06,1,0.15,8.6
100727,2025-01-04,Galway,Clothing,Kidswear,17.82,1,0,7.34
105203,2024-08-28,Cork,Homeware,Storage,35.39,1,0.2,3.26
100561,11/12/2025,Dublin,Electronics,TVs,882.23,1,0.1,203.61
100334,09-05-2024,Dublin,Electronics,Smart Home,695.52,4,0.15,188.09
100399,12/06/2024,Dublin,Clothing,Menswear,54.2,1,0.15,12.66
103487,10-08-2025,Dublin,Clothing,Menswear,77.5,2,0,33.24
101134,2025-07-02,Dublin,Homeware,Storage,430.21,3,0,168.63
102682,18/02/2024,Cork,Homeware,Kitchenware,266.91,1,0,73.86
101217,13-03-2024,Galway,Grocery,Dairy,26.4,4,0.1,5.82
101804,05/04/2025,Dublin,Grocery,Beverages,13.94,1,0,3.98
105658,2025-04-02,Dublin,Electronics,Smart Home,1921.41,3,0.2,118.14
102666,11/04/2025,Dublin,Grocery,Beverages,69.23,2,0.15,15.2
100143,2025-09-24,Dublin,Clothing,Womenswear,120.38,4,0.15,17.55
101823,2025-07-07,Limerick,Grocery,Fresh Produce,13.03,3,0.15,3.1
101045,2025-11-11,Dublin,Clothing,Kidswear,24.54,1,0,8.82
100878,12-08-2024,Cork,Clothing,Womenswear,64.06,1,0.15,10.69
105730,15-09-2025,Galway,Homeware,Furniture,28.1,1,0,11.9
103403,2024-09-01,Galway,Homeware,Kitchenware,162.28,2,0.05,46.84
101918,05/10/2024,Cork,Homeware,Lighting,138.0,1,0.15,25.79
103476,09/01/2024,Dublin,Electronics,Smart Home,721.29,1,0.2,129.09
101616,16/03/2025,Dublin,Electronics,Smart Home,475.97,1,0.1,121.56
104352,21/06/2024,Cork,Electronics,TVs,1278.18,4,0.2,186.87
103836,14/04/2025,Cork,Grocery,Beverages,66.54,2,0.2,12.16
102826,03-02-2024,Galway,Grocery,Beverages,88.72,4,0.1,25.08
101512,2024-07-03,Dublin,Electronics,Mobile Accessories,2160.16,4,0.1,594.9
105292,2025-02-20,Dublin,Clothing,Footwear,49.81,1,0.15,12.74
105287,20/08/2024,Cork,Grocery,Bakery,18.77,3,0.05,6.77
106383,2025-06-10,Galway,Grocery,Snacks,7.36,1,,2.08
101431,23-01-2025,Galway,Homeware,Storage,295.36,1,0,114.61
103791,2025-12-12,Dublin,Electronics,TVs,1037.32,1,0,301.54
105769,09/05/2024,Limerick,Homeware,Lighting,328.64,2,0,106.87
106113,07/10/2024,Dublin,Homeware,Storage,239.25,2,0.2,49.96
100698,2024-10-15,Dublin,Clothing,Kidswear,65.25,2,,4.77
104311,27-06-2025,Galway,Clothing,Womenswear,58.06,1,0.1,18.14
105263,2025-05-22,Limerick,Clothing,Accessories,144.0,2,0,45.57
102584,06-07-2024,Galway,Grocery,Fresh Produce,56.58,2,0,19.85
103530,09/06/2025,Cork,Clothing,Footwear,161.52,2,0.15,23.21
101391,23-10-2025,Dublin,Electronics,Mobile Accessories,1667.7,3,0,575.86
105901,18-06-2025,Galway,Clothing,Womenswear,250.64,4,0.2,49.3
105147,2025-12-07,Cork,Clothing,Accessories,318.19,4,0.2,20.8
100880,2025-01-20,Dublin,Grocery,Bakery,38.48,1,0.2,3.98
102839,20/05/2025,Dublin,Homeware,Storage,167.19,2,0.15,28.61
100611,26/02/2025,Limerick,Clothing,Womenswear,32.48,2,0.05,12.64
101892,2025-06-18,Cork,Homeware,Kitchenware,373.32,4,0.05,97.72
100447,19/11/2024,Dublin,Grocery,Dairy,107.95,3,0.2,21.3
104581,13-12-2024,Galway,Electronics,Laptops,1435.7,2,0.2,315.18
106337,23-11-2024,Dublin,Electronics,Smart Home,327.22,2,0.05,126.95
105362,2025-01-29,Cork,Grocery,Fresh Produce,11.7,2,0,3.11
104885,21/03/2024,Dublin,Grocery,Snacks,4.94,2,0.2,0.33
102557,18-10-2025,Cork,Electronics,Smart Home,227.87,2,0,65.7
103569,15/03/2024,Limerick,Homeware,Storage,142.32,1,0.15,35.82
101448,29/05/2024,Galway,Electronics,Mobile Accessories,198.37,1,0.05,53.55
100038,26/11/2025,Limerick,Grocery,Fresh Produce,10.72,1,0,3.58
105630,2025-12-11,Cork,Grocery,Snacks,85.34,2,0,25.61
105976,12/09/2025,Cork,Grocery,Dairy,52.68,2,0.2,3.79
101649,06/02/2024,Galway,Clothing,Menswear,47.98,1,0,13.0
103304,2025-04-10,Cork,Grocery,Snacks,22.17,1,0.1,3.46
104889,29/04/2024,Cork,Homeware,Furniture,109.91,1,0.05,22.54
101455,2025-05-23,Dublin,Clothing,Footwear,203.11,2,0.05,59.41
105719,03-06-2025,Galway,Grocery,Dairy,128.28,4,0.05,44.04
105923,2025-03-04,Dublin,Homeware,Kitchenware,95.33,2,0.1,16.25
105747,2024-09-29,Dublin,Electronics,Smart Home,92.37,1,0.2,16.02
104122,05/12/2024,Galway,Electronics,TVs,399.29,3,0,116.38
101488,02-08-2025,Cork,Homeware,Lighting,269.64,3,0.05,68.41
100238,2025-01-19,Cork,Clothing,Menswear,94.48,1,0.2,18.96
106204,09/05/2024,Cork,Homeware,Bedding,37.45,1,0.05,11.45
102501,2025-12-07,Limerick,Electronics,Mobile Accessories,1663.73,2,0.15,310.37
105137,10-03-2024,Limerick,Homeware,Kitchenware,109.89,1,0.15,12.83
105341,2025-08-21,Galway,Grocery,Fresh Produce,51.33,3,0,14.23
100696,05-10-2025,Dublin,Electronics,Headphones,284.37,2,0.15,30.16
103414,18-04-2024,Dublin,Electronics,Headphones,977.04,4,0.05,238.49
101970,2025-03-22,Galway,Homeware,Kitchenware,66.06,1,0,20.61
106268,2024-09-21,Galway,Homeware,Lighting,876.42,3,0.2,130.23
105048,2024-05-07,Galway,Homeware,Bedding,10.69,1,0.05,4.08
101409,11/09/2024,Dublin,Electronics,Headphones,1283.24,2,0,357.47
103999,24-03-2025,Dublin,Clothing,Womenswear,74.66,4,0,19.38
103508,07-05-2024,Galway,Electronics,Laptops,107.31,1,0.15,14.48
105333,27/08/2024,Dublin,Grocery,Beverages,32.28,2,0.1,7.25
103442,23/10/2024,Limerick,Clothing,Accessories,74.37,1,0.1,23.38
100177,2024-12-19,Limerick,Homeware,Furniture,223.08,1,0,89.6
101458,2024-11-16,Dublin,Homeware,Kitchenware,739.25,4,0,326.6
103292,29-06-2025,Cork,Clothing,Womenswear,30.63,1,0.05,9.39
102395,2024-11-25,Dublin,Clothing,Footwear,260.4,2,0,90.42
103341,12-11-2025,Galway,Homeware,Storage,483.14,2,0.1,152.71
100179,12/06/2024,Cork,Clothing,Footwear,212.92,2,0,91.98
101345,05/10/2025,Dublin,Electronics,Headphones,990.24,2,0.1,218.88
101319,2025-08-04,Cork,Electronics,Laptops,133.52,2,0.05,48.55
101674,22/07/2025,Galway,Electronics,Mobile Accessories,858.16,4,0.1,210.28
105887,18/09/2025,Galway,Homeware,Storage,819.2,4,0,367.7
100304,09/02/2025,Cork,Grocery,Beverages,33.16,1,0,8.61
100054,2025-08-29,Cork,Electronics,Headphones,199.49,1,0.2,31.45
101611,18/02/2024,Cork,Electronics,Mobile Accessories,111.98,1,0,34.39
100822,24/06/2024,Dublin,Clothing,Footwear,29.43,1,0,10.09
105839,17-02-2024,Limerick,Electronics,Laptops,169.84,1,0.2,27.26
104541,2024-01-28,Limerick,Electronics,Mobile Accessories,1840.59,3,0.1,564.89
102594,2025-05-29,Dublin,Electronics,Mobile Accessories,496.09,1,0,186.6
103110,2025-05-24,Limerick,Electronics,Headphones,1730.8,4,0.15,261.57
100772,13/10/2025,Cork,Homeware,Furniture,166.73,1,0.2,33.51
105327,11/10/2025,Galway,Clothing,Accessories,52.52,2,0,22.61
103333,23/07/2025,Dublin,Grocery,Beverages,17.84,1,0.2,3.16
104500,31/07/2024,Dublin,Grocery,Fresh Produce,89.47,2,0.1,24.99
103878,25/07/2025,Cork,Electronics,TVs,661.12,3,0,264.94
102843,27/12/2024,Dublin,Homeware,Bedding,937.54,2,0.2,233.68
105683,2024-07-31,Limerick,Homeware,Furniture,52.8,2,0,17.17
102794,2025-02-08,Cork,Grocery,Fresh Produce,84.16,4,0.1,25.71
103598,2025-07-20,Cork,Clothing,Menswear,35.03,1,0.2,5.81
105627,18/06/2024,Cork,Homeware,Kitchenware,475.26,2,0.15,69.09
106404,08-04-2025,Limerick,Electronics,Mobile Accessories,2261.28,4,0.15,549.82
101585,2024-09-11,Cork,Clothing,Womenswear,67.17,1,0.05,23.27
105617,22/12/2024,Galway,Electronics,Mobile Accessories,791.25,1,0.2,150.98
105193,2025-09-19,Limerick,Electronics,TVs,633.3,1,0,209.72
101533,07-01-2025,Dublin,Grocery,Beverages,20.08,1,0,7.72
103767,27/12/2025,Dublin,Electronics,Headphones,254.77,2,0.15,74.3
104480,16/05/2024,Galway,Electronics,Mobile Accessories,582.71,1,0,187.95
106211,2024-05-22,Dublin,Grocery,Fresh Produce,89.17,2,0.05,21.51
105523,2025-08-12,Dublin,Electronics,TVs,223.95,1,0,65.81
104814,11/12/2025,Cork,Electronics,Headphones,1788.28,4,0.2,269.06
100787,2024-08-19,Limerick,Clothing,Menswear,94.09,1,0,36.15
104011,2024-10-03,Dublin,Homeware,Lighting,242.88,1,0,100.0
102889,31-07-2024,Limerick,Homeware,Kitchenware,468.3,3,0.15,
104024,09-03-2025,Dublin,Electronics,Headphones,655.01,1,0.1,160.02
105820,03-05-2024,Limerick,Homeware,Storage,191.74,1,0.15,32.41
105631,21/10/2025,Galway,Clothing,Kidswear,180.02,2,0.15,43.63
105837,2025-11-06,Galway,Homeware,Bedding,363.58,1,0.2,77.58
101125,2024-07-22,Cork,Electronics,TVs,925.19,3,0,415.74
104518,02-11-2025,Dublin,Electronics,Mobile Accessories,812.44,1,0.05,221.35
103401,07/05/2024,Dublin,Homeware,Kitchenware,584.84,2,0,255.97
104491,14/02/2024,Cork,Grocery,Dairy,21.4,4,0.15,5.06
104524,2025-09-22,Cork,Grocery,Fresh Produce,38.04,1,0.1,12.25
100861,2024-07-15,Dublin,Clothing,Footwear,179.88,2,0,49.71
102066,2025-07-30,Limerick,Electronics,Smart Home,320.24,2,0,131.97
103729,26/12/2025,Dublin,Homeware,Bedding,1487.38,4,0.1,302.9
104859,19-12-2024,Cork,Electronics,Smart Home,1386.25,3,0.1,478.13
106056,23/04/2025,Galway,Clothing,Footwear,102.95,1,0.2,5.93
100013,27/05/2025,Galway,Electronics,Mobile Accessories,1102.08,2,0.1,341.88
103784,02/08/2024,Limerick,Homeware,Furniture,346.39,3,0,143.58
103161,2024-05-15,Galway,Electronics,Laptops,298.41,1,0.05,82.87
101925,11-08-2024,Limerick,Grocery,Fresh Produce,11.7,1,0,2.93
104380,04-02-2025,Cork,Homeware,Storage,191.92,1,0,58.21
104257,27/02/2024,Cork,Homeware,Bedding,83.22,2,0,23.78
101069,2025-01-21,Dublin,Homeware,Bedding,191.41,2,0.15,46.47
104332,2025-11-19,Limerick,Electronics,Laptops,2318.96,4,0,587.78
104829,2025-01-18,Galway,Clothing,Kidswear,25.34,2,0.05,5.52
105252,2024-09-18,Cork,Grocery,Snacks,63.24,2,0,28.24
105650,2024-02-02,Dublin,Grocery,Dairy,39.87,1,0.15,11.54
101999,01-01-2025,Dublin,Electronics,TVs,432.77,2,0,123.3
101758,01/11/2024,Cork,Grocery,Bakery,10.58,2,0.05,2.79
102450,2024-04-12,Cork,Homeware,Kitchenware,146.8,1,0,51.34
103450,2025-09-17,Galway,Grocery,Dairy,12.62,1,0,3.79
100525,10/02/2024,Cork,Electronics,Laptops,227.69,2,0,67.23
102641,2024-09-17,Galway,Clothing,Womenswear,109.32,1,0.2,11.95
106335,28-11-2024,Galway,Electronics,TVs,720.3,2,0,214.81
102970,10/01/2024,Dublin,Electronics,Mobile Accessories,297.44,1,0,77.76
100963,26/07/2025,Cork,Electronics,Smart Home,533.59,3,0.15,116.85
105575,30-12-2024,Limerick,Clothing,Womenswear,155.12,1,0,59.98
100614,09-06-2024,Galway,Homeware,Storage,1165.36,4,0,504.26
101739,08/12/2025,Cork,Homeware,Furniture,307.48,1,0,90.46
105895,2025-02-07,Dublin,Clothing,Menswear,84.06,1,0.15,16.55
102978,04-07-2024,Cork,Homeware,Lighting,21.71,1,,7.48
103617,16/06/2025,Galway,Clothing,Accessories,116.3,1,0,38.28
104731,20/02/2024,Limerick,Grocery,Snacks,3.94,1,0,1.38
103879,25-10-2025,Galway,Electronics,Laptops,1167.8,2,0,411.64
102552,22/05/2024,Dublin,Electronics,Mobile Accessories,258.66,2,0.1,78.49
104297,2024-07-15,Dublin,Clothing,Footwear,26.01,1,0.05,8.56
104570,03-02-2025,Dublin,Clothing,Kidswear,88.52,1,0.1,29.42
105040,02/08/2025,Dublin,Grocery,Dairy,24.44,4,0.05,5.3
104572,25-09-2024,Dublin,Homeware,Storage,283.65,1,,108.83
100050,23/03/2024,Dublin,Homeware,Lighting,728.81,3,0,318.6
102148,2025-02-06,Cork,Homeware,Bedding,26.68,1,0.2,4.69
103957,13/03/2025,Dublin,Electronics,Mobile Accessories,568.4,2,0.05,176.1
105933,04/01/2024,Dublin,Electronics,Laptops,151.56,1,0.15,36.35
100788,2025-05-06,Cork,Electronics,TVs,287.79,1,0.2,57.53
104556,2024-09-25,Dublin,Electronics,Headphones,498.9,1,0.15,72.25
101223,2024-06-07,Galway,Homeware,Bedding,744.64,4,,259.54
103612,17-01-2024,Cork,Grocery,Dairy,35.48,4,0.15,7.61
102005,29/08/2024,Dublin,Grocery,Snacks,31.42,1,0.05,10.64
102977,07/01/2025,Dublin,Electronics,Headphones,111.99,1,0.2,24.43
105151,2024-07-19,Dublin,Electronics,Laptops,929.25,2,0.1,206.83
105080,08/12/2024,Limerick,Homeware,Furniture,176.53,1,0.05,40.86
100860,2024-05-17,Dublin,Homeware,Storage,655.64,2,0.1,122.69
103977,02-06-2025,Galway,Grocery,Fresh Produce,62.4,3,0,
100812,2025-05-28,Cork,Electronics,Mobile Accessories,332.27,1,0,144.78
104909,2024-12-21,Limerick,Grocery,Bakery,37.43,2,0,11.65
100477,2025-03-29,Dublin,Electronics,Laptops,1439.89,4,0,497.87
100325,16-03-2024,Dublin,Clothing,Womenswear,206.95,2,0,79.14
102966,2024-06-26,Dublin,Electronics,Headphones,179.55,1,0.05,66.99
105381,12-02-2025,Dublin,Homeware,Storage,175.09,1,0,75.01
100146,04/03/2025,Limerick,Homeware,Storage,50.14,1,0,16.13
100618,15/05/2024,Dublin,Homeware,Kitchenware,50.44,3,0,21.07
103156,16-08-2025,Dublin,Electronics,Smart Home,2054.08,4,0.2,223.36
100088,25/01/2025,Dublin,Homeware,Lighting,333.27,1,0.1,52.3
103779,13/08/2025,Galway,Clothing,Kidswear,73.25,1,0.15,11.06
101321,31/03/2025,Dublin,Electronics,TVs,2668.69,4,0,770.07
105190,2025-03-27,Limerick,Clothing,Womenswear,64.6,1,0,18.98
103440,2025-12-05,Dublin,Homeware,Bedding,1369.79,4,0,382.32
102705,15-05-2025,Cork,Grocery,Beverages,141.28,4,0.1,47.81
101987,03-06-2025,Cork,Homeware,Furniture,209.16,2,0,66.05
106458,12-11-2024,Cork,Electronics,Smart Home,287.03,4,0,107.23
103352,03-10-2024,Dublin,Clothing,Menswear,70.89,2,0.05,15.31
100105,08/02/2024,Dublin,Clothing,Menswear,43.45,2,0,16.18
104957,2024-01-31,Limerick,Clothing,Menswear,219.44,2,0.1,64.71
102239,22/12/2025,Dublin,Clothing,Footwear,52.1,4,0,20.92
104796,2024-06-20,Cork,Grocery,Bakery,25.82,1,0,11.12
102732,2024-11-26,Galway,Homeware,Storage,131.68,1,0.1,27.36
100848,29/06/2024,Cork,Grocery,Beverages,71.7,3,0,28.37
102688,31-07-2024,Cork,Homeware,Kitchenware,190.38,1,0.2,46.36
106068,2024-04-27,Galway,Homeware,Furniture,334.53,3,0,98.36
106327,03/08/2024,Dublin,Grocery,Snacks,11.31,1,0.15,3.36
102684,21-07-2025,Limerick,Clothing,Footwear,75.36,2,0.2,5.9
100211,2024-12-22,Dublin,Clothing,Accessories,35.84,1,0.2,8.94
102335,20-10-2025,Dublin,Homeware,Kitchenware,277.4,1,0.15,80.53
104990,2024-08-28,Cork,Clothing,Footwear,26.77,1,0,11.53
105969,09/06/2025,Cork,Grocery,Dairy,148.8,4,0.05,36.36
102459,2025-01-29,Dublin,Grocery,Snacks,90.37,2,0.15,14.27
105466,2025-01-21,Dublin,Electronics,Smart Home,1106.37,2,0.2,151.23
102413,04-10-2024,Limerick,Clothing,Footwear,265.8,3,0,101.64
100189,15-06-2025,Dublin,Grocery,Snacks,25.27,1,0,9.05
104471,07-02-2025,Limerick,Clothing,Accessories,224.4,2,0.15,32.69
100915,06/06/2024,Dublin,Clothing,Menswear,87.73,3,0,35.51
101997,2025-03-01,Limerick,Homeware,Kitchenware,106.64,2,0.2,18.76
105296,14/04/2024,Limerick,Grocery,Bakery,39.5,2,0.15,8.71
104914,11-05-2025,Galway,Homeware,Bedding,277.68,3,0.15,70.32
105161,01-11-2025,Cork,Clothing,Accessories,86.2,1,0.15,10.8
104682,04-08-2025,Dublin,Clothing,Footwear,106.16,1,0.2,17.79
105900,2024-04-11,Cork,Grocery,Dairy,118.92,4,0,35.76
102711,29/10/2024,Dublin,Electronics,Mobile Accessories,548.93,1,0,219.63
100052,2024-12-26,Dublin,Clothing,Footwear,329.79,3,0.1,62.67
100568,2025-01-03,Galway,Homeware,Furniture,897.78,3,0,379.89
103258,27-12-2024,Dublin,Electronics,Smart Home,1260.73,3,0,526.47
102154,13-09-2025,Dublin,Clothing,Menswear,63.68,1,0.2,12.17
101036,22/01/2024,Dublin,Grocery,Fresh Produce,39.05,4,0.2,9.69
104986,2024-12-14,Dublin,Homeware,Storage,232.64,2,0.05,51.39
103115,01-02-2024,Galway,Clothing,Kidswear,430.52,4,0.05,146.97
104017,06/09/2024,Dublin,Clothing,Womenswear,201.03,3,0.05,62.76
101824,27-08-2024,Dublin,Electronics,Headphones,614.24,2,,234.06
103510,02/04/2024,Galway,Clothing,Accessories,219.92,2,0.05,56.04
101068,2024-09-13,Dublin,Electronics,Smart Home,1154.81,2,0.15,152.28
104561,16/02/2025,Dublin,Electronics,TVs,945.46,2,0,320.35
104095,24/09/2025,Dublin,Homeware,Kitchenware,458.95,3,0.1,143.58
103212,23-12-2024,Dublin,Clothing,Kidswear,220.83,2,0.05,83.64
104709,13/01/2025,Galway,Grocery,Dairy,13.94,2,0,4.72
104542,21-02-2025,Dublin,Clothing,Accessories,34.18,2,0.05,10.64
102208,03/02/2024,Cork,Homeware,Lighting,164.75,1,0.15,35.34
104048,08/01/2024,Dublin,Electronics,Smart Home,463.08,4,0.1,134.75
106206,2024-05-04,Limerick,Electronics,Laptops,510.24,1,0,136.27
100628,22-10-2025,Dublin,Homeware,Kitchenware,75.39,4,0,21.34
100288,2025-04-09,Cork,Electronics,Mobile Accessories,728.15,3,0.15,192.87
102130,2024-04-28,Galway,Grocery,Bakery,16.76,1,0.05,3.59
105436,20/01/2024,Limerick,Electronics,Headphones,712.08,2,0,228.7
103566,01/09/2024,Dublin,Electronics,Headphones,106.73,1,0.2,8.14
100181,20-04-2024,Cork,Grocery,Beverages,31.03,1,0,11.48
103868,31/10/2025,Cork,Grocery,Beverages,14.63,1,0,5.39
104991,12/07/2024,Limerick,Clothing,Kidswear,95.82,2,0.2,8.9
105787,03/12/2025,Dublin,Electronics,TVs,2059.83,2,0.2,336.26
106301,25/03/2025,Dublin,Homeware,Kitchenware,436.22,2,0.1,94.58
101934,10-11-2025,Cork,Clothing,Accessories,382.37,3,0.2,45.27
102906,2024-06-05,Dublin,Clothing,Accessories,113.8,1,0.2,25.68
104718,27/10/2025,Galway,Electronics,Smart Home,685.46,2,,155.3
104162,14-05-2025,Cork,Homeware,Storage,530.22,2,0.1,97.34
100139,19-08-2025,Galway,Grocery,Beverages,98.86,3,0.15,21.91
103969,09/06/2024,Cork,Electronics,TVs,152.4,1,0.1,38.4
104928,04-10-2024,Dublin,Electronics,TVs,1287.24,2,0,328.63
101102,15-02-2024,Dublin,Homeware,Storage,40.04,2,0,11.55
106486,2024-05-02,Galway,Electronics,Smart Home,547.88,2,,158.27
102556,08/12/2025,Cork,Homeware,Lighting,275.3,1,0.05,55.64
101932,2025-07-09,Cork,Electronics,Laptops,115.71,1,0,32.89
105450,23-11-2024,Cork,Clothing,Womenswear,50.46,1,0.15,12.36
104186,05-03-2024,Dublin,Electronics,Mobile Accessories,136.47,1,0.05,27.95
105886,2024-10-31,Dublin,Homeware,Furniture,606.86,2,0.05,163.86
102834,2024-01-20,Dublin,Electronics,Laptops,407.58,1,0,127.59
105614,07/04/2024,Cork,Homeware,Lighting,45.54,3,0,15.97
100790,2024-03-03,Limerick,Clothing,Kidswear,323.07,3,0,94.81
104750,16/07/2024,Dublin,Grocery,Bakery,17.54,1,0.2,3.6
106394,28-05-2025,Dublin,Electronics,Mobile Accessories,546.11,4,0,139.09
100382,26/09/2025,Cork,Grocery,Snacks,25.32,4,0.15,6.47
101329,29-01-2024,Dublin,Grocery,Snacks,21.04,2,0,6.0
104895,2025-04-22,Dublin,Grocery,Dairy,128.96,3,0.2,15.28
103411,10-06-2024,Dublin,Grocery,Dairy,15.27,4,0,5.71
101984,16-04-2025,Limerick,Electronics,Mobile Accessories,1262.42,2,0.1,226.42
105220,2024-11-17,Galway,Clothing,Kidswear,27.13,2,0,9.78
105319,21-11-2025,Dublin,Homeware,Lighting,393.77,1,0.2,93.86
102377,11/07/2025,Dublin,Electronics,Smart Home,442.36,2,,
100599,14-03-2024,Dublin,Homeware,Lighting,459.1,2,0.1,
102577,09-01-2024,Dublin,Homeware,Furniture,275.72,4,0.1,54.68
104847,29/06/2024,Limerick,Clothing,Footwear,303.12,4,0,131.74
103094,28/02/2024,Dublin,Grocery,Bakery,9.83,1,0.2,2.13
101303,27-10-2024,Cork,Electronics,Mobile Accessories,714.62,2,0.2,172.83
101339,10-03-2024,Dublin,Grocery,Snacks,69.14,2,0.1,13.56
106096,2024-10-01,Dublin,Homeware,Bedding,207.0,2,0,78.63
105928,2025-03-13,Galway,Clothing,Footwear,100.71,1,0.1,27.69
103902,13/03/2025,Limerick,Electronics,Smart Home,577.54,2,0.15,143.58
104665,2024-03-22,Limerick,Clothing,Womenswear,209.76,2,0.2,48.4
102245,21-02-2024,Limerick,Homeware,Storage,162.09,1,0,
102559,11/07/2024,Limerick,Grocery,Dairy,3.53,1,0,0.94
102095,2025-01-02,Cork,Homeware,Lighting,100.36,1,,25.18
106150,2024-10-15,Dublin,Grocery,Bakery,39.77,1,0,12.16
103695,2024-06-13,Cork,Clothing,Menswear,128.94,3,0.05,32.29
101648,11/12/2024,Galway,Electronics,Headphones,566.24,2,0.15,108.07
102829,2025-04-02,Cork,Electronics,Laptops,84.61,3,0.1,13.52
104715,10-10-2024,Galway,Electronics,Laptops,403.86,1,0.1,61.24
106275,06/01/2025,Cork,Grocery,Beverages,7.95,1,0.1,2.53
103249,2025-09-03,Dublin,Grocery,Beverages,33.23,1,0,8.76
101362,26/03/2024,Dublin,Clothing,Menswear,178.59,2,0.05,36.01
101701,08-08-2025,Dublin,Clothing,Kidswear,30.63,1,0.15,8.09
103726,2024-03-17,Cork,Grocery,Snacks,25.07,1,0.1,8.13
101759,2025-07-24,Cork,Clothing,Footwear,53.97,1,,8.79
103818,05/12/2025,Galway,Grocery,Fresh Produce,42.27,1,0.05,14.79
101887,2024-06-04,Cork,Homeware,Bedding,29.06,1,0,10.39
103029,12-02-2025,Galway,Electronics,TVs,804.92,2,,172.11
104066,11-03-2025,Limerick,Grocery,Bakery,145.01,4,0,52.99
101145,15-05-2025,Cork,Grocery,Bakery,42.69,3,0.05,12.68
106117,03/11/2025,Dublin,Grocery,Snacks,98.02,4,0.05,26.44
104970,02-05-2025,Dublin,Electronics,Mobile Accessories,2182.95,3,0.2,
104081,05-05-2024,Dublin,Electronics,Smart Home,701.89,1,0.1,226.07
102801,10/01/2025,Galway,Electronics,Laptops,1131.04,2,0,463.96
102489,16-07-2024,Dublin,Electronics,Laptops,354.74,1,0.2,24.24
102568,12-10-2025,Dublin,Electronics,Mobile Accessories,1537.6,4,0.15,432.98
102261,2025-12-12,Dublin,Electronics,TVs,479.52,2,0,195.65
100005,05/10/2025,Cork,Grocery,Dairy,9.31,1,0,2.96
100085,27-01-2025,Dublin,Homeware,Kitchenware,414.51,4,0.2,
103136,2025-12-13,Galway,Grocery,Snacks,9.74,1,0,3.41
105640,2024-01-12,Limerick,Electronics,Headphones,451.21,1,0.1,115.28
106410,11/10/2024,Limerick,Homeware,Storage,496.16,2,0.2,88.11
102919,22-01-2024,Dublin,Clothing,Kidswear,263.28,2,0.05,73.75
104062,22-09-2024,Dublin,Electronics,TVs,298.49,4,0.2,35.82
103447,2025-12-25,Cork,Electronics,Mobile Accessories,45.08,2,0.2,2.28
104629,15/05/2025,Cork,Homeware,Furniture,76.77,1,0.1,21.91
104213,04-04-2024,Galway,Clothing,Kidswear,9.51,1,0,3.88
103762,2025-06-04,Limerick,Electronics,TVs,229.86,1,0,102.79
106141,03/01/2025,Dublin,Grocery,Dairy,23.21,2,0.05,7.38
103867,02/02/2024,Limerick,Clothing,Womenswear,28.92,1,0.05,7.08
100804,16-01-2025,Galway,Clothing,Menswear,21.27,1,0.2,4.51
103849,13-09-2025,Cork,Clothing,Accessories,90.95,1,0.15,17.07
105653,2025-06-15,Cork,Clothing,Menswear,268.35,3,0,95.65
106362,2025-06-21,Limerick,Clothing,Footwear,327.24,4,0.1,86.02
100862,2024-05-07,Dublin,Grocery,Fresh Produce,55.77,2,,14.8
105526,08/05/2024,Galway,Electronics,Headphones,232.48,2,0.1,61.56
102273,2025-03-03,Dublin,Electronics,Laptops,927.04,2,0,368.29
100961,09-03-2025,Galway,Clothing,Accessories,87.68,1,0.1,21.89
105031,2024-08-04,Cork,Grocery,Dairy,64.96,2,0.1,12.59
104784,30/11/2024,Limerick,Clothing,Womenswear,61.88,1,0.05,23.78
102453,2025-07-21,Dublin,Electronics,Laptops,1187.44,4,0,367.03
105251,06-03-2025,Limerick,Electronics,Smart Home,1861.59,3,0.1,413.15
105938,2025-11-27,Limerick,Clothing,Menswear,124.52,1,0,44.37
101296,26/10/2024,Limerick,Electronics,Smart Home,555.89,1,0,159.17
100281,10-10-2024,Cork,Homeware,Storage,552.87,3,,162.0
106240,13/12/2025,Galway,Electronics,Smart Home,2168.43,4,0,692.02
100333,2024-02-05,Cork,Homeware,Kitchenware,570.56,2,0,148.45
105076,28-01-2024,Galway,Grocery,Bakery,6.64,1,0,2.59
103449,21/01/2025,Cork,Clothing,Womenswear,94.09,1,0.1,15.35
101651,04-10-2025,Galway,Clothing,Footwear,152.74,2,0.05,44.54
100924,17-12-2025,Cork,Homeware,Bedding,300.97,2,0,104.75
102417,15/11/2025,Cork,Clothing,Menswear,145.74,2,0,56.95
101499,2024-06-12,Cork,Clothing,Menswear,19.27,1,0.2,1.98
101575,2024-02-01,Dublin,Homeware,Storage,115.61,3,0,40.91
102883,2024-06-13,Dublin,Homeware,Storage,45.86,2,0,14.08
102646,2024-07-11,Dublin,Electronics,Smart Home,316.58,1,0,86.91
103984,08/02/2025,Cork,Clothing,Menswear,225.28,2,0.05,73.38
102436,17-01-2024,Limerick,Grocery,Snacks,32.9,1,0,8.42
105646,08/02/2025,Dublin,Clothing,Menswear,45.13,3,0,13.39
102749,2025-06-23,Dublin,Clothing,Menswear,128.8,1,0,50.94
100221,06/12/2024,Dublin,Electronics,Laptops,2949.78,3,0,886.78
102306,01-09-2024,Galway,Electronics,TVs,251.1,3,0,109.72
102340,10-12-2024,Cork,Electronics,Laptops,671.69,2,0,279.61
102613,2025-04-30,Limerick,Clothing,Menswear,56.57,1,0.1,15.67
103052,14-04-2025,Dublin,Grocery,Dairy,4.37,1,0,1.27
100406,2025-02-02,Galway,Electronics,TVs,193.56,3,0.1,65.98
103869,2024-12-22,Galway,Clothing,Menswear,68.31,1,0.1,10.98
104341,08/08/2024,Galway,Electronics,Mobile Accessories,1038.29,2,0.05,223.26
104755,2025-03-05,Cork,Grocery,Beverages,58.68,2,0.1,10.25
100760,23/12/2024,Dublin,Electronics,Smart Home,524.44,1,0.1,136.11
102509,2025-09-05,Dublin,Grocery,Snacks,43.61,3,0.2,10.45
102619,21-06-2025,Cork,Grocery,Fresh Produce,8.3,1,0,2.59
103748,2025-01-31,Dublin,Grocery,Beverages,66.52,2,0.15,9.12
105731,12-01-2025,Dublin,Grocery,Dairy,45.14,1,0.05,17.4
105764,23/10/2024,Cork,Clothing,Womenswear,200.0,4,0,50.21
101500,04/04/2024,Limerick,Homeware,Kitchenware,10.61,1,0,4.49
105069,26-01-2025,Limerick,Homeware,Lighting,489.72,2,0.15,124.75
101844,03-09-2024,Dublin,Homeware,Kitchenware,306.57,1,0.05,99.94
105269,2025-04-17,Dublin,Clothing,Kidswear,97.35,1,0.15,25.29
106350,30/10/2024,Cork,Electronics,TVs,216.67,1,0,91.53
104250,26-02-2025,Limerick,Electronics,Headphones,333.32,2,0,116.85
104536,2025-12-30,Cork,Electronics,Smart Home,1609.33,4,0,611.18
106418,27/03/2024,Cork,Grocery,Bakery,27.94,1,0,10.74
101620,16/07/2025,Galway,Homeware,Lighting,181.25,1,0.1,38.91
101218,02/03/2024,Dublin,Clothing,Menswear,168.02,3,0.1,37.66
104028,2025-10-30,Dublin,Homeware,Furniture,598.51,2,0.1,132.98
100987,2024-05-08,Cork,Electronics,Headphones,88.9,1,0.05,23.18
104654,20/03/2024,Galway,Homeware,Bedding,297.51,1,0.15,38.09
101748,12-10-2024,Galway,Clothing,Womenswear,74.72,2,0,27.21
101775,15-03-2024,Limerick,Grocery,Fresh Produce,32.27,1,0.2,2.6
105930,06-06-2025,Dublin,Electronics,Headphones,76.43,1,0,22.26
100925,2025-01-07,Dublin,Grocery,Snacks,13.09,1,0,5.78
104373,2025-01-05,Cork,Homeware,Bedding,370.9,2,0,102.1
104083,2024-08-07,Cork,Grocery,Snacks,5.68,1,0.15,1.18
106134,2025-05-23,Dublin,Clothing,Accessories,97.16,1,0,
104980,30/08/2025,Dublin,Grocery,Dairy,24.55,2,0.05,9.13
101021,06/01/2024,Limerick,Electronics,Mobile Accessories,577.07,1,0,254.14
105077,2025-04-29,Cork,Grocery,Beverages,32.26,2,0.15,4.28
105616,20/09/2025,Limerick,Clothing,Footwear,180.46,2,0.2,42.11
102714,23/11/2024,Cork,Clothing,Womenswear,128.69,1,0,32.48
102434,04-05-2025,Cork,Electronics,Smart Home,603.16,2,0,246.64
101160,27/07/2025,Limerick,Homeware,Lighting,355.56,3,0,
104338,07/04/2025,Dublin,Clothing,Womenswear,90.34,1,0.2,13.43
105736,26-06-2024,Dublin,Clothing,Kidswear,18.41,1,0.2,1.83
104287,21-01-2024,Galway,Homeware,Lighting,163.22,1,0.15,29.03
104301,2024-07-16,Galway,Clothing,Footwear,117.1,1,0.2,27.9
103659,01-03-2024,Dublin,Homeware,Kitchenware,409.1,3,0,163.2
102310,31/01/2024,Dublin,Clothing,Kidswear,136.02,1,0.15,36.6
106011,2025-03-05,Limerick,Electronics,Laptops,41.01,1,0,15.54
104079,12-10-2025,Dublin,Grocery,Beverages,11.52,3,0.15,1.79
102045,2025-07-02,Limerick,Grocery,Snacks,40.16,1,0,10.33
103509,2025-08-21,Dublin,Grocery,Beverages,73.59,2,0.1,17.32
105518,2025-08-17,Dublin,Electronics,Laptops,216.98,1,0,63.13
101530,19/04/2025,Dublin,Electronics,TVs,1611.47,4,0,534.08
104134,04/07/2025,Cork,Clothing,Womenswear,205.66,2,0.05,69.65
102861,09-04-2025,Dublin,Grocery,Beverages,17.32,2,0.05,6.06
106063,2024-07-09,Dublin,Electronics,Laptops,395.76,1,0.15,116.86
101572,2024-04-05,Dublin,Grocery,Dairy,8.25,1,0,3.01
100566,2025-07-16,Limerick,Electronics,TVs,537.97,1,0,149.42
104833,2025-04-29,Cork,Homeware,Storage,128.25,1,0.1,33.85
102988,2025-10-16,Cork,Homeware,Lighting,40.49,1,0.15,8.96
101574,17-06-2024,Galway,Grocery,Fresh Produce,3.26,1,0.2,0.8
102702,25/03/2024,Cork,Clothing,Footwear,170.92,4,0.2,25.74
104451,14-07-2024,Dublin,Homeware,Lighting,18.64,1,0,5.14
106430,19/12/2025,Dublin,Electronics,Mobile Accessories,108.64,2,0.2,25.15
105633,2025-09-13,Cork,Electronics,Smart Home,280.19,1,0.1,72.34
103201,11-08-2025,Galway,Clothing,Kidswear,200.0,2,0.2,33.65
104818,2024-10-22,Cork,Clothing,Accessories,90.98,1,0.15,25.01
100981,2025-01-24,Dublin,Grocery,Snacks,45.07,1,0,18.38
101656,19-07-2024,Dublin,Grocery,Bakery,90.6,3,0,28.38
100147,2025-06-12,Limerick,Grocery,Fresh Produce,37.2,1,0.05,8.14
104514,08/02/2024,Cork,Electronics,Mobile Accessories,259.01,4,0.15,65.52
100665,10-04-2025,Dublin,Grocery,Snacks,72.1,3,0,32.02
100507,2024-08-27,Dublin,Grocery,Bakery,120.39,4,0,51.47
104115,2025-01-13,Limerick,Grocery,Snacks,24.49,1,0,8.26
101074,23/10/2024,Limerick,Grocery,Snacks,34.46,1,0.2,2.61
103228,2025-02-03,Dublin,Clothing,Footwear,10.21,1,0,3.38
104101,02-07-2024,Cork,Homeware,Storage,297.81,1,0.2,19.03
104851,2025-06-16,Limerick,Homeware,Lighting,271.08,2,0.1,64.54
105775,04-06-2024,Limerick,Homeware,Kitchenware,185.34,1,0.15,39.01
101207,17/05/2025,Limerick,Clothing,Accessories,45.5,2,0.2,10.25
100256,12/03/2025,Limerick,Homeware,Lighting,192.63,1,,32.47
101878,19/10/2024,Dublin,Grocery,Dairy,27.8,1,0.2,1.96
103582,21-04-2025,Dublin,Grocery,Beverages,9.89,4,,4.28
104091,21/02/2024,Dublin,Clothing,Kidswear,133.54,4,0.15,38.88
104174,25/01/2025,Dublin,Clothing,Footwear,48.09,3,0,13.42
105861,2024-11-28,Limerick,Grocery,Bakery,241.32,4,0.1,59.66
102061,2024-11-01,Galway,Homeware,Furniture,78.74,4,0.15,13.45
100834,2025-06-19,Cork,Electronics,Smart Home,502.12,2,0,165.88
101159,21/03/2025,Cork,Homeware,Kitchenware,1044.72,4,0.05,256.85
102369,02/04/2025,Cork,Homeware,Bedding,195.25,1,0.2,18.43
101902,08/11/2024,Galway,Grocery,Bakery,10.54,3,0,4.28
100770,27-04-2024,Dublin,Grocery,Snacks,26.47,1,0.05,10.43
100428,19/08/2025,Galway,Homeware,Storage,171.11,1,0,52.22
105150,24-06-2024,Cork,Clothing,Womenswear,90.49,1,0,37.41
106169,2024-09-24,Cork,Clothing,Kidswear,71.58,1,0,31.02
101916,30/08/2025,Cork,Grocery,Fresh Produce,15.26,1,0.05,3.39
101331,27/07/2024,Cork,Electronics,Headphones,330.71,1,,91.52
104817,2025-06-20,Dublin,Electronics,TVs,300.15,2,0.15,63.6
103177,24-11-2025,Dublin,Grocery,Fresh Produce,17.77,1,0.1,4.41
103301,10/05/2024,Dublin,Clothing,Kidswear,168.22,3,0.1,41.35
103008,2024-09-19,Dublin,Grocery,Beverages,27.67,1,0,7.09
105115,2024-04-27,Cork,Clothing,Womenswear,153.72,2,0.15,40.68
101286,2025-08-22,Limerick,Homeware,Bedding,353.38,3,0,105.27
105749,25-05-2024,Galway,Grocery,Dairy,154.4,4,0.2,16.1
105778,2025-07-31,Galway,Electronics,Mobile Accessories,281.07,1,0.2,58.78
103334,10/03/2025,Limerick,Homeware,Bedding,354.51,3,0.05,92.22
103033,05-02-2024,Limerick,Electronics,Headphones,447.68,1,0.2,102.42
106125,27-01-2024,Limerick,Electronics,Headphones,496.64,2,0.05,182.27
100148,15/08/2024,Galway,Grocery,Fresh Produce,30.21,2,0.1,8.31
105615,2024-02-16,Limerick,Grocery,Fresh Produce,21.5,2,0,6.22
103226,08/04/2024,Dublin,Grocery,Snacks,25.12,3,0.05,9.43
101193,2025-04-10,Cork,Clothing,Kidswear,49.84,4,0.05,15.35
100761,2025-09-12,Dublin,Homeware,Storage,895.02,4,0.05,238.57
106212,2024-03-12,Cork,Electronics,Headphones,203.13,3,0,62.81
103865,12/10/2025,Dublin,Homeware,Kitchenware,484.31,2,0.1,142.63
102254,27-01-2025,Dublin,Homeware,Furniture,314.51,1,0.1,49.09
105929,01-09-2024,Dublin,Electronics,Smart Home,288.4,1,0,129.26
100907,2024-04-05,Dublin,Electronics,Headphones,1126.15,2,0.05,268.4
101942,2024-06-26,Limerick,Grocery,Snacks,10.18,1,0,4.03
101130,30/01/2024,Dublin,Homeware,Lighting,127.1,4,0,50.54
103470,16/08/2024,Cork,Homeware,Kitchenware,153.92,2,0,68.07
105316,16/07/2025,Dublin,Electronics,Smart Home,453.44,1,0,202.13
103655,05/09/2024,Cork,Clothing,Footwear,59.78,2,0.2,8.63
101591,12-01-2025,Dublin,Homeware,Furniture,122.07,1,0.05,33.93
104148,22/05/2025,Limerick,Clothing,Accessories,36.68,1,0.05,13.89
103858,2024-10-29,Dublin,Clothing,Womenswear,165.09,2,0,51.59
101780,01-05-2025,Cork,Homeware,Lighting,428.66,2,0,191.56
101421,2024-06-12,Limerick,Homeware,Bedding,498.32,2,0,142.18
102404,2024-10-11,Dublin,Grocery,Bakery,80.55,2,0,33.28
105189,2024-07-14,Limerick,Clothing,Accessories,97.02,1,0.2,13.96
103768,15/01/2024,Cork,Homeware,Storage,367.92,4,0,142.49
101162,14-02-2024,Limerick,Grocery,Beverages,61.82,2,0.2,15.08
100443,2024-10-18,Galway,Grocery,Beverages,38.6,1,0,12.69
100675,09-08-2025,Dublin,Clothing,Menswear,83.46,1,0,29.27
104826,2024-01-04,Dublin,Clothing,Menswear,136.27,2,0,57.06
101682,26-03-2025,Limerick,Clothing,Womenswear,45.27,3,0,18.58
103466,2024-12-10,Dublin,Clothing,Accessories,67.6,1,0.15,13.89
102479,25-10-2025,Dublin,Electronics,Smart Home,535.39,4,0,200.6
100519,25-02-2025,Dublin,Grocery,Bakery,36.35,1,0,15.01
103416,21-09-2025,Dublin,Electronics,Laptops,2873.25,4,0.2,222.59
104440,24/08/2025,Cork,Electronics,Smart Home,700.39,3,0,180.35
100034,10/02/2024,Limerick,Homeware,Bedding,203.41,1,0.2,28.08
103639,23/11/2024,Dublin,Grocery,Snacks,120.14,2,0,48.47
101587,2024-09-05,Limerick,Homeware,Furniture,877.8,4,0.1,231.58
100452,2025-06-22,Galway,Clothing,Accessories,11.65,1,0.05,2.66
100315,2025-05-19,Cork,Homeware,Lighting,21.01,1,0,
106419,2025-11-09,Galway,Electronics,Mobile Accessories,3402.78,4,0,1098.46
102779,18/03/2025,Dublin,Homeware,Furniture,686.04,4,0.15,127.91
104227,20/04/2025,Dublin,Clothing,Footwear,70.56,2,0,26.72
103550,17/10/2024,Dublin,Clothing,Menswear,282.76,3,0.2,22.76
102692,08-09-2024,Galway,Grocery,Snacks,9.92,2,0.15,1.46
105372,24/01/2024,Dublin,Electronics,Mobile Accessories,242.81,1,0,88.56
103558,15-07-2025,Cork,Homeware,Storage,34.51,1,0.05,9.07
100366,2025-03-06,Galway,Grocery,Dairy,25.01,1,0.05,5.85
102388,2025-01-20,Galway,Electronics,TVs,529.66,2,0.2,118.83
106420,2024-11-07,Galway,Electronics,TVs,1571.98,2,0.1,302.4
104680,03/06/2024,Cork,Grocery,Fresh Produce,55.62,2,0.15,7.31
100574,12/01/2024,Cork,Clothing,Accessories,180.38,2,0,46.52
105791,01/09/2024,Dublin,Grocery,Dairy,39.58,1,0,10.01
103991,22-12-2025,Dublin,Grocery,Fresh Produce,23.18,4,0.2,4.35
102117,2025-07-17,Galway,Electronics,Headphones,80.92,1,0,21.23
100153,28-03-2024,Cork,Grocery,Fresh Produce,76.46,2,0.1,14.74
100401,10-02-2024,Galway,Grocery,Snacks,36.81,1,0.05,12.83
100079,2025-08-22,Cork,Clothing,Menswear,103.09,2,0,39.77
100870,31/05/2025,Dublin,Clothing,Menswear,144.04,3,0.1,21.97
101449,30-11-2024,Limerick,Clothing,Accessories,350.73,4,0.2,28.79
103296,01/12/2024,Dublin,Grocery,Dairy,38.54,2,0.05,11.05
102824,21-01-2025,Cork,Grocery,Bakery,27.84,1,0.05,7.73
100648,16/10/2025,Limerick,Homeware,Bedding,463.52,2,0.2,100.39
103907,2024-06-17,Limerick,Grocery,Bakery,6.65,1,0.1,1.92
102983,2024-12-05,Cork,Homeware,Lighting,368.86,1,0.2,28.18
104711,22/07/2024,Galway,Clothing,Footwear,75.5,1,0.1,24.62
100555,01-04-2025,Cork,Grocery,Beverages,99.18,3,0.2,11.49
103793,16-08-2025,Dublin,Electronics,TVs,244.7,1,0,96.5
105308,2025-01-06,Cork,Grocery,Fresh Produce,28.38,1,0.1,6.38
104218,27/07/2024,Cork,Clothing,Menswear,49.1,1,0.05,11.67
100468,17/10/2025,Cork,Grocery,Beverages,20.3,1,0.2,4.71
102190,2024-07-12,Cork,Grocery,Bakery,26.55,1,0.2,1.62
104247,06/03/2025,Cork,Grocery,Fresh Produce,18.47,1,0,7.15
103822,22/11/2024,Galway,Grocery,Fresh Produce,42.91,1,0.15,8.49
101683,02-11-2025,Cork,Homeware,Kitchenware,146.29,1,0,48.96
104932,30/11/2024,Limerick,Electronics,Laptops,824.8,2,0,264.99
101933,04-02-2024,Limerick,Homeware,Furniture,142.68,1,0,52.6
101139,11-03-2025,Cork,Electronics,Mobile Accessories,107.95,1,0,42.87
103518,2024-08-22,Galway,Clothing,Womenswear,76.43,1,0.15,16.2
105166,12-06-2025,Dublin,Clothing,Menswear,95.09,1,0,39.43
106300,23/09/2025,Dublin,Grocery,Snacks,6.95,2,0.1,2.06
100980,02/05/2025,Dublin,Clothing,Menswear,158.81,2,0,51.13
104830,09-12-2024,Limerick,Grocery,Beverages,46.1,1,0,17.09
104505,2024-12-02,Dublin,Electronics,Laptops,75.03,1,0.15,8.91
102945,2025-10-02,Cork,Electronics,Smart Home,610.24,2,0,272.78
100725,2024-07-10,Dublin,Electronics,TVs,645.39,3,,234.43
106447,2025-03-12,Limerick,Electronics,Headphones,609.28,1,0.2,69.56
104137,2025-04-03,Dublin,Electronics,Headphones,1921.51,4,0.15,408.87
102696,2025-09-20,Dublin,Grocery,Bakery,18.42,1,0.1,4.29
103996,20-10-2025,Galway,Grocery,Beverages,106.32,4,0.2,13.55
104590,14/02/2025,Dublin,Clothing,Menswear,38.08,1,0,15.8
104107,04/08/2024,Dublin,Electronics,TVs,379.21,1,0,148.89
100663,14/02/2025,Galway,Electronics,Laptops,65.44,1,0,26.83
104477,2024-02-02,Galway,Homeware,Storage,188.57,1,0.1,59.83
103871,26/06/2024,Limerick,Grocery,Dairy,20.51,1,0.2,3.49
105894,05-05-2025,Limerick,Grocery,Fresh Produce,38.56,1,0,13.07
105881,2024-11-24,Dublin,Clothing,Kidswear,146.19,4,0.1,40.18
100513,2025-12-30,Dublin,Homeware,Storage,316.94,2,0.05,79.59
105638,27/10/2024,Galway,Clothing,Accessories,14.19,1,0.05,4.75
100876,04-03-2024,Cork,Homeware,Lighting,294.16,1,0.2,52.06
105061,17-11-2025,Dublin,Homeware,Kitchenware,470.49,1,,51.77
103306,05-05-2025,Dublin,Electronics,TVs,35.86,1,0.2,5.73
105264,2024-05-06,Limerick,Grocery,Dairy,139.9,3,0.05,48.33
105707,29/06/2025,Dublin,Clothing,Menswear,138.0,3,,24.68
102871,2024-03-13,Dublin,Homeware,Furniture,1130.54,4,0,478.99
104558,14/04/2025,Cork,Homeware,Lighting,882.3,3,0,235.66
105642,03-05-2024,Dublin,Electronics,Smart Home,476.84,1,0.2,28.48
104927,10/12/2025,Limerick,Grocery,Beverages,22.68,1,0.1,
100588,10/10/2024,Galway,Grocery,Beverages,8.15,1,0,2.4
105301,09-09-2025,Cork,Electronics,Mobile Accessories,308.25,1,0.1,102.09
103896,2024-05-25,Limerick,Clothing,Womenswear,47.1,2,0.1,14.26
100843,30/10/2024,Dublin,Clothing,Womenswear,91.9,1,0.15,16.58
100762,01-10-2025,Galway,Clothing,Footwear,68.16,2,0,23.3
103760,2025-05-22,Galway,Homeware,Kitchenware,457.94,2,0.1,121.01
101687,23/10/2024,Dublin,Electronics,TVs,1071.29,4,0,358.32
105635,2024-08-24,Cork,Grocery,Fresh Produce,38.86,2,0.15,11.5
102089,22/07/2025,Cork,Grocery,Beverages,84.2,4,0.1,
104552,23/09/2024,Galway,Electronics,Smart Home,284.99,1,0.1,73.55
103712,26/08/2025,Limerick,Grocery,Dairy,15.92,1,0.05,4.21
105740,2025-09-06,Galway,Electronics,Mobile Accessories,1205.52,2,0.15,219.47
102808,01/08/2024,Dublin,Clothing,Accessories,144.63,4,0.1,37.5
101058,18-02-2025,Cork,Homeware,Bedding,508.2,2,0,145.17
105952,23/04/2025,Cork,Electronics,Laptops,219.59,1,0.15,30.65
104330,2025-03-08,Cork,Homeware,Storage,201.03,1,0.15,45.4
104159,2024-02-24,Galway,Electronics,Laptops,1142.76,2,0.2,254.46
106386,22-03-2024,Cork,Electronics,Laptops,543.18,2,0,187.32
102895,21-01-2025,Dublin,Homeware,Kitchenware,315.74,4,0.2,61.12
103962,11/10/2024,Dublin,Homeware,Kitchenware,117.44,2,0,40.75
102991,14-12-2025,Dublin,Electronics,Headphones,1026.89,2,0.1,300.97
105865,18-06-2025,Limerick,Grocery,Fresh Produce,39.06,3,0,15.06
106461,04/10/2025,Dublin,Clothing,Womenswear,186.06,3,0,47.26
106494,20/12/2024,Cork,Homeware,Bedding,1226.86,3,0.15,128.62
100419,2025-08-02,Limerick,Homeware,Lighting,240.01,1,0,71.45
100550,15-02-2024,Galway,Electronics,Mobile Accessories,316.8,1,0,109.58
100386,20-07-2025,Limerick,Clothing,Accessories,95.48,1,0.15,17.6
103604,2025-08-24,Cork,Homeware,Lighting,166.55,1,0.05,53.41
100394,25/01/2025,Dublin,Grocery,Dairy,13.94,3,0,5.71
103608,04-08-2025,Dublin,Homeware,Storage,167.13,2,0.2,27.33
101554,05/03/2025,Cork,Electronics,Smart Home,80.24,1,0.15,19.16
100442,09-10-2024,Galway,Grocery,Snacks,17.41,1,0.1,6.04
106440,09/01/2025,Dublin,Electronics,Laptops,570.99,1,0,161.62
103446,15-08-2025,Dublin,Electronics,Smart Home,881.82,2,0,277.87
105222,2024-02-26,Dublin,Homeware,Furniture,99.06,1,0,42.87
105266,2025-02-09,Limerick,Clothing,Womenswear,45.32,1,0,12.42
103397,05/08/2025,Limerick,Clothing,Kidswear,305.42,4,0.15,54.38
103008,2024-09-19,Dublin,Grocery,Beverages,27.67,1,0,7.09
102134,17-07-2025,Limerick,Grocery,Snacks,34.91,1,0,11.05
102870,30/09/2024,Cork,Electronics,Mobile Accessories,197.88,3,0.2,22.28
103430,18-10-2024,Limerick,Clothing,Kidswear,25.23,1,0.2,5.49
103473,03-10-2025,Cork,Electronics,Mobile Accessories,1260.01,4,0,438.48
100312,26-06-2025,Dublin,Homeware,Bedding,134.69,3,0,53.43
105925,2025-10-14,Cork,Homeware,Furniture,194.06,2,0.1,54.6
101280,28/12/2024,Cork,Homeware,Storage,726.26,2,0,210.58
104994,2025-05-23,Galway,Homeware,Furniture,147.36,3,0,54.18
101256,2025-08-13,Dublin,Homeware,Bedding,97.22,1,0,33.38
103399,2025-05-16,Galway,Grocery,Dairy,19.07,1,0.05,5.91
103778,2024-06-22,Dublin,Clothing,Womenswear,57.89,1,0.2,4.28
104504,17/10/2025,Cork,Homeware,Bedding,279.56,2,0.2,34.17
102380,2024-07-27,Galway,Clothing,Kidswear,10.89,1,0.1,2.05
102068,02/05/2024,Dublin,Grocery,Beverages,120.99,3,0.2,23.49
101259,2024-02-20,Cork,Clothing,Womenswear,62.06,2,0.1,11.61
103322,2024-10-28,Cork,Grocery,Dairy,90.3,3,0.2,16.7
102890,03/02/2024,Dublin,Grocery,Snacks,67.11,4,0,26.98
101241,18/11/2024,Cork,Clothing,Accessories,145.82,2,0,43.39
101033,19-08-2024,Limerick,Clothing,Footwear,44.2,1,0.15,5.98
105442,12/11/2024,Dublin,Homeware,Bedding,1380.51,3,0,347.67
105148,2025-04-04,Cork,Clothing,Menswear,55.86,2,0.1,13.17
100539,2025-10-09,Cork,Homeware,Storage,77.49,1,0,34.85
101247,10/08/2025,Dublin,Electronics,Smart Home,348.52,2,0.1,68.81
103053,01-04-2025,Limerick,Clothing,Accessories,221.96,2,0.15,39.12
106168,2025-05-23,Dublin,Clothing,Womenswear,44.96,1,0.2,7.73
103496,2024-10-03,Galway,Clothing,Menswear,271.2,4,0.2,49.93
102343,23-03-2025,Cork,Grocery,Fresh Produce,26.94,1,0.1,4.58
101293,2025-09-13,Cork,Clothing,Menswear,150.78,2,0.2,13.76
103086,21-07-2024,Dublin,Clothing,Menswear,77.56,3,0.05,23.41
100391,30-06-2025,Dublin,Clothing,Menswear,76.53,1,0.05,28.39
104710,12-02-2024,Cork,Grocery,Beverages,25.79,1,0.15,6.54
100985,22-07-2024,Dublin,Homeware,Furniture,931.87,4,0.15,
100292,2025-11-21,Galway,Homeware,Storage,60.14,4,0.2,14.89
100225,23/08/2024,Dublin,Homeware,Lighting,497.62,3,0,198.32
103665,23-08-2025,Cork,Clothing,Womenswear,92.72,3,0,35.73
104183,17/02/2024,Dublin,Grocery,Fresh Produce,41.73,1,0.15,11.37
105530,2024-02-18,Dublin,Homeware,Bedding,145.44,1,0,47.3
101215,30/03/2025,Limerick,Homeware,Lighting,155.06,1,0.2,20.03
102566,11-10-2025,Cork,Clothing,Womenswear,107.28,1,0.2,6.39
100104,28/07/2025,Dublin,Homeware,Kitchenware,446.82,2,0.15,107.04
101375,2025-11-30,Dublin,Homeware,Kitchenware,89.74,2,0,24.18
100650,11-05-2025,Dublin,Homeware,Kitchenware,168.31,2,0,47.75
103549,10-09-2024,Limerick,Electronics,Headphones,1544.88,3,0.1,516.19
104618,06/06/2024,Cork,Homeware,Storage,347.02,2,0,119.38
101337,2024-10-18,Limerick,Grocery,Fresh Produce,74.21,2,0.2,5.41
106156,01/07/2024,Cork,Clothing,Kidswear,77.21,1,0,24.61
104349,24-05-2024,Dublin,Homeware,Storage,551.07,3,0.05,218.81
105829,30-09-2024,Dublin,Grocery,Dairy,51.98,4,0.2,7.67
102262,27/10/2024,Limerick,Grocery,Beverages,41.0,1,0.1,9.36
105774,11/03/2024,Galway,Clothing,Accessories,188.08,2,0.05,52.28
102107,2024-03-23,Galway,Electronics,Laptops,251.0,1,0.05,51.46
103507,2024-09-15,Cork,Clothing,Accessories,24.05,1,0,7.61
104153,30-09-2025,Dublin,Electronics,Headphones,1588.52,3,0.1,353.06
105473,10-06-2025,Galway,Homeware,Storage,162.33,1,0,41.13
103904,24/04/2025,Galway,Homeware,Lighting,15.17,1,0.15,2.89
106409,07/12/2025,Dublin,Homeware,Lighting,265.65,1,,98.91
100763,23-10-2025,Dublin,Homeware,Kitchenware,809.05,4,0.2,87.8
101047,29-05-2025,Galway,Homeware,Kitchenware,216.83,1,0.15,56.52
104684,14-12-2024,Dublin,Electronics,Headphones,382.13,1,0.15,68.14
100895,2025-12-12,Dublin,Grocery,Dairy,36.14,1,0.15,10.13
104765,30-09-2025,Dublin,Electronics,Smart Home,456.57,1,0.1,125.2
104999,2024-09-01,Galway,Electronics,Smart Home,99.27,1,0,26.59
102921,2024-01-26,Limerick,Clothing,Footwear,8.44,1,0.05,2.56
101914,23/12/2024,Cork,Clothing,Kidswear,333.87,2,0.15,69.71
106438,2025-01-08,Dublin,Clothing,Kidswear,396.89,4,0.1,77.75
101151,2025-12-11,Dublin,Clothing,Kidswear,59.92,2,0.05,16.84
102431,26/01/2024,Dublin,Grocery,Bakery,41.35,1,0,14.23
104268,02-06-2024,Galway,Homeware,Furniture,159.2,4,0,58.58
100196,2024-04-01,Cork,Homeware,Storage,896.88,4,0,239.78
101195,06-02-2024,Cork,Grocery,Fresh Produce,44.38,2,0,18.42
103287,2025-06-20,Cork,Grocery,Bakery,26.38,1,0,7.24
100493,15-02-2025,Cork,Homeware,Storage,599.1,2,0,161.46
104675,15-07-2025,Dublin,Electronics,Headphones,1076.03,4,0,362.51
104605,29/08/2024,Galway,Grocery,Beverages,20.53,1,0,8.51
102348,28-11-2025,Dublin,Electronics,TVs,3877.4,4,0.2,899.3
102541,29-08-2025,Limerick,Clothing,Womenswear,34.42,1,0.2,8.37
102452,2024-11-30,Limerick,Homeware,Furniture,839.94,2,0.1,244.06
105208,03/10/2024,Dublin,Grocery,Snacks,51.84,2,0.15,15.04
104921,2024-01-18,Galway,Homeware,Storage,427.38,2,0,187.4
100792,24-02-2025,Dublin,Electronics,Smart Home,1218.77,4,0.05,273.02
104264,21-08-2024,Dublin,Electronics,Smart Home,588.72,1,0.15,149.42
100426,09-08-2025,Dublin,Homeware,Furniture,542.53,2,0.05,151.98
102483,01-05-2024,Cork,Grocery,Bakery,83.25,3,0,22.14
105397,12-06-2025,Galway,Clothing,Womenswear,93.92,4,0.05,20.8
103238,27-04-2024,Cork,Homeware,Bedding,73.78,2,0.1,11.95
101419,2025-11-19,Galway,Clothing,Accessories,150.3,2,0,49.53
101541,16-03-2025,Dublin,Clothing,Womenswear,115.46,1,0,48.81
101669,20/08/2025,Cork,Clothing,Accessories,48.9,1,0.2,10.59
104002,25-03-2025,Dublin,Homeware,Furniture,84.55,1,0,30.58
101662,2025-06-08,Galway,Electronics,Headphones,1192.36,2,0.05,437.64
106086,01/09/2025,Cork,Clothing,Menswear,141.24,2,0.15,38.57
101638,2024-01-15,Galway,Electronics,Smart Home,1167.84,2,0.1,215.51
100714,18/04/2024,Galway,Homeware,Kitchenware,134.04,4,0.15,22.53
102513,18-03-2024,Galway,Grocery,Bakery,65.55,3,0,25.9
105509,05/07/2024,Galway,Homeware,Bedding,533.76,3,0,211.57
101066,2025-08-17,Dublin,Clothing,Menswear,50.95,4,0.15,13.66
104848,21/12/2024,Cork,Homeware,Lighting,172.98,2,0,63.82
106185,08-03-2025,Galway,Electronics,Smart Home,1151.56,2,0.05,449.31
101742,2024-01-12,Dublin,Grocery,Fresh Produce,19.17,1,0,6.4
105288,2025-08-30,Limerick,Electronics,Laptops,1086.99,3,0,338.83
102806,12-05-2025,Galway,Homeware,Kitchenware,220.34,2,0.05,48.14
102555,01/11/2025,Dublin,Homeware,Lighting,447.66,1,0.1,142.45
100625,2024-05-05,Cork,Grocery,Snacks,102.4,4,0.15,11.36
104236,16-07-2024,Dublin,Grocery,Dairy,56.34,3,0.05,12.21
104592,2024-10-20,Dublin,Electronics,Mobile Accessories,1850.61,3,0.15,439.94
103351,2024-05-19,Dublin,Clothing,Womenswear,33.12,1,0,11.81
103354,29/11/2024,Galway,Clothing,Footwear,340.16,3,0.2,18.31
104266,28/05/2024,Cork,Grocery,Beverages,55.62,2,0.05,11.69
106145,14-07-2024,Limerick,Electronics,Headphones,1850.91,3,0.05,450.7
101864,17/03/2025,Dublin,Homeware,Furniture,213.15,1,0.15,54.37
103079,17/12/2024,Dublin,Electronics,Mobile Accessories,1010.18,1,0.1,217.96
103697,2025-04-04,Dublin,Homeware,Lighting,624.59,2,0.2,132.59
103552,18-01-2025,Galway,Clothing,Footwear,21.66,1,0,6.45
102778,17-03-2024,Dublin,Electronics,TVs,1460.78,4,0,609.15
102066,2025-07-30,Limerick,Electronics,Smart Home,320.24,2,0,131.97
103831,2025-04-26,Cork,Clothing,Kidswear,98.96,4,0.15,18.73
103184,2025-10-30,Dublin,Electronics,Smart Home,141.17,2,0,62.64
104059,2025-05-02,Galway,Electronics,Laptops,183.85,1,0.15,19.1
104127,30/08/2025,Dublin,Grocery,Dairy,97.98,4,0,39.17
101468,25/01/2024,Galway,Homeware,Kitchenware,564.6,4,0,210.16
105053,19/05/2025,Dublin,Clothing,Kidswear,230.07,2,0,63.73
102057,2025-10-30,Dublin,Clothing,Womenswear,40.57,4,0,17.72
105149,11/09/2025,Galway,Clothing,Footwear,177.58,2,0,
102969,01-03-2025,Galway,Homeware,Kitchenware,529.56,4,0.05,146.98
106237,11/08/2025,Cork,Grocery,Dairy,26.74,1,0,8.78
105006,01-09-2024,Cork,Clothing,Womenswear,277.8,4,0.2,44.39
102454,2024-11-17,Dublin,Clothing,Womenswear,127.75,3,0.1,29.59
100012,27-04-2024,Galway,Grocery,Beverages,12.48,2,0,4.48
101304,2024-01-27,Cork,Homeware,Bedding,527.58,2,,72.65
102378,14-06-2024,Limerick,Electronics,TVs,880.5,2,0.1,211.0
104495,2024-09-13,Dublin,Homeware,Storage,16.97,1,0,5.35
106349,01-06-2025,Cork,Grocery,Snacks,31.89,3,0.05,10.41
102581,20-08-2024,Limerick,Homeware,Lighting,622.27,4,0.15,101.22
104171,07/01/2024,Dublin,Electronics,Smart Home,181.92,1,0,51.53
106334,04/02/2025,Limerick,Homeware,Furniture,758.36,4,0.1,159.8
100498,03/11/2024,Dublin,Clothing,Accessories,535.16,3,0,163.38
102502,2024-10-25,Galway,Electronics,Smart Home,40.14,1,0.15,7.14
105289,25/01/2025,Cork,Homeware,Lighting,135.31,1,0,50.04
103070,2025-07-08,Galway,Grocery,Bakery,39.82,2,0.05,10.04
101740,05-11-2025,Galway,Clothing,Womenswear,57.12,1,0.1,9.41
105243,04/07/2025,Cork,Grocery,Dairy,26.84,2,0.1,8.5
105196,2024-02-18,Galway,Clothing,Menswear,73.45,1,0,23.85
102311,03/06/2024,Limerick,Clothing,Footwear,60.35,1,0,15.82
103806,23-06-2025,Cork,Electronics,Smart Home,1060.29,4,0.05,265.61
104642,16/09/2025,Dublin,Homeware,Kitchenware,614.1,3,0,234.55
106116,04-01-2024,Dublin,Homeware,Storage,126.21,1,0.05,33.73
104442,02/04/2024,Cork,Clothing,Accessories,215.8,2,0,74.99
106004,02/08/2024,Cork,Clothing,Footwear,128.88,3,0.1,24.95
104549,23/04/2025,Cork,Homeware,Bedding,391.88,4,0.1,105.72
105421,30/11/2025,Cork,Clothing,Kidswear,137.38,3,0.15,34.63
102727,2024-02-06,Dublin,Clothing,Kidswear,89.95,1,0.05,21.49
101841,2025-07-07,Cork,Clothing,Accessories,36.37,1,0,9.92
104202,2024-01-21,Dublin,Grocery,Fresh Produce,58.14,2,0.2,3.7
105474,20-12-2024,Dublin,Clothing,Footwear,124.4,1,0,43.24
100373,29-01-2025,Galway,Clothing,Footwear,322.68,4,0,137.91
105845,21/07/2024,Galway,Clothing,Footwear,366.72,4,0,95.76
105253,06/08/2024,Galway,Homeware,Bedding,683.76,3,0,279.02
103553,23-06-2024,Cork,Grocery,Bakery,25.86,1,0,7.88
101070,2025-06-25,Galway,Homeware,Kitchenware,536.43,3,0.15,150.61
100301,2025-02-06,Galway,Grocery,Beverages,19.2,1,0,5.02
102200,26-04-2025,Cork,Clothing,Accessories,97.1,2,0.2,23.66
105606,15/09/2024,Galway,Homeware,Lighting,442.74,2,0.05,125.61
105833,2025-10-09,Dublin,Clothing,Kidswear,543.9,4,0.2,33.03
106309,2024-12-05,Dublin,Electronics,Headphones,612.07,1,0.15,99.61
106332,2024-04-09,Cork,Electronics,TVs,632.65,2,0,229.15
102298,23-04-2025,Cork,Grocery,Snacks,20.04,3,0,5.98
105857,15-07-2025,Cork,Clothing,Footwear,202.8,2,0.1,54.15
105623,04/09/2024,Galway,Grocery,Snacks,119.72,4,0.05,34.58
101889,05/02/2024,Dublin,Homeware,Lighting,219.09,1,0.15,58.97
104576,03-05-2024,Cork,Homeware,Storage,364.28,4,0.1,105.58
101350,30/12/2025,Dublin,Homeware,Storage,371.56,2,0.1,65.96
104637,29-01-2025,Dublin,Electronics,TVs,648.16,1,0.2,51.66
100537,13/12/2025,Dublin,Electronics,Headphones,1845.54,3,0.1,281.56
104701,2025-01-27,Cork,Clothing,Kidswear,211.68,2,0.1,36.08
106121,23/10/2025,Dublin,Electronics,TVs,383.0,2,0,144.1
104248,2025-03-24,Galway,Homeware,Storage,256.14,2,0.1,78.45
100766,24/11/2024,Dublin,Electronics,Smart Home,907.61,1,,329.1
102106,28-03-2025,Limerick,Clothing,Accessories,230.0,4,0.2,45.1
106397,02/02/2024,Limerick,Clothing,Accessories,66.13,1,0.15,8.59
103232,19/06/2025,Galway,Grocery,Dairy,16.84,1,0.05,6.13
106153,22-08-2024,Cork,Grocery,Beverages,13.44,1,0,5.79
104190,03/07/2025,Limerick,Electronics,Smart Home,1190.74,2,0,493.2
103807,02-02-2025,Limerick,Grocery,Snacks,88.06,3,0,31.84
106027,2024-10-18,Galway,Clothing,Womenswear,9.91,1,0.1,2.04
105331,2024-12-22,Limerick,Electronics,Mobile Accessories,450.03,1,0.15,85.08
101166,27-12-2025,Dublin,Grocery,Dairy,12.27,3,0.05,3.89
103290,10/10/2024,Galway,Electronics,Smart Home,163.38,1,0,
101804,05/04/2025,Dublin,Grocery,Beverages,13.94,1,0,3.98
104866,2025-08-11,Dublin,Grocery,Snacks,13.2,3,0,4.59
100414,10/10/2024,Galway,Homeware,Furniture,529.18,2,0.05,173.7
104290,27-01-2025,Limerick,Homeware,Bedding,443.5,2,0.15,82.0
101625,2025-02-02,Dublin,Electronics,Headphones,2511.92,4,0.05,751.62
105042,02-06-2024,Galway,Grocery,Fresh Produce,23.56,1,0.2,5.25
102588,29/01/2025,Dublin,Homeware,Kitchenware,936.84,4,0.05,304.56
105636,2024-11-25,Dublin,Electronics,Laptops,600.85,1,0,158.22
100953,11-12-2025,Limerick,Grocery,Bakery,163.7,3,0,61.12
101660,18/04/2024,Cork,Clothing,Kidswear,146.91,3,0.05,43.52
103145,2024-03-07,Galway,Clothing,Menswear,167.24,2,0.2,21.92
100977,2024-02-28,Galway,Homeware,Storage,49.2,4,0,19.28
103816,14/07/2025,Dublin,Homeware,Lighting,214.03,1,0,55.01
103618,27/11/2025,Limerick,Grocery,Fresh Produce,73.15,2,0.1,15.26
103619,2024-11-02,Dublin,Homeware,Bedding,843.51,2,0,287.73
105487,06/12/2024,Dublin,Clothing,Kidswear,60.1,1,0,
102199,21-03-2025,Dublin,Homeware,Kitchenware,141.27,1,0.2,27.19
100975,2025-08-05,Cork,Grocery,Beverages,58.62,4,0.1,9.76
100578,18-12-2025,Dublin,Homeware,Storage,418.57,1,0,107.38
103018,19-11-2024,Dublin,Grocery,Snacks,96.41,2,0.05,23.34
104125,2025-11-08,Dublin,Homeware,Kitchenware,924.9,3,0,272.5
100530,02-06-2024,Dublin,Homeware,Bedding,268.02,1,0.05,90.69
103656,18-05-2024,Galway,Homeware,Storage,171.6,1,0.15,25.44
106101,03-11-2024,Dublin,Homeware,Bedding,513.3,2,0.1,155.82
105033,2025-12-24,Cork,Clothing,Menswear,188.3,2,0.2,29.79
106100,04-09-2025,Dublin,Grocery,Beverages,42.95,1,0,15.74
103200,2025-08-19,Dublin,Electronics,Smart Home,73.96,1,0,21.26
104697,28/12/2024,Dublin,Clothing,Footwear,28.09,1,0.05,6.29
102818,03/09/2025,Dublin,Clothing,Menswear,37.34,1,0.05,9.1
101098,2024-08-26,Dublin,Electronics,Laptops,1770.37,4,0.05,502.82
103490,04/09/2024,Limerick,Clothing,Kidswear,120.6,4,0,45.73
100841,15-09-2025,Limerick,Clothing,Footwear,195.69,3,0,68.36
100802,2024-08-12,Limerick,Homeware,Furniture,217.41,1,0,89.31
105884,28/08/2025,Cork,Clothing,Accessories,302.33,4,0,80.71
105844,31-05-2024,Galway,Homeware,Kitchenware,79.19,1,0.15,23.45
106091,2025-01-20,Dublin,Homeware,Bedding,523.02,2,0.15,57.0
104427,2024-07-07,Galway,Electronics,Mobile Accessories,291.06,1,0,96.42
102586,21/08/2025,Dublin,Electronics,Headphones,315.63,1,0,89.71
104010,2024-06-26,Galway,Clothing,Menswear,173.92,2,0,55.31
106192,24/08/2025,Cork,Clothing,Menswear,394.91,4,0.15,68.38
105725,18-08-2025,Dublin,Homeware,Furniture,501.99,2,0,132.42
101558,2025-11-28,Limerick,Clothing,Womenswear,45.81,1,0,17.22
102234,29-01-2025,Limerick,Homeware,Lighting,127.78,1,0,
101056,2024-06-07,Dublin,Grocery,Fresh Produce,75.0,2,,19.49
101503,14-03-2024,Galway,Grocery,Bakery,8.94,2,0.2,1.77
106445,10-12-2024,Galway,Homeware,Furniture,55.52,1,0,15.31
104021,18/02/2025,Cork,Clothing,Accessories,31.43,1,0,12.94
101248,2025-12-07,Dublin,Electronics,Mobile Accessories,1003.43,1,0.2,161.38
102012,10/12/2024,Limerick,Electronics,Mobile Accessories,304.95,1,0,109.89
105801,07-02-2025,Dublin,Clothing,Footwear,155.07,4,0,64.05
103652,26-11-2024,Limerick,Homeware,Kitchenware,264.61,1,0.15,48.26
102265,2025-11-04,Dublin,Grocery,Fresh Produce,39.22,2,0,10.03
100167,29/11/2025,Limerick,Grocery,Beverages,97.31,2,0.1,28.41
104175,2024-02-12,Galway,Clothing,Menswear,30.36,2,0.15,3.93
104974,21-12-2024,Cork,Homeware,Lighting,869.34,4,0,383.05
105655,2025-11-22,Dublin,Clothing,Accessories,434.31,3,0.2,68.75
101851,05/06/2025,Dublin,Grocery,Fresh Produce,62.05,2,0,25.84
101617,03-03-2025,Limerick,Electronics,Smart Home,133.7,1,0,45.15
101347,17/08/2024,Dublin,Homeware,Lighting,293.01,1,0,88.49
100093,29-05-2024,Dublin,Clothing,Accessories,97.01,1,0,40.26
103431,13/02/2024,Dublin,Grocery,Beverages,42.69,2,0.1,6.74
104852,10/06/2025,Dublin,Homeware,Lighting,364.0,2,0.2,44.73
103062,2024-12-26,Dublin,Electronics,Headphones,171.13,1,0,58.4
100227,2025-06-20,Dublin,Electronics,Headphones,1156.23,2,0,325.47
100898,2025-10-06,Galway,Homeware,Furniture,520.38,3,0.2,76.87
103973,2025-09-07,Dublin,Electronics,Headphones,82.25,2,0.1,24.98
101798,2025-08-28,Cork,Grocery,Snacks,57.92,2,0.05,12.78
101178,23-09-2025,Cork,Clothing,Footwear,61.04,1,0,18.64
104187,11-01-2024,Dublin,Electronics,Mobile Accessories,186.85,1,0.1,47.74
100478,15/11/2024,Limerick,Homeware,Kitchenware,632.72,2,0.1,206.0
105172,2025-07-03,Galway,Clothing,Menswear,63.38,2,0,28.25
104822,2024-09-25,Dublin,Clothing,Womenswear,266.09,2,0,113.97
104368,20/03/2025,Galway,Homeware,Furniture,76.32,1,0,33.93
106469,24-10-2025,Limerick,Electronics,TVs,513.17,1,0.1,124.64
101157,03/09/2024,Cork,Clothing,Footwear,87.1,1,0,24.59
103433,2024-11-30,Limerick,Electronics,Smart Home,308.15,1,0.15,53.05
106079,25-08-2024,Cork,Clothing,Accessories,276.45,3,0.1,96.38
103940,06-07-2024,Limerick,Clothing,Menswear,13.56,1,0.1,4.08
101300,2025-01-26,Dublin,Clothing,Kidswear,105.2,2,0,31.46
105657,27/12/2024,Dublin,Grocery,Bakery,49.38,1,0.05,18.61
101667,28/08/2025,Cork,Electronics,TVs,225.71,1,0.2,34.85
104201,14/05/2025,Dublin,Homeware,Kitchenware,217.88,1,0,60.0
103368,2024-06-07,Dublin,Homeware,Kitchenware,429.59,2,0,171.93
104869,06-03-2025,Cork,Grocery,Beverages,102.24,4,0.1,34.25
104900,04-05-2024,Cork,Homeware,Storage,96.77,1,0,37.5
100544,17/06/2025,Dublin,Grocery,Dairy,25.71,1,0.1,5.47
102852,04-03-2025,Limerick,Electronics,Headphones,379.77,1,0.1,127.92
105558,2024-08-17,Dublin,Clothing,Accessories,13.17,1,0.1,4.24
104464,2025-03-10,Dublin,Electronics,Mobile Accessories,349.76,3,0,134.76
100830,2025-01-25,Dublin,Clothing,Womenswear,60.29,1,0,25.75
105821,2025-04-13,Limerick,Clothing,Womenswear,19.22,1,0,6.68
105648,23-09-2024,Dublin,Grocery,Beverages,13.55,1,0,4.8
102175,2025-05-23,Dublin,Electronics,Smart Home,718.45,2,0,283.38
102445,05/10/2025,Galway,Grocery,Snacks,57.45,3,0.05,20.59
104155,2025-09-05,Limerick,Grocery,Snacks,88.22,2,0,38.01
104735,06/12/2025,Galway,Homeware,Storage,143.08,1,0.2,11.53
105008,20/03/2024,Cork,Homeware,Lighting,264.68,4,0.05,54.41
103953,2024-08-12,Dublin,Clothing,Footwear,76.19,2,0.05,15.63
102251,2024-02-20,Cork,Clothing,Footwear,48.88,2,0.15,7.36
102933,26-01-2024,Dublin,Homeware,Furniture,523.32,2,0,193.56
100673,25-10-2025,Dublin,Electronics,Headphones,653.3,1,0,271.8
103519,15/08/2025,Dublin,Grocery,Fresh Produce,3.48,1,0.05,1.39
104602,16-05-2025,Dublin,Homeware,Storage,262.45,1,0,85.5
102635,19/06/2024,Galway,Electronics,Laptops,426.88,1,0.05,164.19
102272,2024-12-12,Dublin,Clothing,Kidswear,413.01,3,0.1,127.48
101364,19-03-2025,Dublin,Grocery,Snacks,31.12,1,,10.7
105874,19-07-2024,Dublin,Electronics,Laptops,2456.22,4,0.1,431.44
105541,07-07-2025,Dublin,Homeware,Bedding,323.13,1,0,119.72
105230,20/03/2024,Galway,Electronics,TVs,371.56,2,0.1,64.29
100912,06-07-2025,Limerick,Electronics,Mobile Accessories,211.99,1,0,86.36
100791,04/11/2024,Cork,Clothing,Menswear,27.16,1,0.1,9.22
101190,12-01-2024,Cork,Clothing,Footwear,94.39,1,0.05,32.87
101794,02/04/2025,Cork,Electronics,Smart Home,449.7,2,0,132.89
100231,2025-01-17,Limerick,Clothing,Accessories,105.72,3,0,41.23
106381,2024-05-07,Galway,Electronics,Headphones,464.6,2,0.2,86.43
103495,19-11-2024,Galway,Electronics,Headphones,763.45,1,0.15,181.29
101749,23-10-2024,Dublin,Clothing,Footwear,236.09,2,0.2,24.07
103771,13/11/2024,Dublin,Homeware,Storage,603.59,2,0.1,184.96
103204,2024-01-27,Dublin,Grocery,Snacks,21.46,2,0,9.2
103434,14-07-2024,Galway,Electronics,TVs,434.14,1,0,178.81
103143,2025-04-28,Galway,Clothing,Footwear,144.52,2,0,45.97
104520,23-11-2024,Cork,Grocery,Snacks,52.36,1,0.2,2.9
103937,19-07-2024,Limerick,Clothing,Womenswear,75.69,1,0,26.75
102747,2025-06-16,Galway,Clothing,Menswear,459.8,4,0.15,57.54
101907,2024-06-21,Cork,Homeware,Kitchenware,122.48,4,0.15,24.59
102761,14-04-2024,Dublin,Clothing,Accessories,31.71,1,0.15,9.5
103396,2025-08-30,Galway,Homeware,Kitchenware,383.15,4,0.2,86.58
106035,30-07-2024,Limerick,Clothing,Footwear,199.86,3,0.15,44.63
104447,18-11-2024,Cork,Grocery,Fresh Produce,11.0,2,0,3.24
104038,27-06-2024,Limerick,Grocery,Beverages,4.09,1,0.1,0.88
105228,2025-08-10,Dublin,Electronics,Mobile Accessories,576.49,1,0,192.22
105598,01/10/2024,Cork,Clothing,Kidswear,30.8,1,0,12.04
106017,30-03-2024,Galway,Electronics,Smart Home,1706.56,4,0.05,678.3
106173,22-03-2024,Cork,Electronics,Headphones,1180.56,4,0,296.6
102787,2024-04-09,Galway,Grocery,Fresh Produce,20.26,2,0,7.05
106291,21-08-2024,Cork,Homeware,Kitchenware,53.75,2,0.15,9.45
101477,08/09/2024,Cork,Electronics,Laptops,138.93,2,0.2,33.56
100262,19/06/2024,Cork,Homeware,Bedding,202.46,2,0.1,68.69
101787,29/04/2024,Dublin,Homeware,Bedding,307.97,1,0,95.98
103465,08/03/2024,Limerick,Electronics,Mobile Accessories,552.16,1,0,247.15
102266,2024-12-28,Cork,Grocery,Beverages,31.78,1,0.15,4.85
